CustomerID,Age,Balance,Satisfaction,CommunicationType,CallDuration,PreviousLoans,CustomerSegment,MonthlyTransactions,Subscribe
1,56,0.5739751750317419,1,1,220,1,0,38,1
2,69,0.6374046122611835,3,0,400,2,1,5,0
3,46,0.5567092565528539,10,2,59,3,0,13,0
4,32,0.7382955104783077,7,2,131,3,0,98,1
5,60,0.3356092442409013,6,1,392,0,0,25,1
6,25,0.7651065916331309,6,0,580,0,0,86,1
7,38,0.43276708170819367,7,2,13,0,0,26,0
8,56,0.4841844983225968,8,2,434,3,1,94,1
9,36,0.6481021272610714,3,2,473,3,1,80,1
10,40,0.01835838399922396,3,2,150,1,0,35,1
11,28,0.6539942214202483,10,0,469,4,1,41,1
12,28,0.6185851490721154,8,2,410,0,0,52,1
13,41,0.3098471167532799,7,2,344,1,0,6,1
14,70,0.08579428489948948,10,0,195,1,0,20,0
15,53,0.09093544991304114,5,1,543,2,0,54,0
16,57,0.9232237469852286,4,1,72,1,1,27,1
17,41,0.6892793212258371,6,2,193,0,0,10,1
18,20,0.1271026137707404,9,1,561,4,0,65,1
19,39,0.35672316930890635,6,0,568,1,0,40,1
20,70,0.5924829939015964,8,2,191,3,1,26,1
21,19,0.8355717050906487,1,0,429,3,1,66,1
22,41,0.04366092871300853,6,1,500,1,0,15,0
23,61,0.23663313147000886,2,1,216,0,0,89,0
24,47,0.88974899029538,3,2,484,4,1,81,1
25,55,0.009165550183816484,6,1,359,4,0,49,0
26,19,0.2013991027938874,2,2,308,0,0,86,0
27,38,0.959024175972966,4,2,420,3,0,60,0
28,50,0.6134018465221711,6,0,580,3,0,49,1
29,29,0.26167136663750645,5,1,410,2,0,48,1
30,39,0.0669910943958476,6,1,516,1,1,98,1
31,61,0.028191340447222157,6,2,242,1,0,92,0
32,42,0.24474507963692727,8,2,171,3,0,5,1
33,66,0.8814858195889105,9,2,459,1,0,32,1
34,44,0.4159136542975095,5,2,364,0,0,8,1
35,59,0.720333369165993,6,0,77,4,2,8,0
36,45,0.9182850353799578,6,1,568,2,0,82,0
37,33,0.4080404616028166,6,0,489,0,0,79,1
38,32,0.19127737103739706,2,1,531,0,0,91,1
39,64,0.5171179308569195,4,0,525,0,1,80,0
40,68,0.9080836870598544,1,2,205,1,2,62,1
41,61,0.8043744141377006,1,0,290,4,0,46,1
42,72,0.06582984336315378,1,0,503,2,1,72,0
43,69,0.6925728000775818,7,2,553,3,0,69,1
44,74,0.5718975224589538,1,2,427,0,0,44,1
45,20,0.9074631763464255,6,1,470,0,0,78,1
46,54,0.12248141685029723,2,1,512,0,2,11,1
47,68,0.5340361132046566,6,0,323,3,1,6,0
48,24,0.8794626935118923,6,0,254,1,0,91,1
49,38,0.410023786741743,3,0,589,1,2,38,1
50,26,0.48199491773286707,8,2,50,4,0,55,1
51,56,0.0704606776669583,4,1,99,1,0,16,0
52,35,0.2781436404489108,7,0,463,1,0,60,1
53,21,0.32450664916894734,4,1,498,2,2,80,1
54,42,0.9451224487448869,1,1,236,2,0,20,1
55,31,0.28266736054115904,6,2,471,1,1,12,0
56,67,0.460868735269652,5,2,397,2,2,46,0
57,26,0.6713044235642798,9,0,156,4,0,10,1
58,43,0.1621833724078774,9,0,297,1,0,83,1
59,70,0.4864423871418745,8,0,13,2,0,53,1
60,19,0.7385390394759076,7,0,115,3,1,15,0
61,37,0.866855213027066,2,0,138,2,0,66,0
62,45,0.6262592746624267,8,1,74,2,0,34,0
63,64,0.6690535153169479,3,1,359,3,0,14,1
64,24,0.12628347258456896,6,2,23,4,0,91,1
65,61,0.9457764972463472,10,2,405,3,0,22,1
66,25,0.13257407748448236,7,1,566,4,1,66,0
67,64,0.7746729371817983,6,2,325,3,0,13,0
68,52,0.2648163217783188,5,2,333,4,0,77,1
69,31,0.9335931437012516,4,0,328,4,0,10,0
70,34,0.7199595393694795,2,2,299,0,1,84,1
71,53,0.753813712978369,9,2,88,0,0,80,1
72,67,0.21905917305988332,7,2,14,2,1,6,1
73,57,0.4430399766351608,7,1,300,3,0,85,1
74,21,0.6178131945892864,4,1,317,4,0,30,0
75,19,0.7699736182066009,5,0,177,0,1,13,1
76,23,0.10395937591238957,6,2,461,2,1,9,1
77,71,0.9623653164545284,2,1,268,2,1,96,1
78,59,0.890220670554556,4,0,104,2,0,98,1
79,21,0.27034859049558435,4,2,516,0,0,21,0
80,71,0.822760243032332,4,0,338,1,0,66,0
81,46,0.5183239230398234,7,0,391,2,0,51,1
82,35,0.46180648156201864,7,2,140,1,0,43,1
83,43,0.3144341058114054,7,1,168,1,0,63,0
84,61,0.5809685866315925,7,2,16,1,0,87,0
85,51,0.7298891177035978,2,2,543,2,0,10,0
86,27,0.41093290496275825,5,2,4,4,0,72,0
87,53,0.6292191930082921,10,1,136,1,2,42,1
88,31,0.6993129211553037,2,2,161,0,0,60,1
89,48,0.7111218170152859,5,1,462,0,0,18,1
90,65,0.05196609813118025,6,0,437,1,2,84,1
91,32,0.8597478056850669,3,1,381,1,0,58,0
92,25,0.45825331476504794,6,0,381,1,0,36,1
93,31,0.26241608169621444,5,0,481,0,1,35,1
94,40,0.2417645074796816,4,2,354,3,0,73,1
95,74,0.48301411284395046,10,1,244,4,1,21,1
96,57,0.8868315394689592,9,0,475,3,1,8,1
97,38,0.3783475816826469,8,0,464,0,0,92,1
98,33,0.7497257467835433,7,1,189,0,0,10,0
99,62,0.0968187309872186,1,1,493,2,0,68,0
100,35,0.4760567021510618,9,0,522,3,0,34,1
101,64,0.9916861403927356,9,0,534,1,0,79,1
102,70,0.770437802792337,6,1,281,1,0,95,0
103,41,0.210528488440613,7,1,429,0,1,13,1
104,43,0.5014414736979107,3,0,580,2,0,28,0
105,42,0.23362476364856655,5,2,252,3,0,24,0
106,62,0.40956092726250926,7,1,562,2,2,17,1
107,58,0.7800840237349648,1,0,42,4,1,59,1
108,46,0.7712248152904037,1,0,481,2,0,96,1
109,32,0.22810037790238513,5,2,140,4,1,99,1
110,62,0.9222233181548601,9,1,510,3,0,23,0
111,18,0.5925681827648268,7,0,536,1,0,51,1
112,42,0.3799242909620145,1,2,269,4,0,75,1
113,24,0.5019355807808606,5,1,360,1,0,71,1
114,26,0.6050712534377437,8,2,294,2,0,44,0
115,41,0.5598905318457854,8,0,474,2,0,98,1
116,18,0.4864050355361782,2,2,471,3,0,62,0
117,61,0.5049328040894001,7,0,160,1,0,35,1
118,25,0.17641191042788618,10,0,44,3,0,49,1
119,41,0.8127329043046794,5,2,206,4,1,58,0
120,28,0.5417603199410154,9,2,107,2,0,77,1
121,68,0.1310798617047031,3,0,503,2,0,90,1
122,34,0.7661571015827779,1,2,441,2,2,31,1
123,25,0.9324439783773508,4,1,64,2,2,56,1
124,52,0.9473068992369621,7,1,266,2,0,59,1
125,52,0.36901773241117275,1,2,398,4,0,31,0
126,50,0.13551687356075404,2,2,223,4,1,49,1
127,22,0.5183996266330652,5,1,288,3,0,47,0
128,59,0.11260922934922069,9,0,284,0,0,46,0
129,56,0.9339874185126172,1,0,185,2,0,10,0
130,58,0.183579627355146,4,1,225,2,0,52,0
131,45,0.2527658599511641,3,0,199,0,2,62,1
132,24,0.40663652688497043,5,2,503,3,1,31,0
133,26,0.3831644685591258,5,2,10,4,0,36,0
134,25,0.794662892397889,10,1,497,2,1,42,1
135,29,0.45631682055096234,2,1,276,3,0,90,0
136,51,0.1707682600033369,5,1,2,0,0,57,0
137,50,0.2672098954860741,9,1,573,4,0,81,0
138,65,0.509113385187522,5,0,4,4,0,31,0
139,72,0.1474539174261349,10,0,520,3,0,44,0
140,40,0.6116556756460141,2,0,569,1,1,98,0
141,41,0.5657473065511459,7,2,279,1,0,39,0
142,54,0.7147023163822577,6,2,422,1,1,81,0
143,52,0.9377046153793677,7,1,237,0,0,66,1
144,61,0.9122545611011557,8,1,316,1,0,5,0
145,57,0.9460756180688313,10,0,126,3,1,31,1
146,39,0.24471559702370094,5,0,303,4,0,26,1
147,44,0.13156530663935462,2,0,177,3,0,52,0
148,52,0.3022767004964485,7,1,489,3,0,28,1
149,18,0.8950851727663146,7,0,436,2,0,27,1
150,52,0.9720534746234882,8,1,37,0,0,57,1
151,54,0.859324951070476,7,1,482,4,0,39,0
152,64,0.1100177211275436,10,2,314,2,0,77,1
153,31,0.9474279980597932,7,2,483,0,0,31,1
154,20,0.423358027350786,9,1,96,4,1,11,1
155,18,0.009310290762353679,8,0,16,2,2,28,0
156,22,0.4423937407481936,2,1,446,1,0,84,0
157,43,0.04606916967546759,2,1,278,3,1,27,0
158,72,0.5438779211611176,7,1,451,1,2,11,1
159,31,0.3385540274370513,10,1,28,4,0,60,0
160,56,0.47343493359404876,10,2,545,2,0,26,0
161,44,0.613170360743117,3,2,9,2,0,97,1
162,26,0.8688010958178203,1,1,100,2,1,24,1
163,32,0.6619015764719286,9,2,86,3,0,10,1
164,32,0.4340488684781807,3,2,469,2,0,35,0
165,43,0.8194278536703651,1,0,300,0,0,95,1
166,59,0.9055821375731322,6,2,205,0,1,77,1
167,30,0.11975996643219722,4,2,81,0,0,66,1
168,68,0.5319329775527915,1,1,211,1,0,93,0
169,49,0.28451195974244414,4,2,118,4,2,46,1
170,56,0.0470611978769474,8,2,135,1,1,17,1
171,66,0.6685466951139853,7,2,376,1,1,31,1
172,69,0.8627707774592256,1,1,427,3,2,87,1
173,49,0.16290265447739405,10,1,313,1,1,84,1
174,21,0.8124136576239005,9,2,403,3,1,51,1
175,47,0.8533957335369416,6,1,242,0,2,61,1
176,54,0.9143404426664835,2,1,344,0,1,82,1
177,40,0.2652850890860524,3,0,423,1,0,8,0
178,56,0.9039530651898893,7,2,15,1,0,26,1
179,62,0.32066275473643224,3,0,515,0,0,58,0
180,32,0.5523380134555028,3,2,265,2,0,5,1
181,60,0.05050747083228213,5,2,559,0,1,55,1
182,46,0.043881088368743604,3,0,19,2,0,89,1
183,53,0.7203732127322029,3,0,10,0,1,67,1
184,30,0.44447997797779104,5,2,19,4,2,34,0
185,49,0.25629237536921756,5,0,278,3,0,95,1
186,24,0.1904134960249102,9,0,332,3,0,38,0
187,68,0.6699534908592181,1,1,546,4,0,33,1
188,39,0.00040154402533987277,1,2,400,2,0,72,1
189,45,0.8058911691968542,9,1,37,1,0,75,1
190,19,0.07924960612992882,5,2,82,1,0,61,1
191,59,0.19148961490811944,4,1,31,3,1,80,0
192,62,0.3862363952990896,2,2,53,1,0,37,0
193,74,0.4848587397161036,9,1,536,2,0,92,0
194,70,0.35499511581394183,6,2,44,1,0,69,1
195,23,0.3207121649842939,9,1,293,0,0,38,1
196,45,0.9639160120731884,5,0,124,4,0,85,0
197,45,0.6415796812433943,4,2,547,3,0,54,1
198,61,0.02343295536738821,7,0,343,1,0,61,1
199,61,0.4301759084443132,5,1,422,2,1,90,1
200,37,0.8750086997439702,8,2,166,1,2,53,1
201,47,0.30145618641066796,8,1,268,4,0,52,0
202,28,0.09455634477438823,2,1,193,0,1,95,1
203,72,0.7583847715899178,5,0,123,3,0,83,0
204,45,0.6060138319360813,10,2,270,3,1,83,1
205,42,0.5703125078265039,8,1,57,2,0,60,1
206,56,0.053576559607407925,3,0,58,0,0,91,0
207,50,0.14049900979551733,7,0,449,1,0,16,0
208,18,0.6225493962131138,3,0,216,1,1,95,0
209,74,0.2078238414588358,6,0,580,2,0,60,1
210,44,0.5040700797484243,2,1,481,0,2,13,1
211,74,0.5448816860293935,6,1,243,2,0,33,0
212,69,0.2835071902709394,6,1,102,4,0,41,0
213,30,0.9484251555414929,8,2,516,4,0,25,1
214,58,0.8424641068355752,5,2,263,1,1,5,1
215,20,0.7223735076327985,1,0,240,4,0,80,1
216,56,0.07799386640940908,8,1,228,2,0,69,0
217,23,0.10613001930901944,9,0,451,3,1,31,0
218,25,0.4927813458649557,1,1,454,4,0,28,0
219,44,0.16071334919098568,5,2,543,2,0,92,0
220,26,0.9782654635294741,6,0,373,3,0,53,0
221,54,0.15852023402740945,4,1,23,3,0,38,0
222,50,0.487467835463974,2,1,305,4,0,61,1
223,68,0.3641210568415054,5,1,373,0,1,54,1
224,59,0.639386421454098,4,0,186,4,1,50,0
225,61,0.12903640888942491,7,2,111,4,1,14,1
226,41,0.4303164280423909,6,1,492,0,0,92,0
227,32,0.27470503280714365,3,0,293,4,0,95,1
228,71,0.887751524671688,9,1,421,2,1,11,1
229,49,0.040585712134695084,4,0,148,0,2,18,1
230,49,0.9137274940064593,5,2,150,2,0,19,1
231,41,0.8329941385530004,3,1,173,3,0,55,1
232,58,0.29757071644081545,8,0,196,0,1,59,1
233,69,0.7892906546771047,7,1,254,3,0,36,1
234,66,0.03121356033874756,7,0,413,1,2,63,1
235,66,0.9668655502933936,8,2,167,1,0,77,0
236,69,0.5265949425897893,7,2,81,2,0,43,1
237,29,0.30328102606544527,3,0,69,3,0,51,1
238,56,0.3625832125946771,3,2,425,3,2,37,0
239,19,0.06640535346049736,2,1,401,0,0,37,0
240,20,0.9893495140420392,1,2,524,1,2,42,1
241,66,0.03929194515069245,5,1,211,2,0,25,0
242,54,0.654907123147859,4,2,101,2,0,73,0
243,66,0.4427359277064583,2,2,588,0,0,47,1
244,73,0.9489162181887151,1,1,337,0,0,15,0
245,34,0.24599974030679517,3,2,332,2,0,97,1
246,66,0.5320868239380113,6,1,204,0,0,64,0
247,19,0.48235620858275297,2,1,486,3,0,50,0
248,19,0.7028664440501013,10,2,228,2,2,76,1
249,45,0.06801023195242051,7,2,188,4,2,95,1
250,71,0.19378913002335485,7,1,98,1,0,60,1
251,40,0.21456482009284983,3,0,410,1,0,45,0
252,54,0.7381507548416897,1,2,459,4,1,47,0
253,49,0.18913869632674007,9,2,193,4,0,56,1
254,50,0.5734917638909767,5,0,554,3,0,52,1
255,18,0.2152438205009537,2,0,19,2,0,16,0
256,36,0.8616249500839784,8,2,310,0,1,11,1
257,19,0.9421854544896385,10,2,557,1,0,48,1
258,70,0.5184929749422404,10,2,78,4,0,10,0
259,61,0.3523088842091783,4,0,169,2,0,23,0
260,43,0.23405777501749914,10,2,245,0,1,20,0
261,49,0.049781001523043766,7,0,471,1,1,15,1
262,23,0.2685000761974954,5,0,98,2,0,63,1
263,49,0.6542357799453179,3,1,321,1,1,96,1
264,72,0.5336169313092108,10,0,140,3,0,91,1
265,21,0.9440412782809274,8,1,108,1,0,39,1
266,72,0.3962772624917006,2,0,312,3,0,64,0
267,28,0.6938633423283945,1,0,120,3,0,39,0
268,73,0.4893227474751214,5,1,98,3,1,21,0
269,34,0.5125762159242117,4,1,577,0,0,43,1
270,55,0.2677743146041175,10,1,493,0,0,8,1
271,41,0.4549507768419997,7,1,143,3,0,52,0
272,22,0.47078499701270726,9,1,109,2,2,75,1
273,69,0.7066425217489339,6,1,483,3,0,52,1
274,51,0.9406399991861139,1,1,129,2,1,86,1
275,23,0.3293212774825043,8,0,399,1,0,66,1
276,39,0.042200468581298445,2,0,505,0,0,27,0
277,28,0.4962951255006397,4,1,209,2,1,64,1
278,65,0.5444613321491686,3,2,360,2,2,32,0
279,33,0.16844055113191525,6,1,153,2,0,46,0
280,50,0.7604646062760667,2,2,532,4,0,42,1
281,26,0.9849291084414916,5,0,546,0,1,87,1
282,23,0.9457747170084609,9,0,359,4,0,62,0
283,33,0.19710603882365219,3,2,309,1,0,67,0
284,46,0.8753632399007607,2,0,473,2,0,63,1
285,20,0.7044936364116847,2,1,299,0,0,25,0
286,37,0.4538465638069116,9,2,340,0,0,54,1
287,53,0.540610994324729,6,2,3,0,0,6,0
288,36,0.8496001749824581,2,0,553,2,0,85,1
289,43,0.48013493963837317,3,2,168,3,1,79,1
290,20,0.37320736910512686,1,2,419,3,0,17,0
291,36,0.4932474930259858,2,2,279,3,1,60,1
292,37,0.5791298040350491,2,0,388,4,2,96,0
293,49,0.18907765377834884,2,2,184,2,2,21,0
294,24,0.9009077302669907,7,2,322,1,0,49,0
295,69,0.6741869488296138,3,1,10,4,0,57,1
296,58,0.6332689173374889,4,1,277,0,0,92,1
297,50,0.09949622618063814,2,2,138,3,0,41,1
298,57,0.6041739381725918,5,0,85,0,1,18,0
299,56,0.12096066223849233,9,2,230,4,0,74,0
300,35,0.07869767519539905,9,0,450,3,2,45,1
301,57,0.5273108956423933,7,1,137,2,0,60,0
302,18,0.402785534046495,8,1,530,3,0,48,1
303,28,0.5888102701562232,5,2,337,3,0,26,1
304,45,0.0892221680572386,5,0,155,3,0,88,1
305,74,0.4309830628472584,3,0,16,4,0,27,0
306,42,0.17478671504515797,6,0,260,3,0,48,0
307,67,0.9871000859241166,1,2,159,4,2,36,1
308,40,0.5611502124351744,3,0,308,0,2,90,1
309,48,0.6874368609408673,2,1,80,2,0,91,1
310,47,0.3254182806826078,7,0,212,3,0,88,1
311,59,0.09473891477934415,9,0,426,4,0,41,1
312,52,0.9758708627835366,4,2,341,3,0,50,1
313,24,0.2862590353831832,7,2,358,3,0,43,1
314,33,0.4238081851735742,8,2,205,3,0,38,0
315,43,0.649863921702575,10,2,335,1,0,85,1
316,65,0.024697297686111286,2,2,260,2,0,83,0
317,74,0.8102591305172869,7,0,242,2,1,89,1
318,69,0.5365781900286203,3,0,581,4,0,5,0
319,66,0.27821718706882215,8,2,394,0,0,42,0
320,19,0.06160798529246925,6,2,336,0,1,33,0
321,18,0.16249841547444144,3,0,278,0,2,70,1
322,65,0.8950338588534369,8,2,248,3,1,24,1
323,29,0.686024223935891,3,1,29,4,0,46,1
324,22,0.24990172163688984,9,0,130,3,1,61,1
325,54,0.06560076494502953,3,1,523,1,2,81,0
326,49,0.6906153123866363,1,0,459,4,1,12,1
327,72,0.5724077259677651,2,0,394,4,0,91,0
328,26,0.404519524458235,4,0,527,4,0,63,0
329,58,0.36361144919006383,2,0,412,1,1,15,0
330,52,0.2168142759291083,4,0,116,4,0,91,1
331,36,0.6696112565375176,4,0,148,1,0,40,1
332,65,0.9706680277938705,4,0,108,0,0,32,1
333,33,0.17571524583682585,1,2,235,4,0,85,0
334,20,0.5971166200155034,9,2,426,3,0,76,0
335,37,0.4241850557459762,10,2,516,2,0,5,1
336,41,0.4466887217446649,7,1,179,1,1,97,0
337,71,0.2541472801278144,2,0,395,0,0,56,1
338,73,0.8251348756614191,3,2,0,0,0,7,0
339,50,0.4852556041472411,8,2,7,2,1,17,0
340,41,0.5434058521982641,7,2,143,4,0,27,1
341,69,0.30476091279732576,4,0,274,3,0,91,0
342,28,0.18180846566694975,4,0,286,2,0,38,0
343,66,0.08591038820282049,9,1,489,4,0,30,0
344,25,0.7141191409249159,5,1,570,4,2,9,1
345,53,0.19623428168785562,5,0,30,1,1,12,0
346,55,0.6900753541887977,7,1,451,3,0,85,1
347,57,0.3903764460469539,1,2,243,3,0,29,0
348,37,0.41577480098965147,3,1,139,1,0,91,1
349,52,0.4691774960927717,2,2,400,4,0,59,0
350,65,0.3677085081275432,10,1,540,4,0,32,0
351,42,0.10061997722259008,6,2,163,3,1,12,1
352,52,0.3096318100028458,6,1,103,3,0,23,0
353,42,0.6637343606939384,10,1,62,3,0,17,1
354,46,0.665784401468871,1,0,14,3,0,30,1
355,35,0.28622430723999437,6,0,493,4,0,43,1
356,63,0.46010262655768797,10,2,178,3,0,55,1
357,35,0.19344722801193748,2,0,522,4,0,10,1
358,19,0.21037208152983577,4,2,440,1,1,17,0
359,71,0.023047088406607408,6,0,524,0,0,56,1
360,52,0.8967465499077446,3,0,487,1,0,91,1
361,33,0.2107066650749062,3,2,310,1,0,40,0
362,58,0.22753387693646332,3,1,574,2,1,21,1
363,53,0.2796014326451318,4,2,129,1,0,69,0
364,50,0.127408071695429,9,2,465,2,1,47,1
365,21,0.6392628831813628,4,2,501,2,0,17,0
366,50,0.07514295317758657,4,0,262,2,1,96,1
367,31,0.13420242632635027,4,0,170,1,0,67,1
368,38,0.6447567265900929,7,0,405,0,0,59,0
369,65,0.33966062048144274,5,2,24,2,2,82,0
370,37,0.707947826701189,2,1,448,3,0,18,0
371,73,0.557424744670142,7,1,159,3,0,75,1
372,25,0.25602117306151306,3,2,216,4,0,45,1
373,24,0.6508279504893281,1,2,489,3,2,47,0
374,20,0.11627368029288065,9,1,279,3,0,67,0
375,34,0.5364103830800304,5,0,80,2,0,86,1
376,50,0.43714810504503465,10,2,124,1,0,45,1
377,65,0.2678735828174408,1,1,169,3,0,13,0
378,29,0.6040049977395001,1,1,581,1,0,24,0
379,68,0.8713335923402825,1,1,589,0,0,25,1
380,39,0.9989046997630767,9,0,89,3,0,29,0
381,72,0.6077627687434245,8,1,379,0,0,70,1
382,39,0.40470587432917016,6,1,110,0,2,34,0
383,63,0.2252071002162016,10,1,163,4,0,76,1
384,47,0.25709608939511175,6,2,414,1,0,29,0
385,55,0.4794549781497657,6,2,154,1,1,98,1
386,55,0.36727770128070925,4,2,193,4,0,34,1
387,62,0.9138145226249442,5,1,475,2,0,81,1
388,68,0.36829546765570953,10,1,20,4,0,35,1
389,71,0.3734445911454355,3,0,108,4,1,40,1
390,25,0.38353451243397696,3,1,398,4,1,45,1
391,44,0.8366202103676581,10,0,128,0,1,65,0
392,44,0.6507883208469019,7,1,508,1,0,33,0
393,51,0.6141688503188927,5,0,279,2,2,38,0
394,38,0.3341430223838622,8,2,426,3,0,23,0
395,47,0.8179041768324394,5,1,26,3,1,94,1
396,50,0.038363861355701134,4,0,343,3,0,9,0
397,45,0.8707971723381132,3,2,400,2,0,24,0
398,64,0.5127498997939296,2,2,294,3,0,82,1
399,50,0.3982502348634128,3,1,566,2,0,33,0
400,22,0.4971672807176857,7,0,195,3,0,7,0
401,65,0.6674155305338311,8,0,155,3,0,88,1
402,36,0.01276542651789736,5,0,439,2,0,29,1
403,21,0.8715518564582477,1,2,100,1,0,73,1
404,52,0.4467395253113928,3,0,499,2,0,59,0
405,66,0.3429665197000782,4,2,284,2,0,60,1
406,34,0.1382455656340571,10,0,68,4,2,33,1
407,61,0.43946537435844213,4,2,385,0,0,45,1
408,45,0.49632277128437885,1,1,451,0,0,6,0
409,47,0.4036466944934778,10,2,137,1,0,10,0
410,46,0.6786600938268971,9,0,247,1,1,63,1
411,63,0.420896528759226,10,2,102,1,0,69,1
412,70,0.9614175778465733,4,0,509,0,0,35,1
413,23,0.5992775178235918,2,1,374,1,1,95,1
414,52,0.807477935651909,9,2,154,1,0,50,1
415,58,0.10935590310947885,4,1,86,2,0,64,0
416,54,0.3972912929459057,4,2,481,2,0,50,0
417,41,0.3368477014471527,6,2,208,0,0,23,0
418,46,0.5694823881365918,8,1,177,2,0,5,0
419,66,0.8611135200614256,5,1,585,1,0,99,1
420,63,0.07833821776200667,8,2,257,2,1,22,1
421,70,0.07257479804471079,1,2,272,4,0,11,0
422,48,0.8503177081575989,4,2,23,2,0,36,1
423,52,0.21285008603835742,1,1,582,0,0,63,0
424,50,0.6687532544498137,3,0,594,1,0,69,1
425,69,0.5428781323608052,7,1,399,1,0,16,0
426,38,0.8328935948872295,1,2,352,0,1,49,0
427,49,0.12508890983640353,5,2,300,2,0,28,0
428,40,0.12978296572261128,1,1,9,1,0,58,0
429,50,0.5568183602783076,6,2,42,1,1,8,0
430,20,0.9463786533583709,9,2,50,4,0,83,1
431,35,0.41499775837075425,3,2,106,0,0,28,1
432,42,0.32694210025469495,6,2,234,2,0,27,1
433,59,0.6066893231978858,4,2,489,2,0,93,0
434,48,0.9304486005450311,6,0,474,1,0,53,1
435,71,0.8369278328446237,2,1,580,3,0,94,0
436,20,0.9954836107332199,4,1,291,4,0,25,0
437,57,0.02256858320237709,7,1,480,4,1,74,1
438,63,0.11285814471276223,6,0,459,4,0,26,1
439,41,0.609467763366622,9,0,424,1,1,79,1
440,67,0.8205764393338497,7,1,328,0,0,41,1
441,49,0.28524434230676654,1,1,184,0,1,34,1
442,64,0.23921108803421876,6,1,505,4,0,35,1
443,39,0.7869757993812009,3,2,477,3,0,37,1
444,40,0.05638185385323158,8,0,13,3,0,80,0
445,19,0.3693826475825851,1,0,92,2,2,31,0
446,44,0.5058092225923297,10,2,179,3,0,82,1
447,59,0.5603486743503234,2,0,565,4,0,62,0
448,19,0.7286151567927769,3,1,304,2,0,5,0
449,43,0.35484572343065823,3,0,474,4,0,68,0
450,34,0.6126843446746072,7,2,541,0,0,76,1
451,57,0.5853754227909563,8,1,523,4,0,76,1
452,50,0.5476161006537471,9,0,110,2,0,97,1
453,26,0.6404832931422122,7,1,414,4,1,30,1
454,60,0.2594491710680763,8,0,420,1,0,94,0
455,71,0.08464875358462898,6,1,410,2,0,53,0
456,65,0.11927167203974343,2,2,522,3,0,88,1
457,56,0.22458238265390107,1,2,328,0,0,48,0
458,46,0.5001979355227852,3,0,271,3,0,47,0
459,59,0.8404427505460201,9,0,13,4,1,53,1
460,72,0.7012933420883841,7,1,174,3,0,56,1
461,43,0.7890406042020471,2,2,157,2,0,75,0
462,52,0.3509756239260914,1,1,233,1,1,36,1
463,67,0.40465374164855017,2,2,140,3,2,59,1
464,42,0.3936818859906128,3,1,480,4,0,22,0
465,41,0.19187318440450152,6,1,118,3,1,90,1
466,30,0.06121665814357202,9,1,381,3,0,63,0
467,24,0.5909160928272268,8,0,520,2,0,33,0
468,74,0.9892166834205861,10,2,409,4,1,36,1
469,53,0.16682970495026284,9,0,48,4,2,58,1
470,62,0.046684819899273755,8,0,369,1,0,88,1
471,37,0.779531681823933,7,1,332,2,0,35,1
472,18,0.2525860066847242,6,2,148,2,1,47,0
473,25,0.8296438053529284,8,0,156,0,0,45,1
474,63,0.7039366670345154,6,1,151,1,0,12,0
475,33,0.9456735370508046,2,2,460,1,2,47,1
476,31,0.408927235756672,9,2,375,4,0,55,0
477,29,0.6619698394506341,9,0,595,4,0,12,1
478,68,0.4648547808132707,3,1,424,1,0,13,0
479,40,0.6305886973085435,9,0,47,2,0,82,1
480,32,0.44959890600773733,2,2,334,0,0,50,0
481,45,0.18863224642407483,3,0,588,4,0,37,0
482,51,0.5078974160033809,6,1,554,0,0,62,1
483,19,0.5285842014374423,4,2,468,1,1,83,1
484,49,0.8106038482601611,8,1,574,2,0,98,1
485,40,0.7355207057935812,1,1,244,0,1,98,0
486,39,0.6637916239414441,6,2,261,3,0,35,0
487,68,0.11338709555257254,2,1,249,1,0,73,0
488,42,0.720616290663715,6,1,496,2,2,87,1
489,39,0.5003051563545148,1,1,51,1,0,52,0
490,39,0.8940995361061592,2,2,488,1,0,15,1
491,66,0.9198709341305428,9,1,141,0,1,78,0
492,69,0.05515659060178546,6,0,371,0,0,37,0
493,59,0.8206415603544788,8,0,250,3,0,65,1
494,23,0.03769739042267062,7,1,313,4,1,92,1
495,32,0.36716962569502265,9,0,224,3,0,19,0
496,71,0.5422999756210791,9,0,55,2,0,33,0
497,60,0.14810079862712744,4,2,338,2,1,31,0
498,54,0.7463138125690768,7,1,520,1,2,24,1
499,50,0.008354704172138572,5,2,499,0,0,40,1
500,25,0.16859904843403684,7,1,483,1,0,18,1
501,70,0.5807968298534757,4,0,163,4,1,41,0
502,61,0.7143875620372924,10,2,440,1,0,92,1
503,61,0.9166431026939161,1,2,132,2,0,53,1
504,22,0.7054966519346239,4,0,80,2,0,40,1
505,56,0.671779270254866,10,0,349,3,0,62,1
506,21,0.3943411463506643,3,1,133,1,0,97,1
507,23,0.0012844255268014138,9,1,51,0,1,19,0
508,62,0.12015925873562194,5,0,493,4,0,43,0
509,49,0.5345545447560391,4,0,201,4,0,9,0
510,69,0.6751298858444197,8,2,507,0,0,49,1
511,47,0.4174482838964625,5,2,13,4,0,5,1
512,64,0.7306790115283902,3,1,384,0,0,51,1
513,52,0.5218622953321788,2,2,200,0,0,38,1
514,72,0.07417619559431221,8,0,164,3,2,12,1
515,57,0.19201625096794883,2,0,560,1,1,92,0
516,69,0.8399982232439429,8,0,132,2,0,58,0
517,33,0.7249127466244395,5,0,581,2,1,91,1
518,30,0.894761987012495,8,1,118,1,0,64,1
519,67,0.11755724912093657,5,0,485,4,1,81,1
520,59,0.9902225346150739,1,0,182,0,1,41,0
521,47,0.2094067139499336,2,0,457,2,0,50,0
522,36,0.01177987628664201,6,0,334,3,0,22,0
523,34,0.9974229390535542,3,1,561,4,0,14,0
524,73,0.28107388544511314,8,1,230,3,0,72,1
525,36,0.6680194525125599,5,2,310,2,0,75,1
526,45,0.1766823141763052,3,1,2,1,0,90,1
527,72,0.5802285321991417,10,1,80,1,0,80,1
528,43,0.9040349864545593,7,1,274,3,0,28,1
529,54,0.3201811674284386,8,2,387,4,1,51,1
530,43,0.6702539760443592,4,0,344,2,0,41,1
531,70,0.1879035887984165,9,2,218,0,0,76,0
532,40,0.6247953987187252,6,0,62,1,0,88,0
533,26,0.33645035181751015,1,1,439,3,0,47,1
534,29,0.21120825858795167,5,0,26,2,0,86,0
535,70,0.31318205070363514,5,2,380,4,2,29,1
536,18,0.17884106850779935,7,0,247,0,0,91,0
537,18,0.9019161078378828,7,0,153,0,0,22,1
538,64,0.39718688631712884,6,1,209,1,0,55,1
539,51,0.24527930497436734,8,0,21,0,1,50,0
540,49,0.4484078410159329,2,0,581,2,0,79,1
541,71,0.32053616680649555,7,1,18,1,1,63,1
542,65,0.744419253813326,10,2,508,1,0,43,1
543,42,0.9712199118854944,7,1,599,1,2,82,1
544,57,0.4380336566976468,4,0,428,2,0,90,0
545,62,0.8610333999722404,10,1,36,3,0,42,1
546,70,0.5658630735596195,2,1,406,0,1,59,1
547,18,0.15723566509423348,4,0,423,0,0,83,0
548,33,0.6906227420813416,4,2,337,3,0,9,1
549,56,0.5134344971258201,6,1,270,1,0,9,1
550,22,0.6506065232521034,7,2,579,4,0,54,1
551,39,0.889687412571665,3,1,579,2,2,46,1
552,46,0.4404345706560461,10,0,461,1,2,23,1
553,72,0.9011776232173556,1,0,314,1,0,38,0
554,20,0.7506690142816549,3,1,57,1,0,57,0
555,29,0.48860492587798476,9,1,375,0,0,84,1
556,43,0.6032221356579637,1,1,455,0,0,25,0
557,33,0.32558113251901144,8,0,406,4,0,49,0
558,68,0.9835972997387742,2,1,384,2,0,64,0
559,54,0.667351163050396,6,0,55,1,2,57,1
560,39,0.043846852496629896,3,1,458,0,0,23,0
561,74,0.32662190574800876,7,0,474,3,1,92,1
562,46,0.6233144337590575,2,1,515,0,0,39,0
563,31,0.0563332777992398,4,2,16,1,0,86,1
564,45,0.023884191319142767,10,2,432,1,0,18,0
565,22,0.45002423952780257,9,0,236,0,0,90,1
566,64,0.33269017969267,6,1,306,3,1,98,1
567,66,0.4382986080331659,4,2,432,3,2,16,0
568,47,0.26269330988000517,2,1,23,1,0,53,0
569,63,0.1647177469429809,10,1,299,0,0,80,1
570,69,0.6891433569803377,9,1,237,2,0,98,1
571,22,0.5145711162678005,4,2,491,2,0,7,1
572,29,0.20015421124936683,9,0,287,1,0,31,0
573,33,0.3195894262599983,2,2,414,3,1,96,1
574,43,0.5918079076633259,7,0,399,2,0,86,1
575,43,0.07222934827247784,5,2,415,0,0,29,0
576,65,0.14745300926617955,8,1,482,4,2,19,0
577,38,0.07324560410739012,8,1,250,4,0,31,0
578,56,0.8123173327141189,4,1,399,3,0,19,0
579,53,0.7524092332120093,4,2,140,4,1,34,1
580,50,0.7533129318792571,8,2,377,0,0,79,1
581,47,0.716325343476028,3,0,119,1,0,63,1
582,54,0.6693854236698692,7,2,337,1,0,49,1
583,40,0.476991915378175,8,0,449,0,2,57,1
584,27,0.642278163507115,8,2,160,1,0,82,1
585,71,0.03836155478797465,10,1,104,0,0,49,0
586,22,0.6214644226567846,4,2,91,0,0,96,1
587,53,0.7778777055368772,9,1,484,4,0,76,1
588,51,0.5003583603843902,10,2,418,4,1,65,1
589,69,0.35751332842723693,4,0,420,3,0,15,0
590,48,0.2774267348009791,8,2,551,4,0,82,0
591,27,0.6428020501620825,6,1,53,1,0,55,1
592,36,0.6928011986299087,5,2,513,4,2,90,1
593,49,0.8709675998625426,4,0,96,0,0,93,1
594,18,0.34233408246099073,5,0,567,4,0,78,1
595,73,0.7697723073855856,1,0,184,1,0,43,0
596,22,0.5613558241893379,7,0,432,3,1,28,0
597,62,0.8828364906780791,8,2,470,2,1,10,1
598,21,0.5278121082956208,9,0,124,0,0,37,0
599,33,0.5176298283979672,3,2,333,1,0,26,1
600,41,0.5778770814409091,9,2,263,1,0,64,1
601,33,0.7493153551424344,10,2,190,2,0,24,0
602,72,0.9646904788284609,5,0,220,3,0,15,1
603,19,0.07356335421576565,10,0,198,0,0,39,0
604,66,0.05343460239101716,6,2,343,3,0,39,0
605,45,0.9375503374073385,1,2,173,2,2,69,0
606,49,0.5298756255182061,9,2,216,0,1,94,1
607,44,0.6149030145669361,9,1,205,4,0,82,1
608,37,0.48242360159472886,6,1,578,3,0,53,0
609,41,0.09365745260747449,8,0,372,4,0,70,0
610,29,0.7680893784186665,4,1,173,0,0,50,0
611,67,0.7472246450885869,5,2,77,2,0,9,1
612,52,0.311703321492812,5,2,322,4,1,43,1
613,50,0.3062392452284004,7,0,553,4,1,83,0
614,50,0.8378413809055185,7,0,575,1,2,89,1
615,68,0.07235725774132662,7,1,383,0,0,97,0
616,60,0.8811051483565658,5,2,436,2,1,55,1
617,54,0.2566616898959144,4,0,198,1,1,25,0
618,29,0.5929847477554939,8,0,6,3,0,42,0
619,20,0.9359941790017777,1,1,262,2,2,40,1
620,18,0.6781225015366464,1,0,524,1,2,18,1
621,50,0.4144298124670366,6,1,19,3,1,37,1
622,57,0.6895342089054152,2,2,253,2,0,27,0
623,27,0.3439796363163702,3,1,597,1,0,76,1
624,60,0.27725841634918613,4,0,179,2,2,88,0
625,61,0.9966832779346797,2,1,352,4,0,42,1
626,46,0.7507902311797877,10,1,572,1,1,51,1
627,30,0.6447199773818176,7,2,214,4,0,68,1
628,29,0.3552896432193188,10,1,357,1,1,51,1
629,48,0.04916082915504816,1,0,572,4,0,5,0
630,63,0.03105687603515561,3,0,567,0,0,46,1
631,19,0.5541812554487988,2,2,219,4,1,72,0
632,68,0.7620327210390511,9,2,551,0,0,82,1
633,67,0.5373791904438551,8,2,336,2,0,90,1
634,52,0.8407850719391146,3,0,318,3,1,80,1
635,40,0.03342653309322163,5,1,465,3,0,29,0
636,34,0.3667520764259401,3,0,153,3,0,61,1
637,43,0.23707039117417805,6,0,350,0,1,56,0
638,25,0.44727296815712203,5,2,61,3,0,11,0
639,46,0.07237639319412248,2,2,459,3,0,11,0
640,43,0.9541316415710726,10,1,239,4,2,60,1
641,27,0.22325540106936093,8,1,189,3,0,43,1
642,43,0.9223077754835848,6,1,145,0,2,74,1
643,51,0.4258931550366818,3,1,521,4,0,87,0
644,68,0.985524133255218,1,0,291,0,0,62,1
645,58,0.5540583834602107,5,1,59,1,0,27,1
646,24,0.9308328641758075,2,0,472,3,0,14,1
647,21,0.005348988694222845,2,0,72,0,2,76,0
648,70,0.7482388061809001,9,1,238,0,0,40,1
649,67,0.9030506531025154,10,1,415,4,0,75,1
650,62,0.13972056697895407,7,0,178,1,1,7,0
651,28,0.09612585173215149,6,2,66,1,1,76,0
652,46,0.4245726071859556,1,1,592,3,2,81,1
653,73,0.9336789061329351,10,2,76,2,0,99,0
654,53,0.5423865601904387,2,0,247,2,0,17,0
655,42,0.5274564637217322,7,2,67,4,0,94,1
656,38,0.14112611829932187,3,0,567,3,0,52,0
657,74,0.0007895110932187865,2,2,98,4,0,70,0
658,53,0.8101400907454612,6,2,587,3,0,7,1
659,27,0.08757456298623822,8,2,577,1,1,67,1
660,54,0.633849818735324,8,0,544,2,0,19,1
661,26,0.9146164545151915,2,0,541,0,0,6,0
662,41,0.208651913158431,6,0,537,2,2,65,1
663,52,0.6652728362369108,5,1,323,3,0,63,1
664,66,0.07869857670750946,7,0,122,2,1,21,1
665,52,0.603755143837613,4,1,32,0,2,15,1
666,65,0.16393172095320274,2,0,144,1,0,9,0
667,53,0.735953560515178,10,1,516,1,0,74,1
668,35,0.3012312947939082,3,2,309,3,0,71,0
669,66,0.46339100880464623,9,2,143,2,1,27,0
670,56,0.5994305420276217,10,0,516,3,0,67,1
671,49,0.17127341066623958,8,1,194,2,0,8,1
672,41,0.7416378186176209,9,2,482,4,0,33,1
673,40,0.30264034063681455,5,2,474,3,0,21,0
674,49,0.6623718599127535,5,1,587,2,2,99,1
675,54,0.15828305069937365,7,0,168,4,1,39,1
676,29,0.6881176592063503,7,2,182,3,0,52,1
677,66,0.12818807281046174,1,0,112,1,0,89,0
678,72,0.4253564962699836,5,0,275,4,0,91,1
679,30,0.24720607373887682,8,1,475,3,1,52,1
680,40,0.7483752494281826,7,1,177,0,0,99,1
681,42,0.26203500450687456,2,2,290,1,2,57,0
682,52,0.8817173063953962,8,1,433,4,0,69,1
683,58,0.8918202114066128,2,2,462,2,0,79,1
684,47,0.19644131522278585,10,2,416,0,0,5,1
685,34,0.6138459450077243,1,2,137,2,0,11,1
686,66,0.08771764171996432,3,0,488,0,1,81,1
687,37,0.3915370996016292,3,0,167,3,0,88,0
688,65,0.7133217295012723,6,1,133,3,2,74,0
689,42,0.6594232468499163,3,1,160,2,1,34,1
690,39,0.624700669406608,7,2,376,2,1,74,1
691,30,0.2825408636624436,8,2,329,2,0,88,0
692,36,0.378024949434402,3,0,394,4,0,42,1
693,66,0.10294614470028618,9,0,171,1,0,34,1
694,53,0.719022820433601,1,2,469,2,2,58,1
695,29,0.5038887967912735,3,2,421,3,0,92,0
696,58,0.7087656323456546,3,1,255,3,0,99,0
697,36,0.24894352479687276,7,2,119,2,2,20,1
698,29,0.3244382286350662,5,2,18,2,0,20,1
699,26,0.33421533726011465,4,2,246,3,0,31,0
700,24,0.0257424097472162,2,0,204,4,0,26,1
701,45,0.34104787283062354,7,0,419,0,2,19,0
702,31,0.8033045735180335,3,1,66,3,0,50,1
703,48,0.8972984957497385,7,1,341,0,2,5,1
704,69,0.5182183156359275,10,1,344,2,0,32,0
705,36,0.45550169521922024,7,2,386,1,1,37,1
706,64,0.030824618699370254,2,2,341,2,0,19,0
707,33,0.8792043375853826,7,0,107,2,0,99,1
708,70,0.013010213425872719,6,2,401,2,1,61,0
709,22,0.9447500802102118,10,2,595,3,0,74,1
710,52,0.48921624868809066,4,0,301,3,0,72,0
711,29,0.3419344935747266,5,1,106,1,0,62,0
712,42,0.9242184348426601,8,2,584,0,0,24,0
713,69,0.024390993110096737,5,0,476,0,0,8,0
714,38,0.5814248948690871,3,0,336,0,0,14,0
715,53,0.5489325244993376,2,1,459,2,0,11,0
716,70,0.21932040121138208,6,0,312,1,0,95,0
717,40,0.42888743135021057,6,1,153,2,0,61,1
718,33,0.6522640059437702,7,1,348,1,1,10,1
719,74,0.7271311968819275,8,1,593,4,1,59,1
720,56,0.0007168587065797816,4,1,528,3,0,35,1
721,62,0.9368534300910153,8,1,299,2,0,68,0
722,70,0.1645253723928124,1,0,533,4,0,40,0
723,59,0.2335804342223592,6,2,235,0,2,95,1
724,56,0.26347344569384823,6,1,210,4,0,17,1
725,31,0.03782013655203531,3,1,285,3,0,79,0
726,48,0.12305212359032491,9,2,422,3,0,77,1
727,22,0.986349922944162,5,2,493,3,0,76,1
728,52,0.31521673737728606,1,1,418,4,0,65,1
729,40,0.11530109033904934,7,2,344,0,0,14,0
730,46,0.10699126117462332,10,1,522,2,0,70,1
731,60,0.7194599676699719,3,0,318,0,0,28,1
732,28,0.8545686640326409,10,2,341,1,0,38,0
733,35,0.2569522995084699,10,2,378,1,0,54,0
734,64,0.02090951233523497,4,0,545,2,0,79,0
735,29,0.2230900184453558,6,2,589,3,0,5,1
736,26,0.056515690796757334,8,0,207,2,0,9,0
737,27,0.10339493663004151,4,1,185,4,1,31,0
738,61,0.43150811984764237,9,2,16,3,0,11,1
739,34,0.22991837086163258,8,2,289,2,1,5,0
740,55,0.5159458785254234,10,0,253,2,0,36,0
741,24,0.25349375325719037,10,1,445,4,0,21,0
742,63,0.9405373011029476,6,1,455,4,2,22,1
743,30,0.9059439679262645,7,0,146,0,1,72,1
744,57,0.566806105010466,8,2,113,1,0,53,1
745,59,0.35442399198738617,2,2,96,2,0,17,0
746,26,0.38114688203473557,5,0,381,0,0,73,1
747,67,0.41185228314449696,7,0,375,3,2,26,0
748,44,0.727579322134944,8,0,505,3,1,30,0
749,19,0.4516389955188379,5,2,321,1,1,72,0
750,22,0.8567299465058974,3,0,327,3,0,91,1
751,46,0.9440947859303646,6,1,348,1,1,9,0
752,54,0.33594615337893385,5,0,169,3,0,13,0
753,55,0.5606944813756801,8,1,306,3,0,81,0
754,36,0.09505653683256443,9,1,198,2,1,66,1
755,25,0.200469047766359,9,0,176,4,2,77,0
756,65,0.4134657667101601,6,1,123,2,0,72,0
757,62,0.20620271590177885,4,2,156,0,0,94,0
758,18,0.8765604907887176,4,0,285,4,0,82,0
759,39,0.15828625605909807,9,2,234,2,2,6,1
760,69,0.45566082155309195,4,2,293,4,0,99,1
761,34,0.6056992404598757,8,1,17,4,0,54,1
762,24,0.6918639081608444,9,2,173,4,0,55,1
763,42,0.38306936972650674,5,2,402,3,0,94,1
764,62,0.8690990687247285,6,0,380,4,0,6,0
765,21,0.5683191510779255,3,0,119,3,0,45,1
766,53,0.4395077804475518,5,2,95,4,1,68,1
767,23,0.06724063405203662,5,1,30,3,0,48,0
768,48,0.464689468445165,2,1,96,4,0,56,0
769,36,0.8207358408157303,10,0,469,0,0,41,0
770,61,0.6145410182213155,6,0,45,2,0,70,1
771,71,0.8321624537291183,9,0,235,4,0,96,1
772,56,0.4940116705993056,7,1,560,0,0,60,1
773,44,0.11846170509448184,8,0,336,2,1,27,0
774,27,0.01363984583588107,2,2,284,1,0,75,0
775,43,0.3032195467185912,9,1,133,4,0,43,0
776,36,0.6979904714977925,3,2,538,1,1,90,0
777,56,0.7902599039416938,10,0,259,2,0,64,0
778,20,0.2957528346203294,5,1,502,2,0,60,0
779,62,0.4956539208832471,7,0,591,4,0,40,0
780,30,0.4211189044340816,4,1,179,0,2,5,0
781,67,0.41052278435142786,7,0,266,4,0,8,1
782,45,0.2313487132001505,8,1,563,0,1,45,1
783,37,0.13637110502945837,10,1,83,4,2,57,1
784,45,0.19668855823121312,10,1,409,0,0,35,0
785,25,0.0553323871633461,4,2,155,3,0,37,0
786,58,0.19813074182357704,5,0,489,0,0,9,1
787,56,0.009200897625379456,3,0,327,0,0,47,0
788,18,0.6272584006359783,5,1,345,2,0,15,1
789,20,0.3163754073876829,8,2,96,1,0,36,0
790,30,0.9731447114269086,3,1,182,4,1,5,1
791,45,0.19371705077629786,5,0,326,2,2,47,0
792,74,0.3458285703095939,10,0,565,1,0,10,1
793,66,0.3578411586415332,1,1,377,2,1,96,1
794,42,0.00845149606246054,2,1,86,2,0,85,1
795,73,0.8392079530394589,3,1,134,4,0,15,1
796,50,0.03199446014432472,1,0,89,3,0,45,0
797,55,0.9401798347292414,9,1,487,2,0,31,1
798,70,0.8920743510936207,9,1,592,4,2,65,1
799,23,0.5355219160859636,5,0,88,0,1,80,0
800,61,0.5435955749112921,4,1,292,1,0,17,0
801,62,0.6537779229561563,5,2,445,4,0,99,1
802,49,0.387050011934887,4,0,398,3,0,39,0
803,62,0.6472222833978555,5,1,513,4,0,29,0
804,64,0.04476838868848687,7,1,394,4,0,98,1
805,38,0.05404762734972657,8,0,16,0,0,40,0
806,33,0.45723041961954436,2,0,241,1,0,25,1
807,71,0.5496223011060349,4,2,543,1,0,59,0
808,38,0.887817640335819,8,1,3,3,0,40,1
809,28,0.10466063390789626,7,1,280,1,0,32,0
810,54,0.8226479271938894,9,1,532,0,0,31,1
811,53,0.2100473372920696,5,0,470,3,2,16,1
812,52,0.39408364851003186,6,0,237,0,0,78,1
813,36,0.3166024348274129,8,0,477,0,0,30,0
814,37,0.400155272865399,5,1,88,4,0,97,1
815,74,0.15049549807258555,9,1,112,4,0,49,0
816,35,0.503570074403555,4,0,141,4,0,10,0
817,64,0.8016425898313673,8,2,559,2,0,93,1
818,58,0.44153401037889695,3,1,50,0,1,12,0
819,66,0.4906135758981991,5,2,207,1,1,79,0
820,31,0.8487675852813142,8,0,522,3,1,21,1
821,32,0.7060581146380308,10,1,507,2,0,42,1
822,48,0.4904544085197847,7,2,269,4,1,81,0
823,18,0.25769564818917967,1,1,262,2,0,45,0
824,70,0.8849267468449666,4,2,185,2,0,19,1
825,71,0.5770204016905583,2,1,220,0,0,87,1
826,71,0.2211476101106934,2,2,80,0,0,87,0
827,20,0.26911975263801036,7,2,408,1,0,78,1
828,33,0.8031330889362459,3,0,85,3,0,32,0
829,40,0.04414556208745546,3,0,555,3,0,29,1
830,74,0.9920921870288201,6,2,103,4,1,83,1
831,28,0.13035167971479178,6,1,283,1,0,39,0
832,29,0.7960685253969374,1,2,459,3,0,84,0
833,27,0.39477531677168287,1,1,460,2,0,41,0
834,49,0.49221618328746686,6,1,120,2,1,31,1
835,33,0.8806505774645779,7,1,351,3,0,9,1
836,25,0.41291118958921325,9,1,439,2,0,63,0
837,55,0.5374937536732345,4,0,568,2,0,92,1
838,29,0.04929966240916994,10,2,188,4,0,70,0
839,41,0.0023474738674531537,6,1,549,2,1,61,0
840,45,0.2447998730017259,3,0,228,3,1,65,0
841,70,0.6805830929187673,4,1,385,0,1,64,1
842,25,0.1212648933591367,9,1,130,2,0,68,1
843,45,0.11376195880454942,1,0,170,3,0,36,1
844,53,0.4109606080359033,5,0,329,2,2,20,0
845,43,0.6478370386082265,7,1,34,1,0,48,1
846,25,0.7120719922479305,3,2,200,4,0,91,1
847,67,0.17845067409837478,2,0,167,0,1,94,0
848,45,0.07958814737204245,2,2,508,2,0,73,1
849,45,0.9403970339455442,1,1,510,3,0,65,1
850,54,0.26066638256210173,5,1,245,0,0,75,0
851,58,0.8533464976087238,3,1,223,2,0,38,1
852,53,0.8634914504628183,7,1,340,1,1,78,1
853,44,0.7725225917625445,1,1,569,3,0,90,1
854,71,0.16883360665257008,9,1,536,4,0,25,1
855,34,0.8218014592542003,2,2,439,2,1,23,1
856,26,0.7692505592415867,8,0,543,3,2,56,1
857,50,0.5967229901062171,10,1,149,2,1,46,0
858,70,0.33720203516895275,4,0,355,4,1,43,1
859,37,0.2625086042665441,6,2,532,1,0,49,0
860,30,0.12188921208035897,9,1,372,4,2,93,1
861,45,0.5097570669008714,7,1,411,4,0,17,1
862,65,0.5852608755098465,8,0,251,4,1,47,1
863,46,0.3593389905157872,7,0,13,0,0,87,0
864,30,0.47535906768086855,2,0,214,3,0,75,0
865,63,0.3635144573692667,9,1,535,2,0,99,0
866,52,0.6410060573207013,1,0,19,1,1,70,0
867,23,0.9012592077965633,2,0,487,2,0,49,1
868,35,0.16392026204694488,3,2,435,0,1,8,0
869,68,0.3814088099031234,3,1,320,1,0,5,0
870,22,0.14086860395086132,10,1,51,0,0,64,1
871,64,0.624943770407832,4,1,356,2,1,54,1
872,42,0.7288705094885958,5,0,347,1,0,91,0
873,19,0.9319127325974559,6,2,325,2,0,51,1
874,27,0.2788719262609649,1,0,526,3,1,21,1
875,73,0.9502112058654302,8,1,218,0,1,90,1
876,47,0.0632626718206748,6,0,521,3,0,39,0
877,67,0.6030138633645882,10,1,404,3,1,12,1
878,62,0.057132719343329974,9,0,18,2,0,60,1
879,22,0.8937741877619448,5,0,579,2,0,64,1
880,72,0.5298090570700541,7,1,293,4,0,59,1
881,73,0.6693483507627961,4,0,14,4,0,11,1
882,50,0.8315739259104525,6,1,325,1,0,69,0
883,71,0.15031062248396876,6,0,157,2,0,29,1
884,18,0.038591561938133845,4,0,103,0,0,28,0
885,35,0.8788811459128522,6,0,597,2,0,79,0
886,49,0.3149332274589325,8,1,281,2,0,97,0
887,64,0.12897890792716526,5,0,146,3,0,69,0
888,66,0.46846123708708653,2,0,513,3,0,51,0
889,28,0.5983060756960188,9,2,67,4,0,12,1
890,38,0.030970603422510123,4,2,503,1,0,49,0
891,43,0.2748956582570877,4,1,68,1,0,33,0
892,42,0.03279987427689601,7,1,558,2,0,35,1
893,39,0.42033538919549895,10,1,412,0,2,61,1
894,44,0.8951000290662443,10,1,63,3,0,11,0
895,66,0.9826524114935692,6,0,591,0,0,35,1
896,30,0.6370475535036275,4,0,236,3,0,64,1
897,50,0.1616376937845918,6,1,395,2,0,60,0
898,51,0.9058493899993058,3,1,138,1,0,36,1
899,58,0.5162478232000605,7,2,315,2,1,98,1
900,52,0.1537493121029181,6,1,422,3,0,65,0
901,18,0.9217266694516614,3,2,131,1,0,65,1
902,38,0.757469050723103,1,1,225,0,0,80,0
903,65,0.7317052727231516,10,1,472,0,0,68,1
904,72,0.7091807037944047,5,0,117,4,0,14,0
905,23,0.20033982109644233,10,1,338,0,0,30,0
906,45,0.21100669170752606,2,2,418,4,1,73,1
907,34,0.688292998427255,7,0,434,1,1,91,0
908,22,0.21972275011039688,7,2,178,2,1,77,0
909,48,0.43867169680304885,4,1,461,2,0,41,1
910,22,0.7820018255939414,6,0,596,1,0,34,1
911,55,0.783952518097841,1,2,103,1,0,6,1
912,20,0.45326177252585964,2,1,113,3,1,46,0
913,70,0.7921899382752451,6,2,270,0,0,72,1
914,40,0.8386217961980568,2,1,562,0,0,94,1
915,54,0.6547757512842602,4,2,305,0,0,98,0
916,70,0.22842585230842016,4,1,54,4,0,39,0
917,54,0.2740117803855475,10,2,523,0,1,14,1
918,27,0.31484115540873536,9,0,433,3,0,35,1
919,27,0.116804107733952,10,1,189,2,0,83,0
920,36,0.2731596203699451,7,1,388,2,1,89,1
921,34,0.20951922431253212,7,2,334,4,1,10,0
922,38,0.45532874980860216,1,1,345,3,2,69,1
923,31,0.9084375478722649,5,0,264,1,0,78,1
924,26,0.10448031675395808,3,2,103,2,0,6,1
925,63,0.7202679239473956,3,2,140,3,0,13,0
926,18,0.6872830044131277,6,2,555,1,0,85,1
927,68,0.09575419866335766,4,0,238,4,1,84,0
928,62,0.9225724049058001,8,0,429,0,0,70,1
929,30,0.5684722021568196,4,1,97,3,0,84,0
930,21,0.36372552113568424,8,2,460,2,0,63,0
931,18,0.7565385834953067,4,0,564,4,1,96,1
932,66,0.25736545840163405,3,1,256,3,0,17,0
933,57,0.6935098370463204,5,0,10,4,0,10,0
934,49,0.03971120757224722,5,0,177,1,2,29,0
935,51,0.839408037609272,10,0,392,3,0,67,1
936,45,0.4481708470213185,10,1,293,0,1,63,1
937,48,0.6366929143579417,1,0,396,1,1,94,1
938,25,0.22123781980668367,8,0,388,0,2,50,1
939,56,0.677073712658448,8,0,536,4,0,19,1
940,43,0.7722402758932766,8,2,265,0,2,70,1
941,51,0.47321318688439873,10,0,132,1,0,90,1
942,71,0.6177269240617943,4,2,277,1,0,46,0
943,71,0.45632592382239856,9,0,553,1,0,96,1
944,20,0.8940913692578455,10,2,100,4,0,21,1
945,67,0.49786918051431917,3,0,403,2,2,27,1
946,29,0.8418087090288189,7,2,283,4,1,19,1
947,18,0.8013520582702486,6,2,276,1,0,42,1
948,71,0.41050482134835653,9,2,138,4,0,60,1
949,61,0.23008449185747504,4,0,220,3,0,38,1
950,22,0.406082132559771,4,1,68,3,0,98,0
951,47,0.8262173757752201,6,2,176,2,0,69,1
952,47,0.22763253581939236,8,2,372,4,0,84,1
953,74,0.5244363458577493,3,2,544,4,1,93,1
954,34,0.8060967479607475,8,2,300,3,0,91,1
955,65,0.3534774751283788,8,2,227,1,0,38,0
956,64,0.6422096370026974,7,1,371,0,0,77,0
957,40,0.24563157404881453,7,0,398,1,0,20,1
958,32,0.10927944536815992,5,1,142,2,1,54,1
959,54,0.7943842250928563,2,0,136,0,1,73,0
960,38,0.09896862340870682,2,1,572,1,0,46,0
961,31,0.2713813950795846,10,0,55,4,0,66,1
962,19,0.8551094219974401,8,2,381,4,0,16,1
963,28,0.3464692870786672,6,0,470,3,0,73,0
964,68,0.9730453495141611,8,0,207,4,1,91,1
965,56,0.9797343347738597,3,2,34,4,0,76,1
966,55,0.2682760204535567,1,2,265,2,0,84,0
967,51,0.04097822224989045,6,0,20,0,2,88,1
968,55,0.7050632842053791,2,0,139,1,0,32,0
969,67,0.4509865026483437,9,2,264,1,1,34,0
970,51,0.10075284395957629,5,1,399,2,0,79,0
971,35,0.7075228189780428,5,2,456,0,0,54,1
972,47,0.031174909111921223,10,0,119,4,0,21,0
973,32,0.8701966904922421,8,0,382,2,1,14,1
974,44,0.13865252911330372,6,0,534,4,1,92,0
975,68,0.127311878746725,3,2,38,1,0,99,1
976,51,0.17567229796858452,9,2,21,2,0,15,0
977,69,0.9602663584920665,10,1,566,2,1,51,1
978,74,0.693169360253846,4,0,46,2,2,12,0
979,55,0.8013715354636367,10,0,538,1,1,35,1
980,50,0.397634985732753,4,2,383,1,0,41,0
981,41,0.33631272750495556,2,0,481,3,2,37,0
982,32,0.23448400678316994,3,1,47,1,0,13,0
983,47,0.48064802831240894,4,2,80,1,0,50,1
984,72,0.5518287335341685,7,0,44,4,0,7,1
985,59,0.6317748436527554,3,2,274,1,2,17,1
986,68,0.2571185039986945,8,2,310,0,1,32,0
987,34,0.9486540809029906,8,1,231,4,0,56,1
988,22,0.16975849820713584,10,2,85,3,0,65,0
989,46,0.9656531747664123,2,0,104,0,0,28,1
990,21,0.014856122507503788,4,1,176,3,1,14,0
991,27,0.4811256918168456,8,2,589,2,0,46,1
992,73,0.3333678381165628,1,0,188,2,2,41,1
993,34,0.4491234139302508,1,2,59,2,0,19,0
994,27,0.570664578980789,4,2,219,1,1,32,0
995,34,0.43558915801270903,2,1,587,1,0,41,1
996,37,0.41484685030159496,1,1,115,4,0,69,1
997,41,0.7327234154133065,8,1,469,0,0,17,0
998,22,0.6858762750864646,2,1,166,0,0,63,1
999,51,0.8332712820358479,4,0,444,2,0,72,1
1000,23,0.24995898123949556,3,2,232,2,0,60,0
1001,70,0.6095285097540636,2,1,113,1,0,34,0
1002,19,0.5851947853928539,8,0,507,3,0,68,0
1003,30,0.36973781087268875,3,1,150,0,0,71,0
1004,60,0.4860575419026809,9,2,583,0,1,24,1
1005,60,0.31378214330572873,10,1,369,3,0,31,0
1006,65,0.1418443976169852,5,2,348,0,0,16,0
1007,28,0.21380121066273283,9,2,166,0,1,45,0
1008,68,0.10551364640120109,3,0,71,1,1,84,1
1009,64,0.6830695751901241,5,1,352,0,0,55,0
1010,74,0.6607273931091515,10,1,10,2,0,84,1
1011,40,0.9506063715798728,6,2,152,2,1,33,1
1012,72,0.7296784136472413,9,1,161,4,0,95,1
1013,33,0.052045838756131446,8,2,385,1,0,99,1
1014,48,0.8842451739289542,2,0,143,1,0,55,0
1015,28,0.8626751629457258,2,1,138,2,0,63,1
1016,71,0.4433203207726987,5,2,205,1,0,92,1
1017,33,0.5858630505279215,5,1,95,1,0,35,1
1018,25,0.9760783324725189,5,1,580,4,0,13,1
1019,21,0.5323043638481663,4,0,355,3,0,74,0
1020,57,0.9053218283760898,8,2,470,0,0,34,1
1021,21,0.08303875781018644,5,0,317,4,0,94,0
1022,73,0.19105186870868285,1,0,511,3,1,44,0
1023,42,0.4407549434413178,10,0,18,0,0,11,1
1024,20,0.5847568083373047,5,2,412,2,0,76,0
1025,49,0.8162278518628002,1,2,406,3,0,63,0
1026,20,0.9882621151431868,4,1,401,0,0,15,1
1027,44,0.38885149647411643,1,2,100,4,2,7,1
1028,46,0.04741563614008493,6,0,592,0,0,8,1
1029,49,0.8011715032953248,6,2,17,1,0,24,1
1030,67,0.6043807190828081,1,1,154,0,0,9,0
1031,68,0.19854285886820167,8,0,128,2,0,38,1
1032,36,0.49482845662142017,4,1,314,4,1,18,1
1033,38,0.7423102455337244,2,2,365,3,0,17,1
1034,22,0.7704117870686438,1,1,461,0,1,65,1
1035,35,0.499618411998762,3,1,160,4,0,53,1
1036,45,0.30521453012885913,7,2,375,2,0,49,0
1037,59,0.9737425820384935,10,1,331,3,2,57,1
1038,39,0.6633626109564928,10,2,19,0,0,28,0
1039,38,0.4082375193462987,8,0,545,2,0,98,0
1040,23,0.2804632242046524,5,1,571,1,0,67,0
1041,18,0.7311029830035621,7,0,461,4,0,79,1
1042,22,0.2421834455937677,2,2,157,4,1,13,0
1043,58,0.17170998897368817,4,2,363,0,0,67,0
1044,29,0.5298338889620703,6,1,322,2,0,60,1
1045,43,0.28998739264414186,5,1,88,3,1,81,0
1046,63,0.628905144923615,6,2,172,3,0,81,1
1047,51,0.11793867487423348,2,2,39,3,2,75,0
1048,66,0.6549411045673216,7,0,202,3,0,79,0
1049,31,0.2832965279977022,8,0,558,0,1,46,1
1050,43,0.00024293443451273156,9,1,242,0,0,5,1
1051,62,0.12693605767417637,6,1,505,4,1,68,0
1052,44,0.9336153778350941,7,1,87,2,0,96,1
1053,26,0.8673546391153578,1,1,531,1,0,76,1
1054,43,0.23360903203623684,9,1,150,0,0,19,0
1055,74,0.7783719045454912,6,1,99,3,0,73,1
1056,64,0.6085715931739742,4,1,246,1,0,26,0
1057,74,0.9709047114498695,10,1,536,4,0,24,1
1058,39,0.3736056595340591,9,0,495,3,2,72,1
1059,64,0.6814606125171713,1,2,288,2,0,49,0
1060,73,0.06353572242391858,2,2,414,1,1,93,0
1061,47,0.39624734681640594,3,1,78,4,0,84,1
1062,60,0.9638176611881805,1,2,384,0,0,44,0
1063,65,0.5389808744501206,2,1,437,2,0,50,1
1064,34,0.2878795033348446,2,0,527,3,0,95,1
1065,43,0.12027096312860686,7,1,340,1,0,67,1
1066,53,0.7035283401815304,10,0,58,4,1,97,1
1067,18,0.6448560434297268,6,0,543,1,2,16,1
1068,25,0.3739387136037746,9,0,218,2,0,56,0
1069,66,0.9509413518658343,5,1,99,0,0,11,0
1070,52,0.022202812987850318,9,0,102,0,0,92,1
1071,69,0.3037238516318258,10,1,118,2,0,59,1
1072,32,0.9210694862995814,9,0,6,3,0,9,1
1073,64,0.3209354383194404,2,0,387,1,2,51,0
1074,73,0.2522528338551704,9,2,477,3,1,42,1
1075,39,0.5342204099312473,3,1,521,4,2,47,0
1076,31,0.8238017499205379,3,2,280,3,0,74,1
1077,43,0.10314676087836105,9,0,41,2,0,12,0
1078,45,0.9430207096457361,7,2,558,0,0,90,1
1079,40,0.795072881181164,8,0,95,2,0,54,1
1080,31,0.18125025555155194,7,2,503,2,1,82,0
1081,41,0.7120079611981627,9,2,245,1,1,13,1
1082,19,0.38495872263755715,8,1,223,2,0,17,0
1083,62,0.4022946780763187,4,1,113,4,0,54,0
1084,43,0.7832900924388664,2,2,543,1,0,82,1
1085,31,0.9627848079807322,5,2,329,1,0,39,0
1086,73,0.12665587284719393,2,1,502,3,0,29,1
1087,68,0.4206302368788194,4,0,152,2,0,65,0
1088,24,0.48094160808430353,2,0,216,3,0,35,1
1089,20,0.3763118169549976,5,0,488,3,1,53,1
1090,64,0.363189123716225,6,0,271,1,1,47,0
1091,40,0.05226866756159654,1,2,399,3,0,49,1
1092,63,0.6855386205626233,8,0,349,3,0,88,1
1093,60,0.4362144171200454,2,2,421,1,0,11,1
1094,64,0.19479380264392676,5,2,260,1,0,78,1
1095,62,0.8160335023020684,8,0,518,0,0,10,1
1096,35,0.8025607481516279,5,0,263,2,1,93,0
1097,55,0.4863916280888938,3,0,317,0,0,54,1
1098,52,0.29845066114776053,6,1,115,1,0,74,1
1099,68,0.6380927257964524,1,2,211,4,0,49,0
1100,32,0.28815213577740306,1,0,159,3,0,58,1
1101,42,0.23600793032371203,8,1,476,3,0,21,0
1102,72,0.7305146540263266,7,2,147,1,0,90,1
1103,54,0.0403252397209507,10,2,446,3,0,91,0
1104,45,0.09476847103459396,10,2,77,0,0,33,1
1105,27,0.006788174023589777,3,0,261,3,2,68,0
1106,56,0.15294318647542615,8,0,51,4,0,75,0
1107,74,0.06899000871045946,8,2,257,2,0,24,1
1108,34,0.9958023677799186,1,2,550,0,0,30,1
1109,56,0.2888099699540896,10,1,247,2,0,97,0
1110,39,0.14926801266924727,7,1,287,2,0,33,1
1111,43,0.24099625799591795,2,2,253,4,0,11,1
1112,61,0.9361255715401346,2,1,213,4,0,38,1
1113,42,0.5201602230243957,2,2,91,4,0,9,1
1114,34,0.3648180963078569,5,1,543,4,0,81,1
1115,30,0.8733914579092193,7,2,231,0,0,10,1
1116,37,0.39499027054903246,4,0,12,4,2,37,1
1117,42,0.3350085699576958,4,2,532,0,0,47,0
1118,21,0.20728252254973556,9,0,444,3,2,63,0
1119,27,0.3777968239094115,10,2,502,2,0,37,1
1120,20,0.316684356016926,9,0,525,3,0,87,1
1121,58,0.677303959298141,7,1,405,3,2,65,0
1122,62,0.2895827046707271,10,0,543,1,0,22,0
1123,35,0.5771997464225614,4,1,287,3,0,18,0
1124,64,0.0658921650319727,8,2,425,3,0,25,0
1125,53,0.19128915669651436,10,1,435,1,0,43,0
1126,64,0.40740527161134876,3,1,80,3,2,38,1
1127,39,0.9369492539086954,3,1,487,1,0,35,0
1128,51,0.3772519857156954,7,2,181,0,2,85,0
1129,64,0.6640741211998341,9,0,357,2,0,11,0
1130,25,0.25508722242139814,4,1,254,4,0,89,0
1131,57,0.12703357597323173,4,2,165,3,0,75,0
1132,66,0.05853660008005013,1,1,464,0,0,5,0
1133,61,0.30541349854275135,1,0,255,2,0,90,0
1134,36,0.15766102679690797,3,1,422,0,0,26,1
1135,59,0.1740104480161242,7,1,197,1,0,91,0
1136,58,0.76075930838695,9,1,212,0,1,96,1
1137,54,0.015838070944874216,4,0,556,3,1,67,0
1138,23,0.5578101257354344,2,0,524,3,0,66,1
1139,69,0.3794613805934648,6,2,51,4,1,50,0
1140,43,0.5065499999085472,6,1,264,4,1,61,1
1141,51,0.5628302372146029,9,1,324,3,0,98,0
1142,73,0.3133676944572782,4,1,554,0,0,49,1
1143,62,0.2951088601842853,8,1,6,3,0,78,0
1144,23,0.7334018493349057,3,0,43,0,1,80,1
1145,54,0.8712769881211572,2,0,171,3,0,84,1
1146,74,0.19258163245852788,9,1,101,2,0,89,1
1147,50,0.09761876053514895,6,1,579,0,0,17,0
1148,70,0.8977958063920259,8,1,588,1,0,72,1
1149,39,0.34989546364739865,10,1,295,1,0,41,0
1150,38,0.5513173906628142,9,2,204,4,0,98,0
1151,23,0.35954314452000347,1,2,490,2,0,94,1
1152,23,0.1258023363460513,1,1,317,1,0,18,0
1153,72,0.589331644947728,5,1,170,3,0,41,1
1154,65,0.5251408517696297,9,1,217,1,0,93,1
1155,21,0.20299355919119721,7,2,500,3,1,95,0
1156,47,0.45186904465227784,7,0,192,2,0,18,1
1157,28,0.7969475040156458,2,2,332,4,0,70,0
1158,47,0.5904261031078913,3,2,152,1,0,70,1
1159,48,0.09691732706699485,4,1,552,4,1,37,1
1160,41,0.5480214972291351,2,1,22,2,0,6,0
1161,72,0.7027382992895869,10,0,215,0,0,57,1
1162,26,0.7927034057807514,9,1,42,2,1,93,1
1163,72,0.6291175786342668,5,1,360,2,0,59,1
1164,20,0.15265816454078374,7,0,413,2,0,49,0
1165,68,0.7101732665901607,9,1,417,0,0,41,1
1166,48,0.6773418460815164,5,1,315,0,0,31,0
1167,57,0.02442688294063322,6,1,429,2,0,94,0
1168,54,0.41174766759024317,4,2,498,0,0,56,0
1169,53,0.3329502469623733,8,1,348,3,1,90,1
1170,41,0.6694120642536434,1,2,74,2,0,51,1
1171,48,0.21613581231092072,1,1,232,1,0,62,0
1172,23,0.5908719229742585,5,1,569,3,0,11,1
1173,19,0.9132059618141724,10,2,37,2,0,17,1
1174,37,0.7978023722086077,9,2,261,1,0,52,1
1175,45,0.9214577362165304,2,1,445,1,0,32,1
1176,28,0.97850596693269,3,0,211,4,2,49,1
1177,21,0.010670127006162766,8,1,457,4,0,60,0
1178,32,0.6227412763774776,5,2,281,1,0,96,1
1179,23,0.41283939775890643,3,1,569,2,0,92,0
1180,71,0.8598544903351217,6,1,564,2,1,39,1
1181,66,0.2518147020091317,6,2,205,2,2,59,0
1182,47,0.9810294891150761,5,0,4,2,1,41,0
1183,73,0.6137079695437473,5,0,242,1,0,13,1
1184,55,0.793537402228831,6,2,147,0,2,7,1
1185,68,0.08559955282276832,2,2,322,0,0,6,0
1186,74,0.18345788475886504,6,1,386,2,0,62,0
1187,19,0.7584036730342032,2,2,392,4,0,26,0
1188,32,0.02198652203932361,3,2,249,1,1,89,1
1189,28,0.8168779858937828,2,1,427,0,1,28,1
1190,25,0.013949018691911452,1,1,368,1,1,82,0
1191,43,0.6571188390612733,1,1,446,4,1,58,1
1192,68,0.36509392023180587,9,0,21,1,0,21,1
1193,62,0.6114948527191991,4,0,549,4,1,62,1
1194,61,0.6960314069891137,5,2,538,4,0,62,0
1195,22,0.3424752191863042,10,1,281,3,0,25,1
1196,23,0.10796244811083555,7,2,278,4,0,81,1
1197,43,0.06964586774826564,2,2,119,3,2,67,1
1198,71,0.5889360225625478,10,0,252,4,2,67,1
1199,21,0.5206553537341115,9,0,476,4,0,48,0
1200,36,0.7422010091211325,4,2,64,1,0,44,0
1201,37,0.5097355100039371,10,1,585,3,0,79,1
1202,50,0.4224457900308791,10,0,302,0,0,70,0
1203,37,0.39808717823623085,1,0,316,0,0,96,0
1204,66,0.026446902597667465,8,0,173,1,0,71,1
1205,29,0.33555720169665715,4,2,414,0,0,83,1
1206,64,0.9760201575244942,7,0,259,0,0,50,1
1207,18,0.8735555762270888,3,1,284,4,0,28,0
1208,43,0.3293780670342177,9,0,72,2,0,76,1
1209,31,0.5877954050663722,5,2,78,2,0,74,1
1210,55,0.847296745535494,5,2,43,0,1,55,1
1211,54,0.44127433675006866,3,2,2,1,0,81,0
1212,28,0.01795786375015096,9,2,442,1,1,96,1
1213,53,0.07451046181864007,3,1,78,3,0,8,0
1214,30,0.5103927213487066,2,2,376,1,0,35,0
1215,60,0.9694393756758783,9,0,138,1,2,69,1
1216,20,0.6932095422188678,9,1,6,4,0,34,1
1217,50,0.07091619143856953,10,2,512,4,0,76,0
1218,23,0.18936087579186278,4,2,76,0,1,44,0
1219,67,0.77132314321685,4,1,42,1,0,18,0
1220,73,0.8414397599562448,10,0,156,2,0,48,1
1221,27,0.6176945861885909,6,1,529,1,0,96,0
1222,22,0.6444231696298166,9,0,219,1,0,38,1
1223,40,0.028337450383384644,8,0,584,0,0,43,0
1224,27,0.8285302595815085,10,2,189,2,0,8,0
1225,61,0.7882752081708296,3,1,261,0,0,92,0
1226,19,0.25903514410334716,6,1,143,1,1,31,0
1227,30,0.708676719965507,7,2,484,2,2,46,1
1228,57,0.2148546064249981,6,2,277,1,0,15,1
1229,19,0.04033016105151299,3,0,306,0,0,91,0
1230,37,0.20113654259037728,9,2,549,0,1,36,0
1231,18,0.1786288767542995,4,1,155,4,0,54,0
1232,54,0.33774799673484723,2,2,299,2,0,57,1
1233,26,0.4184494971754581,9,2,346,4,0,8,0
1234,34,0.5085388914977079,3,2,422,2,1,23,1
1235,26,0.47675387550832815,6,2,425,3,0,75,1
1236,28,0.27067460596528936,5,2,41,2,2,37,1
1237,32,0.029170668574074465,2,0,315,1,1,82,0
1238,41,0.6051016222371507,1,2,76,2,0,81,0
1239,55,0.3957448298473544,9,2,95,4,1,74,1
1240,72,0.2986721573875497,3,1,262,0,0,87,0
1241,52,0.8669410428305123,7,2,204,0,0,59,1
1242,47,0.7467433077981598,9,1,287,2,0,13,0
1243,48,0.8577655483724422,9,1,262,3,1,66,1
1244,66,0.494982794712461,10,1,587,0,1,66,1
1245,22,0.13093125212677748,6,1,314,0,0,52,0
1246,61,0.6962214361212724,8,0,368,0,0,94,1
1247,67,0.20607377993717524,9,0,596,3,0,72,0
1248,31,0.4412296690917168,3,1,251,4,0,52,0
1249,70,0.0650007889488885,6,0,332,2,2,96,0
1250,73,0.8253084024229824,5,0,425,3,1,31,1
1251,28,0.12594064104750058,7,2,294,2,1,59,1
1252,26,0.9030975070493097,7,0,284,1,1,48,1
1253,51,0.8642306022615571,9,1,316,2,0,75,1
1254,29,0.46458276443924607,1,1,511,0,0,56,1
1255,52,0.7443682043039906,6,1,28,3,0,61,0
1256,52,0.6194450738181533,5,1,293,3,0,13,1
1257,18,0.8030756423377449,4,2,6,4,1,12,1
1258,57,0.43180510078591205,10,0,541,1,0,60,0
1259,39,0.78580848424435,1,1,214,4,1,14,0
1260,46,0.46245681706514796,4,2,214,4,1,69,1
1261,25,0.9409657878427938,10,1,163,1,1,76,1
1262,28,0.4863721008251476,7,0,169,0,0,49,0
1263,58,0.46261927193372954,4,2,220,3,0,43,0
1264,54,0.7850718615635127,1,0,259,2,0,50,0
1265,31,0.821577691760838,10,2,260,1,1,21,1
1266,47,0.5544891143211708,1,1,565,4,1,86,1
1267,52,0.1797978134950754,1,1,471,2,0,71,0
1268,38,0.4677582309575795,10,0,254,1,0,80,1
1269,54,0.9680725029096784,5,0,277,1,1,66,1
1270,22,0.7529861930391851,7,2,558,0,0,72,0
1271,36,0.8111626038791322,9,0,23,0,2,40,1
1272,31,0.03282549881924013,8,0,432,3,0,13,0
1273,43,0.4678594626341599,2,1,477,3,2,39,1
1274,21,0.6466211336575554,9,1,493,2,0,71,1
1275,42,0.8300326836280747,4,1,381,3,0,93,1
1276,62,0.04927365358277147,10,1,373,1,0,56,0
1277,59,0.8524388856418731,5,1,552,1,1,94,0
1278,42,0.5484009367419117,5,1,322,1,0,95,0
1279,35,0.19731397057605993,4,1,88,1,0,32,0
1280,57,0.3172552164497,6,2,91,0,0,62,0
1281,25,0.28192955175156076,1,1,376,1,2,87,0
1282,56,0.5308590342884758,2,1,80,1,0,28,1
1283,57,0.05168567991113182,4,1,99,1,0,63,0
1284,31,0.15853615849992353,4,1,589,4,0,41,0
1285,49,0.8126930433757824,8,1,554,2,0,42,1
1286,68,0.13260399074681106,9,0,122,2,0,29,1
1287,55,0.23339626945812697,4,0,395,1,0,19,0
1288,50,0.4533706056041573,6,1,22,1,1,20,1
1289,40,0.5171208881133305,4,1,518,2,0,59,1
1290,32,0.7636104796141586,4,1,276,3,0,8,1
1291,50,0.4473324266661878,9,2,94,4,0,30,0
1292,42,0.7898646210355388,4,1,381,4,0,43,0
1293,34,0.6183463070454575,6,2,376,3,0,61,1
1294,50,0.11309973942382245,9,2,24,1,1,51,1
1295,64,0.15633143839283858,3,1,290,2,0,94,1
1296,72,0.4370337254497708,7,0,226,4,1,52,0
1297,19,0.3968893930890396,7,1,172,3,0,96,0
1298,31,0.7435442696372946,1,1,452,3,0,53,1
1299,70,0.5807371397973519,2,0,287,0,2,41,1
1300,57,0.3881330810022493,5,0,68,3,0,42,0
1301,57,0.17076028345038563,8,1,280,0,0,66,0
1302,68,0.22683710232549514,6,1,341,0,0,65,0
1303,56,0.575501018469059,7,2,332,4,1,78,1
1304,68,0.42343880489979246,3,0,385,1,0,12,1
1305,23,0.5149275088606721,6,2,341,1,2,42,0
1306,23,0.17067743530223367,9,2,316,3,0,40,0
1307,20,0.6629062523445658,3,2,306,2,0,89,0
1308,24,0.852538740855967,6,2,172,2,0,60,1
1309,68,0.2579395067869006,7,0,543,0,0,49,1
1310,25,0.4915142258318266,5,0,199,3,0,54,0
1311,59,0.9755273290209018,10,0,591,3,0,24,1
1312,69,0.33324174055072764,8,1,74,1,1,67,0
1313,32,0.5950463449237612,8,2,596,2,0,59,1
1314,64,0.09019570020024437,6,1,216,4,1,38,0
1315,46,0.6060150024794432,7,0,531,3,1,96,1
1316,50,0.08963177330461791,3,0,448,3,0,36,1
1317,69,0.959235435323822,7,1,6,1,0,80,1
1318,47,0.7156626520723114,7,2,392,4,0,77,0
1319,56,0.7881597881357064,4,0,597,4,0,47,1
1320,44,0.7041043607716369,10,2,385,4,1,83,1
1321,53,0.5897290360764658,4,2,500,4,0,17,1
1322,46,0.44991278108550536,3,0,146,2,0,6,1
1323,55,0.8583733797610624,10,1,315,0,1,65,1
1324,74,0.956835667543063,7,2,453,4,0,88,1
1325,50,0.4990361729040813,5,1,186,0,0,18,0
1326,54,0.931535049155262,3,2,324,0,0,46,1
1327,44,0.5833329099885175,6,2,317,1,0,19,1
1328,72,0.5383841868964332,6,0,393,4,1,97,0
1329,50,0.4544827329553567,6,1,378,2,0,89,0
1330,21,0.20928776153011985,2,2,473,1,0,14,1
1331,39,0.0037196608180591895,10,1,17,1,2,60,1
1332,19,0.24150622685606127,7,2,148,0,0,57,1
1333,27,0.5097231716035652,7,1,557,3,0,62,0
1334,22,0.37995995225975254,10,1,11,2,0,89,0
1335,27,0.4484852280026338,4,0,461,4,0,85,1
1336,50,0.9806482195640496,6,2,159,4,1,66,1
1337,71,0.3502723706693276,4,2,566,2,0,61,0
1338,55,0.4521829393601079,4,2,265,4,0,67,1
1339,30,0.13351555135281956,6,2,546,3,1,8,1
1340,48,0.04795773243698764,9,0,79,3,0,82,1
1341,64,0.7754095145924946,7,0,517,4,0,86,1
1342,53,0.5706831750719786,2,2,67,1,0,38,0
1343,62,0.760704806043895,6,1,243,4,0,36,1
1344,41,0.14986279888655163,5,0,8,4,0,82,1
1345,69,0.5718287711826909,6,1,156,2,0,38,1
1346,73,0.25364247434137555,8,1,582,3,1,74,1
1347,32,0.22806181690001992,8,1,463,1,0,44,1
1348,46,0.011526014052985256,3,2,299,2,0,39,1
1349,25,0.1303407235690719,9,0,319,2,0,19,1
1350,22,0.30926811149969535,6,2,248,1,0,55,0
1351,46,0.11687876059093905,7,1,322,1,1,24,1
1352,64,0.9858584404109375,9,2,555,2,0,96,1
1353,21,0.30863264852395067,7,1,461,4,0,41,0
1354,29,0.13032394670232816,10,2,397,1,0,42,0
1355,62,0.19908231282795774,9,2,392,0,0,25,0
1356,19,0.5877032283414765,1,0,227,1,0,92,1
1357,44,0.06404352386478851,1,0,568,2,0,14,0
1358,48,0.8624341301411569,3,1,243,0,1,58,1
1359,68,0.9614996792371473,9,1,56,2,0,13,0
1360,68,0.24674742066738087,1,1,142,3,0,90,1
1361,53,0.45009526859085935,1,2,191,3,1,46,1
1362,53,0.02213445102949707,5,1,518,4,0,20,0
1363,43,0.6407102247272215,8,0,403,1,0,28,1
1364,60,0.41392605805258886,2,1,274,2,0,8,0
1365,44,0.2700584661015557,4,1,38,0,0,48,0
1366,22,0.20683711061660848,6,2,192,1,0,27,0
1367,37,0.6540230776587604,1,0,326,4,0,46,1
1368,28,0.41621703103231444,4,1,482,2,0,90,1
1369,27,0.17965928902991202,4,0,24,2,0,70,1
1370,57,0.689109081486824,9,1,101,3,0,96,1
1371,55,0.5650722830366937,9,0,216,4,0,23,0
1372,23,0.8586720549294962,6,1,266,2,0,24,1
1373,25,0.1174758988764929,8,1,161,3,0,32,0
1374,40,0.7856666019444561,10,2,286,3,0,28,1
1375,64,0.673516786817259,4,2,246,0,1,95,1
1376,43,0.11501093682809782,10,0,173,4,0,6,1
1377,63,0.6948207298717207,8,0,395,4,1,11,0
1378,60,0.4415472888798304,3,0,8,2,2,5,0
1379,29,0.9449847855558431,2,0,447,0,1,15,0
1380,43,0.1416113506178993,6,2,570,1,0,55,0
1381,30,0.642833390815738,5,0,596,2,0,64,1
1382,57,0.38198004546294595,8,1,320,3,0,35,1
1383,35,0.9568146705908778,1,1,571,1,2,34,1
1384,42,0.32997489529027646,10,1,124,1,0,81,1
1385,50,0.9621859094918002,3,2,40,2,0,28,1
1386,64,0.9014858511007491,7,0,336,0,0,22,1
1387,57,0.27038323531065633,10,1,325,4,1,62,1
1388,60,0.8035417768264277,4,1,185,0,0,81,1
1389,29,0.995604201803506,10,2,240,2,0,21,1
1390,61,0.25266300217128235,5,2,338,4,0,50,0
1391,53,0.43677716932331967,8,2,93,1,1,98,0
1392,65,0.5201807365667597,1,1,415,3,0,23,0
1393,21,0.2949311358038643,1,2,62,0,1,16,0
1394,22,0.01526483964602976,7,1,519,4,1,94,0
1395,73,0.22012924419752666,9,0,208,0,1,86,1
1396,54,0.28193688434175845,4,1,208,4,0,16,1
1397,25,0.44359970131818716,8,0,375,3,0,54,0
1398,59,0.17110247841340187,10,1,84,2,0,70,0
1399,66,0.8732543566916726,7,0,206,2,0,24,1
1400,45,0.7049111327313361,2,1,346,4,0,10,1
1401,48,0.08520047755966198,5,1,160,4,0,5,0
1402,26,0.6500924511399314,9,1,449,2,0,94,0
1403,71,0.6536564764056204,9,1,115,1,0,11,0
1404,68,0.9562211736436277,3,2,361,1,0,59,1
1405,46,0.0030208713561612477,3,1,250,1,1,78,0
1406,31,0.2479324498058072,2,1,182,3,0,19,1
1407,57,0.9277914793753155,7,2,327,4,0,99,1
1408,58,0.932133915398283,6,2,591,0,0,28,1
1409,39,0.7205864193706374,5,2,6,0,0,33,1
1410,28,0.76576332104754,7,2,598,4,0,86,1
1411,40,0.09148295792964711,4,2,519,2,0,75,0
1412,18,0.5138758347782336,5,2,386,4,0,38,0
1413,63,0.2315829912889994,9,2,369,1,0,82,0
1414,54,0.18121804361361726,9,2,547,1,0,88,0
1415,38,0.8103032991233325,4,2,78,0,0,97,1
1416,43,0.13503813668054743,6,2,220,4,0,41,1
1417,63,0.46865163699638523,2,2,598,0,1,46,1
1418,53,0.938578239586033,3,0,569,2,1,68,1
1419,71,0.18583205556534255,9,1,411,3,0,99,1
1420,40,0.9779934237382346,6,1,478,3,0,23,0
1421,74,0.994287985761059,8,2,96,2,2,27,1
1422,18,0.5556171546824029,5,2,392,1,1,75,1
1423,71,0.17014274017715791,2,0,467,1,0,10,0
1424,72,0.31610488794089564,7,2,370,1,0,97,1
1425,68,0.42449283267653515,6,0,392,0,0,59,1
1426,57,0.30932422435822293,2,1,17,0,0,81,0
1427,32,0.2806355798765158,6,1,183,3,0,43,0
1428,38,0.9722297092163575,8,2,142,1,0,29,1
1429,64,0.15336482741574564,1,0,462,1,1,87,1
1430,26,0.7333279087168623,4,0,506,2,1,8,0
1431,70,0.00041028943917487126,1,1,333,3,0,92,1
1432,26,0.5961826694023769,2,1,61,0,0,37,0
1433,27,0.9159430039540524,1,0,162,3,1,70,1
1434,69,0.287934094093219,6,0,551,1,0,6,0
1435,74,0.1855259752577192,6,1,178,1,1,18,0
1436,70,0.651679794878427,1,0,234,0,0,54,1
1437,43,0.7126014072983932,4,1,59,0,2,15,0
1438,58,0.6880305189519813,4,0,227,3,0,38,0
1439,52,0.31931688002137404,8,2,238,4,0,42,0
1440,69,0.2522024021593309,6,1,567,1,0,96,0
1441,42,0.9559187999620442,2,0,83,1,1,43,1
1442,43,0.9232995082699295,5,1,40,4,0,26,0
1443,28,0.4573166098928203,4,0,437,3,0,46,1
1444,55,0.8461938661543734,10,2,528,2,0,99,1
1445,19,0.45232347763429603,4,2,104,2,1,61,1
1446,24,0.4243890180725104,8,2,536,1,0,82,1
1447,35,0.15676294759929466,5,1,381,2,0,42,0
1448,44,0.42640605649197283,3,2,92,3,0,13,0
1449,51,0.537416938599807,10,1,214,2,0,92,1
1450,44,0.022504327428686466,4,2,216,0,0,33,0
1451,34,0.4441130051754064,1,1,488,3,0,73,1
1452,60,0.7813562183952003,6,2,150,4,0,46,1
1453,61,0.6800460563742698,10,0,373,1,1,64,1
1454,68,0.635156988863935,4,0,448,3,0,43,1
1455,71,0.9095554284372025,6,1,421,2,0,95,1
1456,41,0.01803200982523001,2,2,206,3,1,76,0
1457,42,0.5570475861922342,5,2,476,4,0,97,1
1458,24,0.7873488484097071,9,0,587,3,1,64,1
1459,69,0.5413353827012672,8,2,563,4,0,57,1
1460,23,0.32389555258037916,3,2,225,4,0,80,0
1461,70,0.13625056509197786,1,1,386,3,0,12,1
1462,41,0.8875630718161913,10,0,105,1,0,25,0
1463,50,0.470762392387603,3,2,75,1,2,60,1
1464,66,0.8781151969857014,8,2,515,2,1,52,1
1465,46,0.5858521224331683,3,1,186,3,1,51,1
1466,60,0.6741921166150008,5,1,531,3,0,13,0
1467,39,0.80426115437845,2,1,274,0,0,82,1
1468,43,0.6591555446001344,1,1,538,1,0,5,0
1469,45,0.3980548406789377,10,2,17,4,0,59,0
1470,67,0.513633383928651,5,2,284,0,0,35,1
1471,38,0.8030455246758799,5,2,301,3,0,84,1
1472,66,0.3736502963729842,6,1,498,0,1,95,1
1473,24,0.3881214567684971,2,2,256,1,0,15,0
1474,34,0.09569011605800115,9,0,218,3,0,70,0
1475,37,0.9145844352217477,2,0,356,1,1,64,1
1476,58,0.09103631494544173,2,2,255,0,0,35,0
1477,66,0.6482091774485559,5,1,273,2,0,54,0
1478,37,0.4131944788027977,9,0,333,4,0,64,1
1479,71,0.40561939025544236,4,2,367,4,0,92,1
1480,39,0.6795518365726839,6,0,14,2,2,66,0
1481,45,0.06709373262987872,2,0,178,2,0,43,0
1482,57,0.5937057829514346,4,0,444,2,2,7,0
1483,66,0.7720317859723548,9,0,402,1,0,62,0
1484,24,0.8282127578865942,2,2,87,3,0,72,0
1485,18,0.1705303893937753,1,0,93,2,0,34,0
1486,49,0.8974190500781737,4,2,394,1,0,71,1
1487,30,0.6561460918474422,4,0,27,0,1,72,1
1488,47,0.8818548008206828,1,0,74,0,0,62,0
1489,40,0.48528071711019827,4,0,53,2,0,81,0
1490,68,0.542033345097202,3,2,320,0,0,57,1
1491,73,0.9190382770286711,2,0,558,2,0,18,0
1492,36,0.8999095433546718,10,0,233,0,0,14,1
1493,49,0.448160873369002,4,1,229,0,2,82,1
1494,47,0.27441263163568175,8,0,331,3,0,85,0
1495,46,0.39317043456426415,7,1,471,3,0,26,1
1496,66,0.38776432852974974,9,2,316,0,2,67,1
1497,62,0.28686687498279395,8,0,100,3,0,65,1
1498,46,0.26857960433296657,1,0,247,2,1,50,0
1499,47,0.8610629364797194,2,1,479,4,0,41,1
1500,33,0.06986192068466168,2,1,220,2,0,25,1
1501,57,0.6776111820995941,8,0,338,3,0,93,1
1502,36,0.1728200514564523,4,2,147,1,0,7,1
1503,35,0.34450589339406323,9,1,295,0,0,23,1
1504,18,0.06154303413483686,2,0,406,3,0,36,0
1505,31,0.26997363685546205,4,1,580,3,0,83,0
1506,68,0.7684210711172421,1,2,477,3,0,28,0
1507,64,0.8850153245472586,3,1,23,2,1,77,1
1508,67,0.22152715190236705,6,0,185,0,0,78,0
1509,19,0.46354783925892185,9,1,169,4,0,52,1
1510,71,0.4703240479372064,1,2,543,3,0,62,1
1511,45,0.8735753057597342,5,0,437,1,0,44,0
1512,66,0.7627990528758054,2,0,300,0,0,11,1
1513,67,0.5130772183680499,7,0,363,4,0,50,1
1514,47,0.6707472004717734,4,0,176,1,0,95,0
1515,55,0.8473550539093668,5,2,143,4,0,19,1
1516,68,0.009538954025544943,8,0,522,4,0,89,1
1517,21,0.4028900310500486,2,2,480,0,0,78,0
1518,18,0.9072431672770787,3,2,491,2,2,91,1
1519,25,0.7403130308439514,5,1,485,1,0,9,1
1520,46,0.5428413743340746,10,1,484,3,0,63,1
1521,72,0.5296445270351334,4,0,436,4,0,74,1
1522,56,0.3477700976044378,5,0,194,1,0,26,1
1523,20,0.5205205336415145,3,2,465,0,0,32,0
1524,49,0.6553831994634532,9,1,75,1,0,58,0
1525,27,0.4183630384287931,8,0,159,3,0,23,0
1526,27,0.714153146392174,6,0,489,3,0,18,0
1527,36,0.8612322272603858,1,2,99,0,0,52,1
1528,63,0.15468484818486117,4,1,115,1,1,11,0
1529,51,0.4515470228174244,7,0,379,2,0,83,0
1530,50,0.4080200912850811,10,0,594,2,0,36,1
1531,40,0.6874648040497281,5,0,62,4,0,26,0
1532,72,0.24986746525792936,4,0,131,4,1,50,1
1533,45,0.6402509149522763,9,0,247,1,0,89,1
1534,49,0.877489241731488,8,0,394,4,0,87,1
1535,67,0.4181315997936227,3,1,410,3,0,17,0
1536,24,0.91101569997922,6,2,427,0,1,26,1
1537,46,0.9931637389334784,4,2,325,4,0,14,1
1538,25,0.10609204994795207,7,2,545,2,1,48,0
1539,18,0.23305318798485863,1,0,374,3,0,28,0
1540,74,0.9503797514820932,1,2,297,2,0,63,1
1541,72,0.9583276864813868,6,1,278,4,0,66,0
1542,20,0.0977072753867585,10,0,295,4,0,76,0
1543,41,0.014998500377136681,7,1,526,3,0,76,0
1544,40,0.16110002325642225,9,0,114,2,0,59,1
1545,25,0.9960127833822483,7,0,492,0,0,53,0
1546,71,0.17999961661068686,9,2,56,0,0,54,0
1547,74,0.5025476067220231,10,1,141,3,0,23,1
1548,64,0.848417726430511,9,2,408,4,0,86,0
1549,54,0.02040161068820634,8,0,77,3,0,62,0
1550,20,0.6044889822584595,7,1,1,2,0,52,1
1551,68,0.2770254488696243,3,1,34,0,1,97,0
1552,50,0.8623349164397316,3,0,394,4,0,76,1
1553,45,0.28346114926407917,5,2,217,2,0,16,1
1554,64,0.6867557202819089,7,0,66,0,0,90,1
1555,25,0.6742196324473969,10,1,68,0,2,24,1
1556,51,0.22149354885964,7,1,223,1,1,49,0
1557,52,0.03479919986835012,1,1,360,4,0,30,0
1558,49,0.4092495737853973,8,0,457,3,0,85,1
1559,41,0.2891931519658697,1,1,293,1,0,35,0
1560,31,0.8089777496137086,4,1,325,0,0,86,1
1561,49,0.8003641884553453,2,2,202,4,0,63,1
1562,73,0.4570239521926255,5,2,592,4,0,7,0
1563,63,0.6065122253232189,6,1,577,1,0,22,0
1564,60,0.6042595159869252,4,2,296,2,2,88,0
1565,33,0.8271581484276234,4,0,260,2,0,25,0
1566,21,0.4250024141231975,7,2,517,3,0,61,0
1567,69,0.2754466797905091,4,2,131,4,0,46,0
1568,54,0.26503491814054747,2,2,324,1,0,66,0
1569,71,0.5361922792822041,4,2,67,0,0,34,1
1570,38,0.44914820273221256,7,0,125,2,2,65,1
1571,31,0.4401207709849362,1,2,392,1,1,40,0
1572,48,0.09113733908970723,4,1,401,3,0,59,0
1573,72,0.7186037406901956,6,2,335,3,0,8,1
1574,65,0.2137366879819107,8,2,28,4,0,19,0
1575,35,0.19695363020872136,8,1,44,3,1,75,1
1576,24,0.41275832027739345,9,0,100,3,0,61,0
1577,27,0.22777834161780142,5,1,225,2,0,67,0
1578,24,0.5838582673080154,2,1,418,2,0,81,1
1579,50,0.3714633393344715,3,1,261,3,0,68,0
1580,40,0.4489117225927901,2,1,291,4,0,21,0
1581,38,0.5371693216040289,9,2,211,2,0,57,0
1582,36,0.20353552248180484,6,2,455,2,0,44,1
1583,65,0.1557516228655298,1,2,235,3,0,74,0
1584,36,0.8804219028736048,3,2,533,4,0,54,1
1585,53,0.43372370283142103,7,0,68,3,0,72,0
1586,46,0.41209360963253916,7,2,580,0,2,19,1
1587,35,0.03561215027284148,5,2,245,0,0,76,1
1588,19,0.4979763025873932,3,0,574,4,0,38,1
1589,18,0.5541697216110001,7,1,236,0,0,34,1
1590,64,0.5588408709546665,5,2,330,4,2,91,0
1591,22,0.7070311693228843,6,2,362,0,1,77,1
1592,37,0.17748183499101178,3,1,530,1,0,28,0
1593,28,0.2522231342306188,6,2,464,2,0,12,1
1594,59,0.8107304652304127,7,1,228,3,0,61,0
1595,19,0.947170616843394,8,1,508,4,1,74,0
1596,20,0.13593274736732064,2,1,381,0,1,29,1
1597,40,0.4976495545052182,2,2,126,1,0,81,0
1598,72,0.21417625273958685,6,1,113,0,2,38,0
1599,29,0.06007316835498244,8,2,242,1,0,29,0
1600,37,0.3255033381261354,5,0,144,3,0,22,0
1601,22,0.14368762518421274,1,1,552,2,1,77,1
1602,54,0.7099330734342463,1,2,438,2,0,74,0
1603,55,0.5337254136714444,10,1,337,1,1,18,1
1604,47,0.14383447099031088,9,2,407,0,2,10,0
1605,26,0.009241588405514367,4,2,588,2,0,86,0
1606,51,0.8081570490242127,10,0,167,0,0,94,1
1607,70,0.17619440616424753,1,1,166,4,0,40,0
1608,61,0.606216642220766,8,2,532,0,0,40,0
1609,52,0.33692191307674557,2,0,164,4,1,79,0
1610,69,0.5854859383150356,2,2,261,4,0,22,0
1611,39,0.315653626982324,1,2,563,2,1,19,1
1612,61,0.08693956069225417,1,0,260,4,2,98,1
1613,41,0.2229500085577536,9,1,174,0,1,93,0
1614,34,0.1880585664790756,1,0,95,3,1,20,0
1615,27,0.42801935243964384,6,1,356,0,0,80,1
1616,47,0.6582837834261573,7,2,369,1,0,18,1
1617,73,0.26380607494635755,4,2,551,1,2,51,0
1618,63,0.012069935300617951,5,0,141,0,0,58,0
1619,40,0.5189373642647569,4,0,166,1,1,62,0
1620,49,0.6057594893589721,4,0,318,3,0,81,1
1621,34,0.9628704940018097,10,2,334,1,0,34,0
1622,67,0.5894708030932468,1,1,473,2,0,50,1
1623,68,0.47117255937814184,6,0,144,3,1,20,1
1624,34,0.5734016258977038,10,1,53,2,0,5,1
1625,31,0.927900629862027,10,0,121,2,0,45,0
1626,26,0.8283781456016462,7,0,123,3,0,97,1
1627,57,0.322978733363808,7,0,166,2,0,31,1
1628,19,0.23725436365713726,8,0,21,1,0,81,0
1629,62,0.26263361236607363,7,2,275,0,0,66,0
1630,42,0.504421039715213,6,2,407,3,1,85,0
1631,56,0.7440494512285778,8,0,481,0,2,32,1
1632,26,0.5032192071829621,3,2,298,3,0,24,1
1633,71,0.06779639582811259,9,2,276,3,0,59,1
1634,39,0.7235807004399809,3,2,321,2,0,55,1
1635,60,0.8059701286709539,4,2,114,0,0,73,1
1636,63,0.28949786511971964,10,1,271,1,0,92,1
1637,21,0.6641257392833504,6,1,167,0,0,77,0
1638,43,0.4265919010543934,8,2,435,3,0,38,1
1639,46,0.8891193557274428,3,1,263,1,0,31,1
1640,62,0.8452255581607399,10,0,249,2,0,42,0
1641,51,0.5254319983096423,6,1,461,1,0,33,1
1642,40,0.6915055458135945,5,0,438,1,1,39,1
1643,54,0.883349701022104,5,1,341,0,1,24,0
1644,28,0.4957170100782755,5,1,465,3,0,23,0
1645,23,0.31325074048882195,9,0,57,3,0,9,0
1646,35,0.7536661379095813,7,0,4,3,0,29,0
1647,38,0.22006625478469177,9,2,264,4,0,97,0
1648,59,0.38853114800604205,9,1,248,2,0,30,0
1649,53,0.8657272371067937,6,0,94,0,0,55,1
1650,58,0.7244223402693151,6,2,456,3,0,70,1
1651,55,0.40381100524749924,4,0,316,1,0,65,1
1652,51,0.2147445024083574,8,2,118,4,0,19,1
1653,34,0.3559683908322365,2,2,201,2,1,49,1
1654,54,0.284104149227433,5,0,52,3,1,10,0
1655,42,0.17608928794385392,1,0,316,4,2,62,0
1656,55,0.7433329135656567,10,1,243,2,0,5,1
1657,29,0.2520698868501715,2,1,93,1,0,77,0
1658,40,0.4541674701677638,1,2,551,4,0,47,0
1659,70,0.38585944683610907,6,0,279,0,0,20,1
1660,59,0.9820773786356308,2,1,91,2,2,18,1
1661,39,0.3910922441482205,4,2,37,4,0,78,1
1662,38,0.0799824827967548,5,1,412,4,0,23,0
1663,44,0.08982575257208403,7,2,242,2,0,55,0
1664,74,0.5907537213530648,10,1,363,4,1,12,0
1665,48,0.5993635517382656,1,0,63,4,0,52,1
1666,23,0.41875899048265497,5,2,200,2,1,16,0
1667,44,0.4318436923120297,4,2,306,1,0,74,0
1668,57,0.05393258284087121,7,1,174,0,2,39,0
1669,51,0.5165465103892622,10,1,596,2,0,74,1
1670,29,0.5047394753803517,7,1,547,3,0,10,0
1671,62,0.14954931855694453,8,0,98,4,0,15,0
1672,74,0.10383938611092758,4,1,225,0,0,42,0
1673,70,0.12357249059949049,4,1,548,0,0,95,1
1674,24,0.10102824649125852,10,0,272,2,0,30,0
1675,27,0.6097081955367598,5,1,185,3,1,32,1
1676,62,0.19648265240291862,5,0,451,3,1,76,0
1677,34,0.25143015218746345,3,0,560,1,0,93,0
1678,43,0.17357214415143973,5,1,504,3,0,87,1
1679,38,0.9578353044485031,5,0,93,2,0,84,0
1680,45,0.8546174631518354,8,1,306,0,0,54,1
1681,63,0.23049483735152088,7,0,516,0,1,62,0
1682,19,0.327566293922126,8,2,173,3,0,30,0
1683,71,0.20989284230499716,5,1,72,4,0,48,0
1684,60,0.49187595946082374,2,2,144,1,0,19,0
1685,18,0.019610532474253595,8,2,55,3,0,80,1
1686,68,0.6713680088967957,9,2,243,2,0,28,0
1687,70,0.5231581498176416,2,2,203,1,0,81,1
1688,53,0.8986389283011033,1,1,590,3,0,63,0
1689,68,0.16439268432841414,6,0,15,1,0,61,1
1690,43,0.8041092460611317,3,1,125,4,2,21,1
1691,46,0.7919610144667157,1,1,598,2,0,81,0
1692,38,0.12718118921688693,6,0,465,3,1,85,1
1693,28,0.3985592241441276,8,2,427,0,0,5,1
1694,57,0.1701526411445169,9,0,350,2,0,15,0
1695,28,0.2547205004575489,6,2,554,4,0,24,1
1696,53,0.26324617483054435,6,1,78,4,0,35,0
1697,66,0.5562363940257727,1,0,500,0,0,43,0
1698,56,0.4114109317604655,5,0,378,2,0,67,0
1699,57,0.9477328040063053,3,2,263,3,0,10,0
1700,52,0.12637014194700513,7,0,304,0,0,32,1
1701,71,0.9736921348501988,9,1,487,3,0,55,1
1702,51,0.23063864021426395,6,0,124,1,0,57,0
1703,72,0.7728739363818531,5,0,80,3,0,48,1
1704,64,0.3389699261728214,7,1,174,1,1,69,0
1705,41,0.1430813954173139,9,2,124,3,1,84,1
1706,71,0.8578891852462399,5,0,347,1,1,16,1
1707,39,0.3088608992364632,5,2,366,2,0,32,1
1708,22,0.6588554042268422,10,0,534,4,0,83,0
1709,73,0.5664436850866266,4,1,414,2,1,76,0
1710,50,0.4717563093908743,5,2,573,0,0,72,1
1711,53,0.4958194726485391,7,0,251,2,0,99,1
1712,64,0.7322379140922876,3,2,568,2,0,34,1
1713,37,0.08777291412344057,4,0,233,4,0,39,1
1714,36,0.6681806619579052,9,1,357,2,1,10,0
1715,52,0.8958121013985787,2,1,325,0,0,89,0
1716,69,0.05778819701986415,8,0,64,2,0,34,0
1717,60,0.14065333923366674,9,0,292,2,2,84,1
1718,34,0.7166319367020314,5,2,323,2,0,67,0
1719,62,0.43728164824461757,7,0,330,2,0,12,1
1720,60,0.40354862081368836,6,2,528,4,2,95,1
1721,51,0.13696663454423585,1,0,134,4,0,37,0
1722,26,0.5067700407177881,8,1,418,0,0,47,1
1723,43,0.12654531119637724,9,2,129,0,0,80,1
1724,19,0.4766204563105404,10,2,548,0,0,47,1
1725,70,0.7636152989616567,1,1,568,2,0,49,0
1726,26,0.2582643578871635,8,2,356,3,0,91,1
1727,26,0.4807861681797273,3,1,521,2,0,58,1
1728,57,0.9920159693968357,6,1,459,3,0,69,1
1729,34,0.6866504233540373,10,1,592,0,0,11,1
1730,18,0.8413567713051986,8,0,494,2,0,40,0
1731,42,0.41484760656054576,5,1,538,0,0,29,1
1732,60,0.7678609231258553,8,2,260,4,0,89,1
1733,57,0.040509172941321836,7,0,572,0,0,41,0
1734,59,0.12291118254224498,7,1,135,2,0,16,1
1735,42,0.20307059292006213,7,1,226,4,0,36,1
1736,56,0.40195192461521956,9,1,227,4,0,53,1
1737,52,0.8457448783257632,6,2,257,3,0,42,1
1738,20,0.3462660507879305,6,0,413,1,0,60,1
1739,67,0.6546211935154629,9,0,219,4,1,84,0
1740,54,0.7093142948034834,6,0,235,1,0,69,1
1741,61,0.5861823540883414,7,2,19,0,2,30,1
1742,61,0.3572419681701362,7,1,423,0,2,61,1
1743,68,0.5770533417135443,2,0,412,4,0,18,0
1744,47,0.3422655927897462,8,1,388,3,0,60,1
1745,55,0.08387373855201208,6,2,344,0,1,74,1
1746,51,0.9928039781860144,4,0,466,1,1,45,1
1747,29,0.1271824536325109,7,2,188,4,1,55,1
1748,36,0.07234838383605735,8,0,367,4,0,88,0
1749,54,0.8785307492071559,1,0,384,3,0,71,0
1750,61,0.3018346608928951,10,1,97,4,0,16,0
1751,66,0.6502969740735076,4,2,269,2,0,53,0
1752,34,0.32900572966223285,4,0,217,1,0,5,1
1753,27,0.39145427079447115,10,0,20,2,0,23,0
1754,74,0.2621129720167965,9,2,271,2,0,70,1
1755,72,0.3430440057930102,6,1,159,1,1,62,0
1756,66,0.4107004005865431,4,2,491,4,0,91,0
1757,64,0.7204160690923429,1,0,428,4,0,76,0
1758,29,0.5115361942347918,8,2,575,2,0,8,0
1759,33,0.9435652171569769,9,1,595,1,0,12,0
1760,41,0.04188039383877551,5,1,584,0,0,31,0
1761,36,0.5030683226320282,5,1,571,1,0,30,0
1762,25,0.5842247888317181,10,1,46,2,1,47,0
1763,48,0.9201969860742739,8,1,222,1,0,44,1
1764,38,0.049158523621427586,8,1,157,1,0,54,0
1765,34,0.573499584935216,5,1,46,0,0,71,1
1766,40,0.853629928527957,4,0,532,3,1,77,1
1767,54,0.24192772811923657,6,2,350,3,0,78,1
1768,71,0.8762923485239374,10,1,318,0,0,33,1
1769,33,0.019043409274291823,5,2,230,1,1,89,1
1770,23,0.7324546291337297,8,2,297,2,0,46,1
1771,25,0.933113221168653,9,0,444,0,0,22,1
1772,42,0.6571976616400622,1,2,104,3,1,85,0
1773,35,0.43902924398044796,9,2,298,3,0,25,0
1774,42,0.04488101647271803,9,1,67,0,1,71,0
1775,29,0.9201138133226288,6,1,537,1,1,66,0
1776,32,0.4702962226915748,10,2,595,4,0,31,1
1777,43,0.02899674433594801,5,1,40,2,0,97,0
1778,58,0.6898210713287619,7,0,199,4,0,51,1
1779,62,0.4818372535762582,8,2,547,2,0,97,1
1780,43,0.12434531744241073,9,2,374,4,0,30,0
1781,64,0.21427180931025958,9,0,405,4,0,13,1
1782,49,0.06449068045584627,10,0,233,2,1,95,1
1783,27,0.5742935397085736,3,0,507,2,2,16,1
1784,33,0.6220294792520092,8,0,241,3,0,20,1
1785,24,0.5057422983554444,1,2,338,1,0,51,1
1786,34,0.8171021330026149,7,1,19,1,0,60,0
1787,40,0.8610088213080136,5,1,170,3,0,70,1
1788,43,0.6156243966831266,2,1,215,4,0,55,1
1789,38,0.012756479707430546,2,1,15,2,2,31,1
1790,39,0.6952296557477357,8,0,282,0,0,77,1
1791,24,0.4179992169203516,5,1,300,4,0,70,1
1792,31,0.565557483226387,3,1,164,1,0,66,1
1793,32,0.6490806020188844,1,2,257,2,0,75,0
1794,70,0.35023661432707676,7,2,587,3,0,12,0
1795,24,0.9170985051717943,3,1,352,4,2,42,1
1796,26,0.1339748667497812,7,0,86,0,0,10,0
1797,68,0.6715118072810374,2,1,525,4,0,63,1
1798,65,0.004359579956580428,4,0,8,3,0,23,0
1799,25,0.9246511054051808,2,2,462,0,0,83,0
1800,67,0.1125041332380915,4,0,535,4,0,60,0
1801,40,0.09488423014757463,5,1,296,3,0,32,0
1802,46,0.33300763305224423,8,2,216,4,0,98,1
1803,35,0.3735662860390806,2,1,227,2,0,95,0
1804,48,0.21430007232287862,10,1,31,4,2,14,1
1805,47,0.5851216609271247,3,0,430,3,0,49,0
1806,69,0.4429140980419636,10,1,169,1,1,99,1
1807,56,0.03417558904108742,5,1,230,3,2,69,1
1808,52,0.31965206225530063,9,2,69,4,0,54,0
1809,35,0.8104329135731705,10,0,110,2,1,36,0
1810,59,0.6897015348618686,5,0,88,1,1,65,1
1811,56,0.7248708535798805,9,2,1,3,0,20,1
1812,34,0.6981169240835235,4,2,55,1,1,10,1
1813,31,0.3109730213830333,10,0,270,2,0,70,1
1814,48,0.09966392207677588,5,2,273,0,0,66,1
1815,41,0.272467184033096,9,0,543,1,0,70,0
1816,52,0.8317853001851593,4,2,269,3,1,71,1
1817,61,0.9804707977830711,5,0,189,2,0,23,0
1818,62,0.49384701474156134,5,0,482,3,2,8,0
1819,51,0.00970035492304222,4,2,307,2,0,47,0
1820,20,0.14004481213422904,4,1,21,3,0,22,1
1821,54,0.32208057531626577,5,1,13,2,0,86,1
1822,60,0.5785853485929497,6,2,485,4,2,50,1
1823,57,0.07509364580531397,7,0,545,3,0,50,1
1824,43,0.9433572987098816,6,2,463,2,0,89,1
1825,72,0.3650836732844007,1,1,567,0,1,25,0
1826,40,0.912584217924823,2,0,432,2,2,34,1
1827,61,0.7805218027570218,7,0,574,0,0,68,1
1828,56,0.7554372725155811,3,0,399,1,0,45,1
1829,32,0.606719579782232,10,1,591,2,0,21,1
1830,73,0.6267838170518446,2,1,551,1,1,9,1
1831,66,0.6380032352162481,6,0,278,1,1,9,0
1832,21,0.6287213870255821,4,0,109,4,1,77,1
1833,46,0.5537282313983612,5,1,47,2,0,79,0
1834,39,0.9864140184828889,6,1,81,4,0,52,0
1835,42,0.7322905674256961,3,0,277,4,0,82,0
1836,30,0.7769463883925212,1,2,380,1,1,42,0
1837,35,0.8724628150836742,3,2,309,3,2,10,1
1838,50,0.21563976272584917,3,2,551,1,0,62,0
1839,33,0.08380415909506078,6,1,541,1,0,18,1
1840,62,0.48289443659859865,4,2,239,0,0,76,0
1841,59,0.5140806956192732,7,2,182,3,1,98,0
1842,61,0.8291817799499177,2,1,183,1,0,63,0
1843,19,0.4437835792823357,4,2,553,3,0,69,0
1844,72,0.5708530255443127,8,0,465,0,0,93,1
1845,52,0.5270709385134583,6,1,436,3,0,17,0
1846,59,0.03820278375739106,10,0,593,2,2,31,1
1847,51,0.615214896596914,3,2,232,0,1,29,0
1848,47,0.8280432857742522,10,0,0,3,0,60,0
1849,72,0.15750054807580383,2,1,504,4,0,72,1
1850,30,0.5943317339265958,3,2,361,3,2,63,1
1851,30,0.5936105444464144,1,1,282,0,0,99,0
1852,35,0.16418496405635874,1,2,528,4,1,53,1
1853,49,0.12346357373073602,2,1,168,3,0,22,0
1854,49,0.9800519429764848,3,1,185,3,1,85,1
1855,52,0.39371916965303755,9,0,121,0,0,79,0
1856,56,0.22742172872352928,8,1,440,4,0,80,0
1857,63,0.17132454445437495,9,1,473,4,1,7,1
1858,69,0.6676017135832351,7,0,121,3,0,83,1
1859,46,0.6094452973272788,7,2,291,2,0,61,0
1860,66,0.6435521229874175,5,2,246,0,0,10,1
1861,46,0.08800602751145226,7,1,187,0,0,73,0
1862,70,0.893534583498437,4,0,522,1,0,35,1
1863,61,0.3892663968090483,5,2,283,4,0,12,0
1864,74,0.31336940643035793,1,0,556,4,0,14,0
1865,33,0.4623614472477392,4,1,123,1,0,7,0
1866,73,0.39006606574762825,3,0,246,3,2,16,1
1867,61,0.8635770031391459,2,1,405,3,0,96,0
1868,64,0.9292609751978921,2,2,336,0,0,80,1
1869,74,0.3034532164496062,8,2,158,3,0,98,1
1870,27,0.8639358074599548,1,2,266,2,0,23,0
1871,47,0.7815231295330671,8,2,291,2,1,25,0
1872,42,0.9308076723447618,9,0,589,2,0,85,1
1873,56,0.24575031218588783,6,0,150,1,0,18,0
1874,37,0.5769591501209791,1,0,284,2,0,79,1
1875,22,0.27454458474044463,10,1,150,1,0,33,0
1876,18,0.8240944904843742,7,2,123,0,1,11,1
1877,47,0.005324190571064258,5,2,271,0,1,53,0
1878,66,0.5648191628863961,9,2,339,2,0,69,1
1879,20,0.339203431271918,7,0,446,1,0,11,1
1880,62,0.32268370707782024,5,0,561,2,0,18,0
1881,31,0.644906323864917,2,2,456,3,1,20,0
1882,73,0.8514844493139939,4,1,554,1,0,20,0
1883,47,0.6091953913933262,2,0,530,1,0,89,0
1884,67,0.8531729786467225,9,2,112,1,2,17,1
1885,21,0.26459711188102997,2,2,529,1,0,86,1
1886,35,0.5195018547649811,2,2,525,3,0,33,0
1887,54,0.450536539067076,2,1,63,2,1,89,1
1888,42,0.011644899503096218,1,2,392,0,0,77,0
1889,65,0.5568121431407401,9,0,498,4,0,99,0
1890,18,0.6615243241461749,8,1,517,4,0,65,1
1891,70,0.5919144044190701,2,1,354,1,2,41,0
1892,63,0.7362798987834215,2,2,152,1,0,21,1
1893,32,0.5713395284530771,5,0,328,0,1,35,1
1894,26,0.06675025485075692,4,0,478,4,1,63,0
1895,32,0.11644552408471143,2,2,390,1,0,92,1
1896,66,0.5964745775439524,8,2,574,3,0,51,0
1897,74,0.2749791919736402,8,0,411,4,0,10,0
1898,41,0.07964512903476584,4,1,257,3,0,36,0
1899,21,0.42960274344854676,4,1,576,0,1,35,0
1900,29,0.5543225980836554,9,2,506,0,1,22,0
1901,54,0.32874598834960655,4,2,293,4,0,13,0
1902,54,0.720433702225778,10,0,476,2,2,7,1
1903,60,0.6437706081012446,9,0,507,4,2,75,1
1904,23,0.33281836109167195,3,0,118,3,0,30,0
1905,56,0.7548725289085606,2,0,477,2,0,17,0
1906,73,0.6486950425330354,8,2,563,3,0,38,1
1907,63,0.6374453787179021,3,2,318,3,1,47,1
1908,41,0.553427700787068,2,0,394,3,0,97,0
1909,28,0.011389668088552796,8,2,47,1,0,37,1
1910,30,0.6965071834768891,8,2,437,2,1,73,1
1911,51,0.3760417911091565,5,0,474,1,0,40,1
1912,42,0.9426097101586556,9,1,585,1,2,83,1
1913,24,0.8179847710772054,6,1,549,3,0,78,1
1914,69,0.5876944695313122,5,0,135,0,2,72,1
1915,21,0.25218198181926943,3,1,517,4,0,51,1
1916,25,0.20371739327766658,7,2,323,0,1,65,1
1917,37,0.3403848376775491,9,1,196,3,0,49,1
1918,46,0.4765679435800185,4,0,110,4,1,92,1
1919,71,0.2960655100389471,7,0,549,4,2,88,0
1920,70,0.5149294953924828,3,1,114,3,0,52,1
1921,68,0.16537042551318593,2,1,487,1,1,45,1
1922,62,0.9777128128254999,1,2,364,4,2,42,1
1923,63,0.10792455496499387,6,1,483,4,0,72,0
1924,27,0.9319441396543721,5,1,309,4,0,79,1
1925,60,0.9135780114026949,2,1,112,4,1,15,1
1926,51,0.525360481819498,3,2,269,2,0,20,1
1927,74,0.7249102718360844,9,1,319,1,1,69,1
1928,43,0.4360482979725878,3,2,174,2,0,75,0
1929,58,0.6300345775424382,7,2,18,2,1,71,0
1930,66,0.3405759374211187,1,0,202,3,0,75,0
1931,20,0.30115901978544535,7,0,125,1,0,5,1
1932,73,0.5782297861695137,9,2,466,0,1,75,1
1933,23,0.49812967418398035,8,2,253,1,0,8,0
1934,22,0.5795363691499811,7,2,291,0,0,86,1
1935,22,0.286660581287023,10,0,151,4,2,41,1
1936,71,0.36695783181699526,8,2,198,0,0,18,1
1937,64,0.08389796062890931,4,0,198,0,0,83,1
1938,40,0.05227637227220572,2,0,452,0,0,29,1
1939,66,0.25345712967301626,9,2,179,4,0,86,0
1940,26,0.07424685933054576,3,2,217,4,2,8,1
1941,52,0.1037747086347407,4,2,319,2,1,70,0
1942,37,0.8129284053939371,7,0,22,0,0,47,1
1943,66,0.0388736970166893,2,1,83,1,0,30,0
1944,59,0.6589427939347428,8,2,325,3,2,88,0
1945,52,0.2725577488154005,10,1,328,2,0,19,1
1946,67,0.8715456807081264,8,1,329,0,0,10,1
1947,35,0.48499228457749954,5,1,472,2,0,41,1
1948,34,0.30557645932782573,9,1,477,0,0,47,1
1949,41,0.5176389356894345,8,1,234,0,2,46,1
1950,20,0.3819580190452688,1,0,555,2,1,17,0
1951,49,0.5643010646698302,9,0,587,0,0,20,1
1952,52,0.11453286832634824,5,0,118,0,0,46,0
1953,55,0.9969905028125511,9,1,39,3,0,42,1
1954,30,0.42555587769671754,9,0,259,1,0,70,0
1955,73,0.34823063970736867,10,2,5,4,0,69,0
1956,64,0.7102098483162649,10,1,310,3,0,9,0
1957,42,0.3638994064953325,3,2,65,4,1,34,0
1958,26,0.8332743050287577,8,1,373,4,2,99,0
1959,21,0.45427072436042526,7,1,145,1,0,47,0
1960,31,0.7195584132654349,7,1,233,3,0,36,0
1961,54,0.10745321644188655,10,1,28,0,1,71,0
1962,51,0.8461191855551118,2,2,593,1,0,71,1
1963,28,0.7357179867781098,2,1,469,0,0,46,0
1964,58,0.21171677846196568,2,1,360,0,0,9,1
1965,73,0.14528600974578665,2,0,594,0,0,90,1
1966,20,0.3162923487256244,4,1,584,0,0,63,0
1967,45,0.9760705860319043,7,1,354,3,2,27,1
1968,46,0.25683157456705863,2,1,25,4,0,12,1
1969,26,0.4561272089466333,5,1,289,4,0,72,1
1970,20,0.030020225717336313,7,1,70,3,0,74,0
1971,42,0.39722752956623253,9,1,88,4,0,95,1
1972,51,0.5713200154331027,8,2,176,1,0,23,0
1973,29,0.9531246125079651,9,2,26,0,1,48,0
1974,59,0.5167360449400644,7,1,288,0,0,97,1
1975,26,0.8191073261776878,3,2,574,0,2,42,1
1976,32,0.5471276425689006,1,0,530,2,1,48,1
1977,57,0.0407850134355181,10,0,483,1,1,10,1
1978,42,0.31500827518977403,7,1,433,2,0,7,0
1979,22,0.5755495078311033,6,1,492,3,0,84,1
1980,28,0.9505939659311243,2,2,277,2,0,37,1
1981,51,0.8591303597512333,1,0,345,4,0,70,1
1982,41,0.22835561417884764,10,1,578,4,0,62,0
1983,32,0.2201098300191635,4,0,237,1,2,30,1
1984,55,0.20117296711390076,4,2,136,2,1,32,0
1985,25,0.9224988963025031,6,1,162,2,0,47,0
1986,22,0.8526661531017207,5,1,292,0,1,79,0
1987,65,0.7748834322529488,9,1,27,1,0,92,1
1988,43,0.3927351142242276,8,0,255,0,0,20,1
1989,35,0.5043807042987668,9,2,264,1,0,93,1
1990,23,0.4643317447951528,10,0,563,1,0,27,0
1991,54,0.25339810755937264,7,0,480,2,0,63,1
1992,65,0.505028046148767,9,1,400,0,0,39,1
1993,30,0.030496547852754463,3,2,459,3,0,93,0
1994,45,0.13181037349745917,9,2,565,0,0,45,0
1995,22,0.8865895961689464,2,1,132,3,0,26,1
1996,30,0.7516797670314233,9,2,190,4,0,78,1
1997,34,0.42286840905908707,6,1,123,1,0,5,0
1998,67,0.5171503622838772,4,1,430,0,0,50,1
1999,57,0.36999888595997743,2,2,217,1,0,26,0
2000,62,0.7407798671606725,10,2,402,0,0,36,1
2001,49,0.7841871792320796,3,2,321,4,0,91,1
2002,46,0.7632851902031591,5,2,300,0,0,34,1
2003,68,0.7226117248344496,9,0,70,4,1,91,0
2004,20,0.20450433869279583,7,1,213,1,0,47,0
2005,73,0.3379699792404788,3,1,544,2,0,16,1
2006,57,0.4698454349836749,4,1,373,3,0,87,0
2007,51,0.3307929914276556,2,1,335,1,0,75,0
2008,57,0.754940200158329,8,0,170,2,2,31,1
2009,44,0.3293535242499547,6,2,343,1,0,30,0
2010,30,0.13823208678533716,3,2,455,1,0,22,1
2011,62,0.3990404520483041,5,2,409,0,0,96,1
2012,50,0.9799144327823803,5,1,300,4,0,79,1
2013,23,0.2258814129335759,1,0,495,4,2,70,1
2014,41,0.6121586589432291,5,0,290,0,0,85,0
2015,36,0.4329730498397063,6,2,436,0,0,65,1
2016,33,0.07102456764932663,10,1,101,1,0,50,1
2017,57,0.4878766059980595,10,2,9,4,0,33,0
2018,45,0.7021643286483125,2,1,40,1,0,36,0
2019,50,0.5132199758278188,3,2,369,2,0,19,1
2020,65,0.8721060637465811,10,2,125,2,0,64,0
2021,58,0.28893701665758265,5,0,382,0,0,86,1
2022,30,0.08624917130396492,3,1,326,4,0,32,1
2023,60,0.9365656116580061,5,0,449,2,1,31,1
2024,62,0.378196349528219,5,0,522,4,0,45,1
2025,42,0.5764055514536334,8,2,531,4,0,51,0
2026,70,0.792003126130196,10,1,272,3,0,37,0
2027,59,0.3243136638755806,9,1,501,2,0,48,0
2028,53,0.7161645381776112,8,2,486,2,2,54,1
2029,44,0.13541884981782804,3,2,226,1,0,14,1
2030,55,0.29129374720550527,1,2,226,1,0,28,0
2031,24,0.1447106361365199,3,1,340,4,2,38,1
2032,22,0.8112305584013578,1,2,271,0,0,95,1
2033,60,0.22264923522678537,9,2,394,1,1,24,1
2034,62,0.7174035554052103,3,0,123,1,0,29,0
2035,74,0.9432983972456526,8,2,194,4,0,59,1
2036,68,0.527772209068877,6,2,582,2,0,94,1
2037,48,0.5400291922606877,3,1,172,1,1,47,1
2038,40,0.46103356809781204,9,2,202,0,0,57,1
2039,59,0.32589014339364275,8,1,32,4,0,89,1
2040,27,0.4756550309249171,3,0,210,2,0,54,1
2041,49,0.6028075322667594,7,0,50,3,0,59,1
2042,60,0.9859915721706594,5,1,406,0,0,17,1
2043,70,0.9377645593182242,2,2,540,2,0,53,0
2044,47,0.8621529582931218,8,1,517,4,0,14,1
2045,56,0.8891305357048583,1,2,132,3,0,96,0
2046,48,0.46784918329204295,4,2,95,0,0,15,0
2047,35,0.6574443271774648,4,2,423,1,0,82,0
2048,53,0.8950667229362141,10,1,81,1,0,88,0
2049,19,0.39295076499135306,5,0,314,0,0,24,0
2050,31,0.9617624783454688,4,1,279,1,0,76,0
2051,30,0.415786062069183,1,2,85,4,0,83,0
2052,46,0.6010826653932156,7,1,365,0,0,87,1
2053,29,0.7098047132723719,10,0,365,0,1,52,1
2054,56,0.9505920130759383,2,1,92,1,0,80,0
2055,19,0.24461627405226605,10,0,70,0,0,21,1
2056,49,0.7461309782386423,3,0,325,3,2,37,0
2057,30,0.5208155861440822,5,2,506,0,0,24,0
2058,63,0.26855714062064107,8,0,325,1,0,50,0
2059,44,0.7766068397963906,10,1,190,1,1,35,1
2060,66,0.5522222801738466,8,1,213,1,0,55,1
2061,58,0.6609738206496758,2,2,46,1,2,87,0
2062,34,0.322901068577901,9,1,88,4,0,23,1
2063,57,0.481273951827605,6,2,226,1,1,66,0
2064,48,0.6173542509880671,9,1,396,3,0,48,1
2065,51,0.404910814269844,4,1,216,0,2,81,1
2066,41,0.1983725398477013,3,0,300,2,0,42,0
2067,62,0.961640492315304,5,0,415,2,0,53,1
2068,52,0.5114675400426174,5,0,169,4,1,69,0
2069,65,0.7339203702877005,4,1,364,2,0,15,0
2070,23,0.4110471935560581,7,2,231,1,1,31,1
2071,36,0.35513176402571633,8,2,327,2,0,62,0
2072,47,0.407164298467125,5,2,232,3,1,68,1
2073,24,0.4091966437856498,9,0,36,1,0,69,1
2074,27,0.5441801159419536,7,1,401,2,2,19,1
2075,58,0.5434698699813632,7,0,425,1,0,86,0
2076,49,0.49715381588287166,8,1,407,4,0,93,1
2077,51,0.1347857849174381,4,1,216,3,0,5,0
2078,45,0.49607547850053113,10,1,169,0,1,23,1
2079,32,0.1691039004206515,6,0,357,1,1,60,0
2080,47,0.12613578629576516,5,1,185,3,0,68,1
2081,54,0.9326457173411677,1,0,160,4,0,38,1
2082,46,0.6049500131477042,9,0,283,4,0,68,0
2083,39,0.6594900581245843,2,1,183,3,0,14,0
2084,21,0.4017936703333638,6,1,536,2,0,80,1
2085,37,0.9089808919148642,8,1,141,3,0,64,1
2086,49,0.6379304895796655,3,0,595,2,0,43,1
2087,53,0.7691698695235875,5,1,230,2,0,70,0
2088,67,0.36856246902771383,7,1,467,3,0,36,1
2089,21,0.9600118808191255,4,2,387,4,0,55,1
2090,44,0.820461290158315,5,2,157,0,0,30,0
2091,34,0.8539484630145436,1,2,317,0,0,61,1
2092,29,0.17219426742575428,4,1,184,3,1,88,0
2093,39,0.2709632078712195,7,0,420,1,0,64,0
2094,34,0.28562659968357706,10,2,182,3,0,59,0
2095,27,0.27090922324687117,7,0,596,0,1,10,0
2096,71,0.8554081621042879,10,2,576,3,0,11,0
2097,18,0.03188479520859211,10,2,51,4,2,70,0
2098,39,0.0760999889807743,4,0,2,0,2,85,1
2099,43,0.2739148706299037,6,2,76,0,0,30,0
2100,73,0.19987297464944365,5,0,581,0,2,99,0
2101,35,0.23185961388284837,1,1,15,4,0,86,0
2102,67,0.7979431892533,8,1,229,0,0,82,1
2103,31,0.5631265938920469,7,0,266,1,0,9,0
2104,64,0.0057706612929679935,5,0,305,0,0,91,0
2105,46,0.42932276570419525,10,1,5,3,0,5,1
2106,29,0.40788492685035893,10,0,109,1,2,88,1
2107,53,0.11394526944454353,7,1,142,2,0,6,1
2108,52,0.6761417886014571,10,1,206,0,1,69,1
2109,69,0.7020971883794911,3,0,428,2,1,14,1
2110,29,0.7208932190520977,8,2,165,2,0,54,1
2111,24,0.728470945558592,5,0,259,4,0,55,1
2112,46,5.282693229680113e-05,2,1,393,3,1,73,1
2113,28,0.9539208038467222,2,2,120,3,0,45,0
2114,50,0.814208767054663,4,2,412,2,1,62,1
2115,23,0.9039816965892853,7,1,139,4,0,81,1
2116,64,0.015643295307434135,10,2,167,1,0,72,1
2117,32,0.9338587957857394,4,2,83,0,0,28,0
2118,49,0.8097885286881047,9,0,420,1,0,95,1
2119,68,0.8372191429586986,2,1,267,0,0,60,1
2120,28,0.09328738472196851,6,2,37,2,1,40,1
2121,40,0.7387780289185977,4,1,302,4,0,6,1
2122,43,0.959916689642091,6,0,337,4,0,60,1
2123,51,0.6785473414181606,10,0,329,3,0,85,1
2124,63,0.5705614046246065,9,0,198,3,0,16,0
2125,51,0.945629677748997,10,2,4,1,0,16,0
2126,46,0.442937121734436,9,0,431,3,0,89,1
2127,21,0.5992935663104787,9,1,370,0,0,76,0
2128,34,0.4763382934943662,9,0,102,4,0,26,0
2129,52,0.9328462213602992,3,2,434,4,2,78,1
2130,30,0.07608472676550726,9,0,380,2,2,88,1
2131,58,0.5011197008253482,3,2,65,2,0,66,1
2132,56,0.6869524413854383,10,1,578,1,0,68,1
2133,32,0.7919065384222369,3,0,269,2,0,32,1
2134,72,0.5830186474441363,5,0,46,0,0,93,0
2135,46,0.908917744121454,6,1,364,3,0,32,0
2136,46,0.9419914468838717,9,1,179,3,0,8,0
2137,28,0.06431922319358352,1,2,67,1,0,49,0
2138,69,0.40237053954137436,8,0,114,3,0,94,1
2139,49,0.02345902172115444,4,0,25,4,0,17,0
2140,19,0.3294166573744429,10,0,558,3,0,87,1
2141,64,0.5368682179706021,7,0,206,2,0,84,1
2142,31,0.9107949305099489,6,1,72,4,0,8,0
2143,37,0.8465543224654029,6,0,258,2,0,65,1
2144,39,0.12749972667198572,7,0,385,2,0,88,1
2145,28,0.0930303747408957,4,0,29,1,1,30,0
2146,44,0.589267338756667,6,2,420,1,0,98,1
2147,20,0.5321179724587827,3,2,2,4,0,10,0
2148,34,0.26637764143002385,5,2,520,3,2,81,1
2149,61,0.8994530845538352,2,1,519,0,0,60,1
2150,73,0.9273664094615535,3,1,520,3,0,85,0
2151,45,0.40261143834016266,9,1,400,4,0,31,0
2152,46,0.8903025571135202,6,0,273,0,0,39,0
2153,38,0.38394889426297263,3,0,471,2,0,86,0
2154,64,0.7368168318297001,2,1,371,2,0,62,1
2155,33,0.47594221754772414,5,2,430,0,0,88,0
2156,54,0.12258315650718299,10,0,538,2,2,67,0
2157,37,0.9279342012370215,5,2,347,3,0,37,1
2158,23,0.4540965933775366,1,0,70,1,2,99,1
2159,36,0.7344870403224036,3,0,481,3,0,87,0
2160,74,0.36717381443129216,7,2,255,2,0,85,1
2161,22,0.01888087857623466,9,1,102,1,0,37,0
2162,20,0.10053035869183591,5,2,146,3,1,73,1
2163,18,0.4962194794899244,4,1,139,2,0,44,0
2164,55,0.6899643571263624,3,1,422,3,2,51,1
2165,32,0.33473532657927907,10,0,63,2,0,49,0
2166,51,0.6954884591776503,9,0,270,4,1,31,1
2167,52,0.698635589431956,7,0,512,0,0,11,1
2168,66,0.7039359073278308,7,1,6,2,0,62,1
2169,42,0.4925218540205084,8,1,392,3,2,18,1
2170,41,0.914886150121504,10,2,0,2,1,8,1
2171,29,0.4891965179806156,1,0,260,2,2,86,1
2172,35,0.4502651934966382,4,0,46,3,0,38,1
2173,32,0.199380819010627,5,1,1,3,2,84,0
2174,61,0.3076550873563365,5,0,534,1,0,95,1
2175,33,0.042334492518303346,1,1,358,2,1,42,0
2176,44,0.6335352936161702,3,2,476,4,1,24,1
2177,25,0.24853574392709288,2,2,421,0,1,50,0
2178,63,0.3041552544854651,7,0,595,2,0,23,0
2179,42,0.7708145216643212,5,2,203,3,1,5,0
2180,34,0.3272211831614539,3,0,226,1,0,27,0
2181,46,0.24219589201314218,8,0,150,2,1,66,1
2182,70,0.16905774913370575,1,1,246,4,0,77,0
2183,25,0.7748584021819559,1,1,16,3,0,32,0
2184,32,0.12970625799002689,6,0,303,4,0,88,1
2185,44,0.4537537602503535,1,2,513,4,1,84,1
2186,63,0.5069301160771944,4,2,196,0,0,81,0
2187,67,0.6873899126857146,6,0,445,0,0,37,1
2188,69,0.6332834823329955,1,0,340,2,0,7,1
2189,24,0.8107206729451748,9,2,60,0,1,83,1
2190,20,0.04475143392623815,4,2,266,2,0,20,1
2191,46,0.2964407247793972,9,1,96,2,1,34,1
2192,61,0.28013411877537975,9,1,282,3,0,29,0
2193,70,0.14601690559210823,6,2,246,3,0,82,0
2194,41,0.28917825385644313,7,1,34,1,2,5,1
2195,20,0.3097653141429034,1,1,468,0,0,37,0
2196,37,0.5218844619274783,5,0,67,1,0,41,1
2197,63,0.6637044789262561,3,1,188,4,0,33,1
2198,32,0.3811005136118141,10,1,40,2,2,41,0
2199,42,0.7194702313133812,10,0,66,2,1,65,1
2200,47,0.33616533857958,6,2,307,3,2,12,0
2201,31,0.29028367731476035,4,1,118,4,0,5,0
2202,24,0.5411880558570243,9,1,185,2,0,67,1
2203,34,0.023716360305790607,7,2,69,2,0,92,0
2204,61,0.07978912363400037,4,1,283,4,0,69,0
2205,37,0.41796954358652705,6,2,547,4,1,50,0
2206,53,0.9429127113917565,2,0,347,2,0,47,1
2207,26,0.7215117798434236,3,2,194,4,0,14,0
2208,55,0.08812656950055775,7,2,483,0,0,86,0
2209,65,0.8463180127808737,4,2,587,4,0,89,1
2210,74,0.732300770608181,10,0,279,1,0,14,1
2211,39,0.6109465257026532,7,2,347,1,2,66,1
2212,71,0.8202929606091773,9,2,591,2,2,90,1
2213,70,0.4041098477429571,5,0,477,2,1,55,1
2214,70,0.22150105085385274,1,1,97,3,0,49,0
2215,19,0.5120233891087593,5,1,281,4,0,77,0
2216,41,0.5488417555934738,6,2,418,1,0,77,1
2217,25,0.5383263720099121,2,0,222,3,1,49,0
2218,28,0.5650737914801053,8,0,251,2,2,89,1
2219,30,0.9487049182391808,2,2,79,0,1,62,1
2220,34,0.9022456230962314,9,2,412,4,0,99,1
2221,25,0.8757170365589394,2,1,392,3,2,70,1
2222,38,0.8014168109086272,3,1,333,0,0,28,0
2223,35,0.9434281072652854,8,2,327,2,1,79,1
2224,47,0.09849464167940325,6,0,1,1,0,69,1
2225,35,0.2651232614457395,1,2,202,3,0,59,0
2226,63,0.4950559456545849,4,0,257,3,0,55,1
2227,64,0.8465344931234052,5,1,366,2,1,76,1
2228,48,0.5051657115227325,3,2,145,2,0,77,0
2229,55,0.7480347393415887,1,0,377,1,1,25,0
2230,49,0.13895990524891622,3,1,440,1,0,51,0
2231,28,0.2524138129765602,9,2,454,1,1,26,1
2232,62,0.7317760950376724,2,2,406,0,2,33,1
2233,42,0.16473400888772405,1,1,18,0,0,44,1
2234,50,0.35135593465492676,7,2,432,2,2,7,1
2235,55,0.2648662578135714,7,1,428,3,0,53,0
2236,58,0.3498616942224785,5,0,251,0,1,29,0
2237,25,0.7083240490779703,2,2,561,2,0,86,0
2238,28,0.367847181142801,1,1,220,0,0,15,1
2239,39,0.5552633226079402,5,1,112,1,0,98,0
2240,68,0.09993187705440965,10,0,148,2,0,93,1
2241,41,0.8050176932346278,4,2,559,1,0,79,1
2242,58,0.36988862564812486,9,1,57,4,0,92,0
2243,34,0.6485341590333424,5,1,196,3,2,52,1
2244,29,0.7253896016618326,10,1,17,1,0,36,1
2245,74,0.2096609221117004,2,2,214,3,0,7,0
2246,63,0.88467498495335,4,2,15,2,1,49,0
2247,49,0.6162242516069529,9,0,398,4,1,93,1
2248,32,0.42872514175148146,8,0,232,3,1,24,1
2249,33,0.18233518357821954,3,0,24,0,0,24,0
2250,71,0.9423009379012067,8,2,400,2,0,55,1
2251,39,0.7550682041316251,2,1,364,4,0,85,0
2252,45,0.20802456273324887,3,2,294,0,0,24,0
2253,37,0.3377107747242245,5,2,436,0,0,86,1
2254,50,0.8096742580880733,10,2,70,4,1,18,1
2255,27,0.695677663215339,10,0,558,1,0,84,1
2256,57,0.7657842927157243,8,1,24,4,1,36,1
2257,49,0.4412011022129324,1,2,373,4,0,76,0
2258,67,0.7164762626421669,4,0,544,4,0,46,1
2259,50,0.3864937228639137,1,2,457,3,1,84,0
2260,19,0.21126291693819643,1,1,213,1,1,43,1
2261,50,0.63267703484136,5,0,210,2,0,42,1
2262,50,0.9760139255987942,6,2,540,0,1,68,1
2263,58,0.3106009713953296,1,0,38,3,0,8,0
2264,30,0.46096959221253964,6,1,259,1,0,96,1
2265,47,0.6740013710698536,5,1,94,4,0,67,1
2266,50,0.5415062821224879,4,0,389,3,0,65,1
2267,30,0.8434277957090492,10,2,219,3,1,82,1
2268,69,0.7617427064695159,5,1,267,0,0,9,0
2269,43,0.05829720386235704,8,1,493,2,0,70,1
2270,39,0.998421233923774,9,2,65,1,0,49,0
2271,56,0.7524024537194672,2,0,386,1,0,54,1
2272,19,0.8639033162941132,6,0,192,1,0,92,1
2273,55,0.6511977120953464,3,2,319,4,0,7,1
2274,56,0.8562851280467623,2,1,546,4,0,27,1
2275,43,0.11238297492870941,1,1,174,3,1,15,1
2276,63,0.3477378355593156,4,2,111,2,0,42,1
2277,67,0.8764209436044927,8,2,307,0,0,60,1
2278,32,0.20165521126689223,3,0,339,0,0,39,0
2279,51,0.07824209858002273,5,0,79,2,1,69,1
2280,59,0.788118939945219,10,2,477,1,0,10,0
2281,72,0.8354861556432962,5,1,110,2,0,74,1
2282,61,0.1626522181899006,5,0,486,0,0,44,0
2283,66,0.8543459827827155,9,2,452,4,0,94,1
2284,57,0.6867677955971696,8,1,412,2,1,39,1
2285,28,0.5200826832165839,8,0,185,3,0,17,0
2286,20,0.830250192781385,1,2,552,4,0,29,1
2287,23,0.4192492493189658,1,2,86,3,0,90,0
2288,26,0.1939939562233972,2,1,223,3,0,85,0
2289,23,0.28485267661061364,8,1,50,2,0,82,1
2290,26,0.5051640182933148,10,2,125,3,0,71,0
2291,56,0.5313307926731757,1,1,145,1,0,72,0
2292,48,0.8055808264412336,4,2,40,2,1,51,1
2293,49,0.7913527236523344,9,1,354,0,0,59,1
2294,58,0.5813665572045749,2,1,444,1,1,96,1
2295,67,0.7807854833654764,3,0,362,4,1,47,1
2296,29,0.19177345829367098,6,0,535,2,2,6,0
2297,25,0.05006452709329434,10,1,283,0,2,49,1
2298,25,0.8736338226347001,3,2,35,0,2,52,1
2299,67,0.07555449376276957,4,1,276,2,1,66,0
2300,45,0.2466884297439973,9,0,324,1,0,42,1
2301,37,0.6953189496243846,9,2,181,0,0,51,0
2302,64,0.40944793762730913,10,1,470,2,0,8,1
2303,24,0.8763139699155088,5,1,416,2,0,64,1
2304,28,0.29797979466226954,7,1,149,3,0,53,0
2305,37,0.011871346669359295,9,1,403,2,2,80,1
2306,33,0.3006556405607441,8,0,513,0,2,38,0
2307,21,0.5780750491848317,7,0,565,3,0,48,0
2308,23,0.37593837540329333,8,0,440,0,0,98,1
2309,39,0.5348727557587553,5,0,245,1,0,89,1
2310,43,0.8765981188350187,5,2,45,1,0,60,0
2311,20,0.9124850542303685,5,2,74,0,0,96,1
2312,58,0.2659740646541121,1,2,148,4,2,46,0
2313,59,0.4621404732699007,6,1,405,4,1,54,1
2314,31,0.5491440152414512,5,2,2,4,0,73,0
2315,28,0.9491124568882471,8,0,8,0,0,37,1
2316,35,0.9986173191643847,8,0,513,2,1,95,1
2317,71,0.23540724884152664,2,1,237,3,0,71,1
2318,29,0.7269798713458154,6,2,539,2,0,46,0
2319,40,0.37803106223319516,10,1,289,0,2,48,1
2320,29,0.008108196886213226,10,1,180,2,0,72,1
2321,30,0.009252522435902355,6,2,314,1,0,61,1
2322,42,0.46056600756225574,3,1,265,3,2,40,1
2323,62,0.4883349130043346,1,2,82,0,0,45,1
2324,68,0.022569696573442655,7,2,257,3,0,60,0
2325,36,0.6869274167743025,10,1,559,4,0,7,0
2326,72,0.2940033885949531,5,0,198,4,0,60,0
2327,63,0.5598931015359494,10,2,291,1,0,60,1
2328,53,0.30091907316541877,5,0,82,0,0,69,1
2329,62,0.1671343148693072,8,0,265,4,0,43,1
2330,25,0.4071737385988753,5,2,416,3,2,44,0
2331,46,0.23227336479050076,5,0,18,3,0,43,1
2332,72,0.5348009769191681,1,1,529,1,0,31,1
2333,70,0.19882853028647995,2,1,370,4,0,71,0
2334,72,0.5084059766446271,5,0,22,2,1,98,1
2335,49,0.15737851486886756,7,1,384,4,2,69,1
2336,68,0.670974709485785,3,2,521,1,1,78,0
2337,61,0.7539376844414241,1,2,378,4,1,7,1
2338,35,0.11039423424993378,2,0,89,0,0,7,0
2339,23,0.4678024120373392,3,1,143,1,0,41,0
2340,35,0.07087170065487358,9,0,203,2,1,24,1
2341,36,0.5981824455420024,8,1,555,3,0,15,1
2342,39,0.26440429792964537,4,2,519,4,0,87,0
2343,54,0.5276244568387078,8,1,391,3,0,95,0
2344,49,0.5174610093842912,9,1,300,1,0,28,1
2345,73,0.9243543461938004,3,0,504,3,0,74,1
2346,58,0.5490832225687229,6,2,152,0,2,69,1
2347,20,0.5829984797183156,8,1,528,1,0,87,1
2348,45,0.4016531257643803,10,2,338,1,0,78,1
2349,27,0.9490796031828168,7,1,511,4,0,36,1
2350,68,0.7771859094396096,9,2,334,1,2,66,1
2351,52,0.28540529030284156,7,1,508,0,0,59,1
2352,46,0.8442095857762321,1,2,55,4,0,40,1
2353,71,0.43239636018509,9,1,555,0,0,70,1
2354,32,0.8286671435335939,5,2,550,2,1,41,1
2355,50,0.822888068293502,6,1,129,4,0,18,1
2356,24,0.1888701867628544,2,1,97,1,0,50,0
2357,29,0.7011411313835769,2,2,421,1,0,81,0
2358,66,0.2906429693065311,4,0,79,1,1,60,0
2359,47,0.2974926699926682,4,1,287,2,0,54,0
2360,38,0.29634807688058074,5,1,168,0,0,65,0
2361,48,0.7255682475599482,7,0,78,1,1,21,1
2362,41,0.22982604179253607,1,1,70,3,1,31,1
2363,37,0.0009058352460902253,10,2,262,1,0,58,1
2364,54,0.7152368534826331,4,0,529,4,0,33,0
2365,21,0.17118474383512527,9,1,209,4,0,17,1
2366,45,0.10448239530783465,8,2,116,3,0,53,1
2367,61,0.23751612059406013,3,2,76,2,0,29,0
2368,37,0.379900522322704,6,0,314,4,0,92,1
2369,41,0.4759063274732007,9,0,10,2,2,27,1
2370,67,0.04457004071263082,8,0,50,2,0,30,0
2371,66,0.9705733326273605,7,2,6,3,0,52,0
2372,68,0.7160630534195581,7,1,548,4,0,40,0
2373,49,0.32319406532433614,1,2,260,1,2,10,1
2374,58,0.31869725728539733,5,2,573,2,1,84,0
2375,53,0.4485425493684594,7,0,511,2,1,78,1
2376,70,0.626244822763033,2,1,199,4,0,43,0
2377,51,0.14637306658896776,6,2,329,4,0,61,0
2378,53,0.18892981376495233,2,0,89,3,0,95,1
2379,19,0.8594345828335509,3,0,590,0,2,70,1
2380,32,0.25625492388907256,1,1,54,0,0,14,0
2381,51,0.38019499797517753,3,1,220,0,0,76,0
2382,53,0.871271850950117,7,0,91,2,0,13,0
2383,23,0.6631478293998225,5,1,585,3,0,81,1
2384,56,0.34171187934168834,4,1,55,0,1,76,1
2385,59,0.6836995457246208,8,2,178,4,0,31,1
2386,68,0.01968321538141371,8,1,60,2,0,50,0
2387,68,0.7356426600113652,1,0,116,2,0,67,1
2388,71,0.4870160405162395,9,1,589,4,1,46,1
2389,29,0.8131821472844613,9,2,235,3,1,89,1
2390,20,0.9546376520064683,2,1,32,3,0,45,0
2391,62,0.9257885494945683,2,2,566,0,0,38,1
2392,35,0.9092650434553408,8,1,242,4,0,97,1
2393,57,0.5121699559338871,6,1,73,1,0,34,0
2394,38,0.36014211413893804,3,0,20,3,0,48,0
2395,32,0.46503532473067277,2,0,153,0,0,84,1
2396,50,0.6898960033133608,5,1,253,2,0,5,0
2397,52,0.8839977768711867,8,1,206,3,0,49,1
2398,43,0.20698630300011955,6,2,148,1,0,51,0
2399,25,0.918193158461703,3,2,301,2,2,97,0
2400,53,0.8151802319698891,9,0,296,2,1,34,1
2401,65,0.9788560151782346,8,1,490,4,1,26,1
2402,47,0.8802517732816871,10,1,43,4,0,19,1
2403,40,0.27993732969190666,6,2,143,3,0,88,0
2404,59,0.10595591134404769,1,1,243,1,0,42,0
2405,61,0.11224107199158861,2,1,418,4,2,27,0
2406,31,0.2912233185782761,4,1,516,0,0,35,0
2407,31,0.6141837239845392,2,2,61,2,0,61,1
2408,19,0.8043203260971725,3,2,537,0,0,85,1
2409,72,0.8992503069815647,8,2,316,2,0,39,1
2410,54,0.6237533843692328,9,1,434,0,0,70,1
2411,22,0.0056313127480537295,6,2,380,2,0,57,0
2412,55,0.1863167765185335,4,0,35,4,0,35,0
2413,62,0.09972620385336795,2,0,541,0,0,30,0
2414,58,0.36332447556901004,7,2,580,3,0,35,0
2415,71,0.5013509936337459,10,2,231,3,1,76,1
2416,64,0.04339717857856085,7,1,32,1,0,84,0
2417,31,0.3484779757956553,10,2,580,1,0,16,1
2418,73,0.17917967462532258,9,2,351,1,0,57,1
2419,56,0.6470701662588739,5,0,254,0,0,60,0
2420,42,0.46427236932434,10,0,49,2,0,87,1
2421,37,0.4953176469339088,4,0,22,1,0,66,1
2422,19,0.4276917880334611,10,0,253,4,0,48,0
2423,56,0.956019710486567,6,2,393,3,0,62,1
2424,23,0.21473512512156323,2,0,272,3,0,81,0
2425,34,0.5166642598438743,2,1,249,4,2,69,1
2426,42,0.7360173683653359,9,1,236,3,0,17,0
2427,74,0.5568444131345626,7,2,231,0,0,65,1
2428,45,0.9290208857168011,7,1,427,4,0,72,0
2429,19,0.37796835564128417,5,0,241,0,0,55,1
2430,52,0.463675805773178,7,0,133,3,0,66,1
2431,54,0.08852231521472842,9,1,70,4,0,52,1
2432,22,0.6089991110519285,10,2,464,4,1,99,1
2433,18,0.28821196844810604,5,0,420,4,0,67,0
2434,57,0.16030903951556885,9,0,309,3,1,76,1
2435,29,0.5445312929045081,1,1,278,3,0,95,0
2436,73,0.5323102633799106,3,2,218,3,0,76,1
2437,53,0.07587164122404755,7,2,306,1,1,55,0
2438,62,0.6982154534944728,4,1,313,1,1,28,1
2439,40,0.6237721906508529,2,0,402,2,0,90,1
2440,64,0.1890172827464972,3,1,487,4,0,44,1
2441,48,0.46943486215404384,7,1,404,3,0,33,1
2442,28,0.72032291647856,8,1,378,4,0,77,1
2443,27,0.5294357405412765,9,0,280,0,2,21,1
2444,20,0.3954890761835702,6,0,326,0,0,5,0
2445,71,0.32233845808094364,10,1,34,3,2,88,1
2446,31,0.6103938666440536,9,2,69,1,0,5,0
2447,33,0.9391086983102406,4,1,359,2,0,29,1
2448,27,0.6717448404774834,5,0,407,1,0,45,0
2449,46,0.0747459036363155,1,2,560,4,1,95,1
2450,27,0.4606849734821338,9,2,579,1,0,27,1
2451,29,0.8908241315106276,9,0,518,3,0,22,1
2452,47,0.09446242580108688,9,0,383,1,0,99,1
2453,58,0.9888757121375433,3,1,80,0,0,32,0
2454,18,0.9490693936454213,10,0,437,3,0,89,1
2455,22,0.07827448072987586,10,2,249,3,1,16,0
2456,37,0.9334133204495549,10,1,37,3,0,92,0
2457,25,0.3631325902594622,8,1,44,1,0,53,1
2458,60,0.8447091670758625,3,2,358,0,0,85,1
2459,29,0.4183833377132715,6,0,136,1,0,20,0
2460,18,0.44085511270251587,5,1,460,4,0,31,1
2461,74,0.6342430909775426,8,2,366,2,2,57,1
2462,71,0.7744774192759833,3,2,304,2,2,96,1
2463,37,0.033789150948248636,1,2,228,2,0,40,0
2464,45,0.5931559955271343,9,0,182,4,1,11,1
2465,74,0.18673299409737099,10,0,466,4,1,38,1
2466,60,0.34594951786320294,9,0,203,4,0,69,1
2467,54,0.3479686661552165,3,0,67,0,0,8,0
2468,64,0.4690603402211536,2,2,549,3,1,30,1
2469,54,0.3341364118761734,4,1,304,4,0,24,1
2470,29,0.10736111845066776,8,2,94,2,0,55,0
2471,54,0.14562873852545144,6,1,245,2,0,81,1
2472,66,0.03343798556109767,10,1,78,1,0,14,1
2473,66,0.4702490853287543,1,1,432,3,0,12,0
2474,73,0.9544476948529885,8,0,279,4,1,22,0
2475,61,0.11567522364811655,5,2,368,3,0,21,1
2476,73,0.946264493003082,6,1,278,4,1,73,1
2477,45,0.7333615147320935,5,2,350,2,0,34,1
2478,64,0.6374988029341632,10,0,225,3,0,99,1
2479,32,0.6452777553235629,5,1,405,3,0,43,0
2480,23,0.8267276483962821,3,0,445,4,1,65,0
2481,61,0.10691986437982137,4,0,322,4,1,28,1
2482,37,0.5047543235655417,5,2,72,3,1,85,0
2483,67,0.6970911382607585,2,1,517,4,0,39,0
2484,31,0.5868204450735637,6,0,320,3,0,83,0
2485,19,0.8327790710232946,2,2,21,1,0,65,0
2486,26,0.07227170901135149,4,1,178,3,0,79,1
2487,54,0.690701039499166,1,1,108,0,0,76,0
2488,37,0.5340277303847177,4,0,371,3,0,19,0
2489,43,0.3791608639799434,7,0,455,1,0,40,0
2490,46,0.34027498223403085,8,0,566,1,0,59,0
2491,18,0.6208326327741929,2,0,228,2,0,41,0
2492,72,0.8909953746442648,3,1,530,2,0,91,1
2493,52,0.49617592610111527,1,0,363,0,0,66,1
2494,23,0.8247231640769201,7,0,424,4,0,68,1
2495,54,0.4021563818439675,4,0,215,4,0,43,1
2496,70,0.10239446279317654,10,1,47,1,0,94,0
2497,22,0.06150573645863855,8,2,464,1,0,79,1
2498,50,0.051334371323677574,5,2,272,2,0,16,1
2499,66,0.38015014195766994,9,1,29,1,0,76,1
2500,68,0.33723775083584207,6,2,189,3,2,12,0
2501,31,0.7179370236225695,10,1,151,3,0,45,1
2502,29,0.7428215015848658,2,0,375,0,0,73,1
2503,59,0.05085396883373983,1,2,254,3,0,78,0
2504,37,0.22112326288901496,1,1,33,0,0,7,0
2505,70,0.2742618501588997,9,1,186,2,0,47,1
2506,67,0.5476119841428094,1,0,448,3,0,41,0
2507,41,0.14451522390695026,3,1,85,0,0,90,0
2508,60,0.13394121940000037,2,2,117,4,1,61,0
2509,51,0.943788889207958,4,0,57,0,1,29,1
2510,42,0.804202907297781,1,1,17,3,0,8,1
2511,67,0.1806549020911703,1,0,139,0,0,62,0
2512,46,0.40656780790549096,4,1,457,2,0,41,1
2513,74,0.35562199925756555,4,2,211,1,0,12,0
2514,56,0.7910040740654073,7,2,485,4,1,98,1
2515,48,0.5102129164781221,8,0,119,2,2,13,0
2516,73,0.12784973699346702,8,1,553,4,0,83,0
2517,64,0.7389920631562439,8,0,2,4,1,5,1
2518,60,0.39688797822491895,9,0,228,0,0,17,0
2519,67,0.26292424763214706,1,2,228,1,0,72,0
2520,40,0.37549862202072015,9,0,342,0,0,20,0
2521,61,0.49775656360689635,10,1,140,0,0,48,0
2522,55,0.34311551641700944,8,2,56,3,0,69,1
2523,37,0.24190577259175783,1,1,215,0,0,18,1
2524,40,0.39850202880398033,7,0,113,1,2,95,1
2525,62,0.019172910749898242,9,2,293,2,0,30,1
2526,69,0.7724978460963139,4,1,27,0,0,36,1
2527,33,0.1709448935675858,9,1,537,1,2,6,0
2528,67,0.043904613630637246,1,0,595,0,0,20,0
2529,59,0.6536986929050792,9,1,320,4,0,96,1
2530,72,0.7739361288236722,6,0,572,0,0,53,1
2531,25,0.8138291315928432,4,0,512,3,0,94,1
2532,67,0.49350918266059995,5,0,31,4,2,79,0
2533,38,0.2053681846899853,7,0,410,1,0,27,1
2534,18,0.7372276772498267,10,2,396,0,0,98,1
2535,72,0.6997130771543372,4,1,16,4,0,64,1
2536,25,0.24627073410317324,8,1,51,4,0,99,0
2537,46,0.903407755862793,3,2,369,2,0,70,1
2538,49,0.104371458082829,2,0,163,4,0,24,0
2539,55,0.9826882395913257,1,0,302,1,0,97,0
2540,22,0.8602478109774646,6,0,449,0,0,78,1
2541,64,0.6878986454790752,2,0,543,4,0,22,0
2542,39,0.9387498882798329,8,2,501,1,0,63,1
2543,64,0.7223111683237078,10,1,350,2,0,35,0
2544,51,0.19045699703004593,4,0,378,0,2,8,0
2545,18,0.44215613811281174,9,0,438,3,0,31,1
2546,72,0.07150302433163536,4,0,200,4,0,22,0
2547,72,0.3896574222881154,4,1,106,4,0,67,1
2548,43,0.7416030197372087,8,1,504,2,0,99,1
2549,60,0.3864433509308174,8,2,383,1,1,75,0
2550,27,0.3302941754681341,5,1,295,2,0,23,1
2551,47,0.5953557225103119,3,1,27,1,0,43,1
2552,67,0.872204528998895,2,0,336,0,0,70,0
2553,35,0.04758319254611243,9,1,286,4,0,82,0
2554,34,0.3854704346997354,9,0,342,3,0,50,0
2555,43,0.1582407418152627,5,2,30,2,1,96,0
2556,25,0.6953542507318696,8,0,486,3,0,42,1
2557,64,0.10572456043113487,7,2,250,3,0,71,0
2558,57,0.6648077585802445,3,1,362,4,1,33,1
2559,66,0.2861808707979073,5,2,106,4,1,95,1
2560,29,0.1989168137372247,9,0,505,3,0,61,1
2561,44,0.9363525578249854,4,1,441,0,0,52,0
2562,25,0.018524576745955867,3,1,116,3,1,56,0
2563,42,0.43777727188956894,7,0,244,1,1,52,1
2564,63,0.02162699246179378,8,1,78,1,0,65,1
2565,21,0.483593048104329,5,0,485,1,0,71,1
2566,50,0.5010473777944182,8,2,22,1,2,52,0
2567,18,0.321662471394747,5,2,196,2,0,98,0
2568,36,0.13216177752502367,9,1,360,0,1,86,0
2569,48,0.3763875377344753,7,0,426,2,0,12,1
2570,33,0.672262939932566,5,0,216,2,1,78,1
2571,31,0.7823958086444591,9,2,195,1,0,90,1
2572,70,0.5307506023881423,5,0,566,0,0,92,1
2573,65,0.5898343944397556,8,1,442,0,0,71,1
2574,22,0.2006163711246527,4,1,458,3,0,18,0
2575,58,0.28733033322764945,9,2,458,2,1,51,1
2576,43,0.16189561005235842,6,0,483,0,1,28,0
2577,45,0.24929535000461134,6,1,143,4,0,95,0
2578,19,0.22488678022553177,3,1,313,2,0,66,1
2579,67,0.5194487863912376,3,1,256,0,0,62,0
2580,23,0.5626887557907294,4,0,473,4,0,38,1
2581,26,0.9449474208215045,1,2,498,4,0,35,1
2582,50,0.19557064710152305,6,2,218,4,0,52,0
2583,58,0.6416757101614959,1,1,563,1,0,95,1
2584,42,0.8172592689875229,4,2,530,3,2,49,1
2585,65,0.5602414637830525,7,1,357,3,0,33,1
2586,30,0.2550036525010757,6,1,236,0,0,33,0
2587,26,0.2625502300200002,8,0,274,0,1,67,0
2588,70,0.03925305307099991,4,1,576,3,0,52,0
2589,30,0.3054442265484817,9,1,216,4,0,16,1
2590,48,0.7446036790033801,10,0,558,0,0,82,1
2591,58,0.04751775720711038,8,0,396,1,0,31,1
2592,28,0.21929528250483066,5,2,73,1,0,51,0
2593,21,0.7062324985317819,6,0,327,3,0,70,1
2594,51,0.7826515628228766,5,1,407,0,0,41,1
2595,55,0.4553184100619284,6,0,147,0,0,49,1
2596,63,0.6980743384786489,1,0,85,4,1,61,1
2597,21,0.387952168654892,4,2,520,0,0,22,0
2598,55,0.15991324502412751,9,0,502,3,0,17,1
2599,36,0.3981494935229065,4,1,231,0,0,77,0
2600,23,0.5799678202031429,2,1,497,0,0,33,1
2601,51,0.9480532818528903,6,1,422,1,1,60,1
2602,35,0.06875095208867732,2,0,466,3,0,78,1
2603,30,0.5073940938449606,3,0,246,2,1,24,1
2604,58,0.3289197782107244,7,1,369,3,0,33,1
2605,40,0.5083116942766945,4,0,512,3,0,10,1
2606,36,0.023975447376531678,1,2,104,2,0,30,1
2607,62,0.3130253547015813,9,2,233,2,0,65,0
2608,28,0.819868147527005,6,2,457,1,2,90,1
2609,18,0.5539417338546375,9,2,256,4,2,47,0
2610,41,0.4505824928161174,3,1,474,3,0,51,1
2611,71,0.2855250717153396,5,0,592,3,0,30,0
2612,24,0.2980425227913559,9,2,171,3,0,85,0
2613,42,0.38310143359058446,6,1,272,3,2,5,1
2614,38,0.8355707099645604,2,2,193,1,1,99,1
2615,32,0.9672132068082684,1,0,111,3,0,77,1
2616,18,0.4386553813503745,9,2,22,2,1,30,0
2617,29,0.39335283874776183,1,2,314,2,0,68,0
2618,24,0.8465507758198628,5,2,201,0,0,66,1
2619,32,0.4269053206363036,1,2,500,1,1,10,1
2620,38,0.5520181722956512,5,0,24,0,0,66,1
2621,36,0.23094166459874443,5,1,507,3,0,70,0
2622,46,0.7435025357790752,7,2,365,1,0,46,1
2623,42,0.5319883182707819,7,1,530,1,0,31,0
2624,50,0.8090345502403417,10,0,593,4,0,69,1
2625,66,0.7807327300286697,1,0,45,4,0,34,1
2626,49,0.21500476827002857,9,2,34,0,0,86,0
2627,66,0.7156355505577624,1,1,201,0,0,89,0
2628,52,0.8000544079513714,5,2,534,2,0,69,1
2629,61,0.3461072407823951,7,0,364,2,2,51,1
2630,55,0.17260911290227454,8,2,469,2,0,36,1
2631,43,0.00263215557958818,2,2,299,1,0,38,0
2632,28,0.45090365309314817,1,1,415,3,2,51,0
2633,52,0.3524327315388416,4,0,345,0,0,18,0
2634,25,0.5549098338254089,4,2,348,2,1,9,1
2635,63,0.18804109258878576,10,2,189,1,0,40,0
2636,31,0.8596655476664752,6,2,402,4,1,13,0
2637,27,0.25775521562810966,1,1,348,3,0,39,1
2638,19,0.22642960508764998,1,0,372,4,2,29,0
2639,63,0.48071405648435594,3,2,504,4,0,79,0
2640,26,0.49885102374427426,5,2,290,3,0,50,0
2641,20,0.21508522878509284,6,2,110,1,0,17,0
2642,38,0.27186072672591577,5,0,554,4,1,65,0
2643,43,0.16970523915524494,5,1,502,1,0,34,1
2644,25,0.7184601783231668,9,1,300,4,0,36,1
2645,65,0.7700890312540819,2,2,12,2,0,34,1
2646,19,0.4623284974592826,1,2,522,3,0,86,1
2647,23,0.7140870226850174,6,1,101,0,0,60,1
2648,45,0.7359353919374455,9,1,196,3,0,71,0
2649,70,0.1382755276778086,7,1,390,4,1,75,0
2650,46,0.9661780248345367,8,2,54,4,0,59,1
2651,43,0.821031947096431,5,2,182,2,0,12,0
2652,42,0.2044834611958235,10,1,18,2,0,47,1
2653,29,0.18616503574607024,4,1,362,3,0,52,1
2654,22,0.12566114557958274,6,0,472,0,0,62,0
2655,51,0.13837856254191838,3,2,8,3,0,36,0
2656,65,0.7481617990286962,1,0,24,0,0,82,1
2657,54,0.46965425695162355,4,1,305,1,2,73,0
2658,32,0.7829341727398672,9,2,583,4,0,11,1
2659,61,0.7462548943502054,4,2,433,1,1,78,1
2660,53,0.6046127135052216,1,0,421,3,1,24,0
2661,32,0.6863666065786795,4,0,56,0,0,66,0
2662,60,0.01835572437914179,7,0,533,0,2,25,1
2663,65,0.31177764680502196,3,0,547,1,2,96,1
2664,40,0.6378221792594102,10,2,178,2,0,33,1
2665,23,0.0093449534862442,6,1,67,2,0,74,0
2666,63,0.03297694368259341,1,1,495,1,1,42,0
2667,67,0.8518879824703832,4,1,0,2,0,46,0
2668,61,0.6840248616920718,3,0,47,0,1,7,1
2669,60,0.26536973312034395,1,1,416,3,0,41,0
2670,62,0.687962840118709,3,0,196,2,0,21,1
2671,38,0.7924566691392633,4,0,569,0,0,37,0
2672,40,0.30679428311010126,5,1,47,3,0,14,1
2673,60,0.03603737749918745,6,1,354,0,1,41,1
2674,72,0.9327791246877345,2,1,233,4,0,37,0
2675,33,0.3451798382956305,2,2,436,3,0,32,0
2676,64,0.10648176328470638,6,0,89,4,0,91,1
2677,70,0.4918568713931474,5,2,368,2,0,46,0
2678,32,0.7684677956641338,1,1,168,2,1,62,0
2679,42,0.22164731461755915,3,2,362,0,0,52,1
2680,53,0.26949005013336336,5,2,176,1,2,55,0
2681,28,0.24271498679858317,2,1,499,0,0,14,1
2682,68,0.9916730528316782,1,1,132,4,0,12,1
2683,32,0.19740373373054254,9,0,171,3,2,20,0
2684,21,0.575520216966124,5,0,529,1,0,66,1
2685,38,0.9252646416569643,2,2,440,0,0,53,0
2686,30,0.14689656887777924,10,1,111,4,0,93,1
2687,39,0.9708541978677002,4,0,39,4,0,19,1
2688,36,0.9474772343956246,3,0,101,2,0,20,0
2689,51,0.8845719870582626,7,2,368,0,0,85,1
2690,31,0.21455652133000225,1,2,173,0,2,31,0
2691,21,0.6340550560109833,10,2,340,4,1,51,1
2692,65,0.7608914729612402,4,1,195,0,0,30,1
2693,70,0.9860279281964297,7,0,583,2,0,76,1
2694,69,0.18042382208137042,10,0,181,1,1,45,1
2695,63,0.7660258995192964,5,0,322,4,0,15,0
2696,44,0.33880116992711296,4,2,112,2,0,95,0
2697,46,0.17562646556800232,4,1,550,2,0,13,1
2698,64,0.42137694121385494,2,2,234,3,0,58,0
2699,45,0.7938359121486164,8,2,504,1,0,15,0
2700,52,0.46484980370405216,4,1,70,2,0,11,0
2701,25,0.5375231002030485,2,1,218,3,0,32,1
2702,33,0.9951594102001212,9,2,516,3,2,98,1
2703,59,0.399109299557426,10,1,164,0,0,66,0
2704,53,0.6154007547092398,7,2,512,2,1,59,1
2705,47,0.36524420161537186,3,0,380,4,0,40,0
2706,35,0.39278564632870494,7,1,183,0,1,77,1
2707,19,0.6956407534454081,1,0,368,1,2,67,0
2708,66,0.9378869760948835,1,1,447,4,0,55,0
2709,30,0.5423589504923214,4,2,7,4,0,81,0
2710,21,0.7683999289487798,4,2,381,3,0,52,1
2711,43,0.08920655881696382,4,2,381,2,1,72,1
2712,42,0.21115803743192696,9,2,447,3,1,14,1
2713,47,0.5021316409195324,6,2,153,3,0,30,1
2714,28,0.02001172362877479,3,2,33,2,0,71,0
2715,24,0.2528549787625588,6,1,496,2,0,57,0
2716,48,0.5174012898249661,2,1,21,2,0,47,0
2717,61,0.014961198256300712,2,0,379,3,0,21,1
2718,27,0.2645462862260417,7,1,147,2,0,31,0
2719,56,0.5140308194758695,3,1,578,2,0,26,1
2720,30,0.5731492479812457,7,0,589,4,2,40,1
2721,48,0.9257516930553055,3,0,550,3,0,76,1
2722,24,0.6453456232506078,2,2,98,2,0,37,0
2723,73,0.41473580252999376,4,0,530,3,0,94,0
2724,66,0.9303511771330678,4,0,270,1,2,99,1
2725,59,0.7848829833877943,3,1,0,0,1,57,1
2726,59,0.2000089211127476,9,2,286,4,0,15,0
2727,73,0.13084236134881977,6,0,179,4,1,97,0
2728,53,0.675811635742733,5,2,255,3,1,33,1
2729,37,0.5598831655769838,6,2,173,2,2,42,1
2730,21,0.7896736137927557,8,0,49,3,1,62,1
2731,71,0.7388050500786865,5,0,531,0,0,19,1
2732,24,0.625211533857515,4,0,189,4,0,58,0
2733,71,0.9863821716288922,7,0,42,4,1,66,1
2734,18,0.5335897301104087,5,2,516,0,2,61,1
2735,61,0.11310575650171983,4,1,65,3,0,83,0
2736,73,0.8282735648159884,5,2,395,4,0,75,1
2737,62,0.251853362345709,4,2,250,2,0,62,0
2738,59,0.7773021481439183,8,2,127,3,0,53,1
2739,64,0.9571070960000514,8,0,187,2,0,57,0
2740,30,0.6967955139643413,1,0,182,1,0,33,0
2741,72,0.5960301609498011,3,1,582,0,2,37,0
2742,39,0.4603861756750406,4,1,577,4,1,50,1
2743,71,0.36440986599540326,2,1,411,0,1,58,0
2744,38,0.35300475097183626,5,2,78,0,0,84,1
2745,39,0.6363727057095906,8,1,18,2,1,89,0
2746,45,0.7512731169377459,2,2,477,4,0,11,1
2747,26,0.6785170694844144,9,0,44,1,0,33,1
2748,43,0.19841010119356273,7,2,221,0,2,13,0
2749,26,0.4939871801434912,6,0,128,2,0,53,1
2750,32,0.791640072183063,8,0,229,2,0,75,1
2751,27,0.47570407818905625,2,1,226,4,2,82,1
2752,41,0.5366232797354938,5,0,396,3,2,98,1
2753,74,0.7711360481708222,4,1,274,3,1,92,0
2754,59,0.6612653062650915,8,1,137,1,0,55,0
2755,25,0.4093449208823926,1,1,172,2,0,12,1
2756,41,0.895412711194219,3,2,326,3,0,59,0
2757,33,0.1625670686634786,10,1,214,0,0,69,1
2758,66,0.9955164485903247,8,1,227,1,2,88,1
2759,43,0.1188525784762372,5,0,106,0,2,99,1
2760,44,0.014949971104238902,4,2,158,3,2,83,0
2761,54,0.8900189011487647,6,1,135,2,0,19,1
2762,21,0.24495350836595609,5,1,29,3,1,55,0
2763,67,0.7296996274467209,3,1,97,1,1,38,0
2764,41,0.8110153749320693,5,0,522,1,0,73,1
2765,36,0.8589863910321168,4,0,341,0,0,90,0
2766,53,0.9915942356641667,1,0,167,0,1,16,1
2767,56,0.29403971003999907,1,1,210,1,0,49,1
2768,27,0.7102433419272591,7,1,184,0,2,35,1
2769,42,0.11539985828082822,4,1,431,4,0,58,0
2770,35,0.4068092913568494,1,1,423,1,0,97,1
2771,36,0.8479716933125904,6,1,38,0,2,26,1
2772,53,0.36765804605910835,1,0,386,3,2,76,1
2773,27,0.5910953805356141,8,1,450,2,1,68,1
2774,50,0.5037734437246341,9,2,114,4,1,64,1
2775,72,0.6459515311120451,3,1,400,4,2,32,1
2776,67,0.9728943893876949,7,0,303,2,2,25,1
2777,22,0.05573552650140212,5,1,308,2,0,79,0
2778,64,0.5739615175016297,3,2,572,3,1,79,1
2779,66,0.8630287792502848,5,1,102,2,0,91,1
2780,52,0.4813827117484275,10,2,101,4,0,81,1
2781,61,0.07852718594157282,7,2,89,3,1,47,0
2782,51,0.5605393524167709,7,0,117,2,1,31,0
2783,50,0.33207389082382044,9,2,138,3,1,27,0
2784,72,0.1549417853379359,8,1,302,3,0,94,1
2785,38,0.849034513283473,4,2,516,0,0,40,0
2786,34,0.5215995129911216,5,1,208,2,0,42,1
2787,39,0.9332764123790667,5,1,86,0,0,20,1
2788,65,0.8060165046030691,10,1,318,4,0,78,1
2789,54,0.6929717937736674,2,1,244,3,1,47,1
2790,32,0.005025503365311934,7,0,89,4,0,45,0
2791,52,0.42782345663824994,7,1,477,3,0,48,1
2792,45,0.1974862816520323,9,0,111,2,2,56,1
2793,24,0.9107979110488678,9,2,393,1,2,21,1
2794,49,0.17458398467636027,4,1,239,2,0,56,0
2795,28,0.2860600516592855,5,2,271,3,0,47,0
2796,27,0.5168367677344992,7,0,142,1,0,27,0
2797,26,0.26336361899807925,10,1,118,1,1,5,1
2798,31,0.20986467727912117,7,1,595,2,0,97,0
2799,30,0.5990993251027524,10,0,250,4,0,29,1
2800,74,0.08892952275502386,8,2,277,2,0,10,1
2801,42,0.05816775872092472,8,0,162,3,0,78,0
2802,19,0.3722452951860714,2,2,349,4,0,58,0
2803,52,0.7206644545078623,9,2,30,3,1,82,1
2804,24,0.554806758273948,4,2,457,4,1,27,0
2805,38,0.42287646846677884,1,1,90,0,1,23,0
2806,35,0.5657515642245824,1,0,127,4,2,60,1
2807,20,0.3654514846532736,5,1,547,0,1,57,1
2808,59,0.9361463354321129,7,0,508,3,0,35,1
2809,71,0.05490489091077433,5,2,236,2,0,42,0
2810,56,0.6733914790298352,3,1,532,3,1,23,0
2811,58,0.8912826648277505,7,1,50,2,0,5,0
2812,66,0.8038847087352534,1,1,468,0,0,81,0
2813,28,0.18404103482144674,1,2,387,2,0,54,0
2814,56,0.29592634898028836,2,0,61,3,2,62,0
2815,41,0.7170479387071047,1,2,342,3,0,85,1
2816,63,0.08427055918076554,9,1,152,3,0,36,0
2817,36,0.811861699832584,4,1,40,4,2,53,0
2818,21,0.7189069446047903,7,2,485,3,0,96,1
2819,43,0.7296066492353426,5,1,556,4,0,48,0
2820,55,0.10024137026759139,7,1,381,1,1,33,1
2821,59,0.7177605448162309,7,0,95,0,0,92,1
2822,49,0.67981812521997,1,0,292,1,1,52,1
2823,56,0.8309224908218505,1,0,234,1,0,84,1
2824,62,0.0415959562564695,3,0,340,4,0,81,0
2825,63,0.023110668467792195,10,0,537,4,1,30,0
2826,53,0.37300709987856073,2,0,349,0,0,11,1
2827,57,0.14878828384915288,7,1,206,0,0,48,0
2828,54,0.5583844775702219,3,1,490,0,1,18,0
2829,50,0.9173489015067489,7,0,380,3,0,56,0
2830,53,0.39147973033401573,9,2,140,3,0,36,1
2831,20,0.8449503772726041,1,0,598,0,2,79,1
2832,26,0.00024087451786647396,3,1,22,4,0,36,0
2833,25,0.1685146434591842,6,2,363,1,0,79,1
2834,50,0.03042353965408562,9,2,147,0,0,88,1
2835,23,0.32814718051506864,5,2,565,0,0,61,0
2836,58,0.9081895956965028,3,1,550,1,0,56,1
2837,56,0.09695212359898775,8,2,504,2,0,38,1
2838,21,0.6064097767438004,5,1,217,0,0,65,0
2839,30,0.4514959391194442,6,1,481,0,0,66,1
2840,66,0.9384682123658125,2,0,415,3,0,90,0
2841,19,0.12251914253709384,4,1,324,1,0,91,1
2842,22,0.21202785050222894,1,2,488,0,1,97,0
2843,61,0.029541968611493274,4,1,407,0,0,80,0
2844,44,0.43393524963137375,1,1,143,2,1,35,0
2845,49,0.2778328995646543,4,0,210,1,0,33,0
2846,38,0.8699059338903209,2,0,258,0,2,35,1
2847,25,0.6049408131977551,6,1,226,2,2,16,1
2848,55,0.6140907379757017,6,1,593,0,1,39,0
2849,25,0.5319106968813024,8,1,371,4,0,61,1
2850,67,0.091850337229201,9,0,390,2,2,45,0
2851,20,0.44501868372535525,8,0,87,4,2,31,0
2852,71,0.9995051897085165,1,2,399,0,0,19,0
2853,61,0.8352292908460148,3,2,308,2,0,98,0
2854,20,0.8934590541671159,6,2,3,1,0,75,1
2855,39,0.8232263592464995,1,2,172,3,0,40,0
2856,23,0.10304169343098268,8,0,543,0,0,28,0
2857,19,0.22744825406479963,6,0,225,2,0,86,1
2858,40,0.003121651356409627,1,1,338,4,0,28,0
2859,61,0.30351012487811146,10,2,205,2,0,80,1
2860,19,0.10860740234649258,2,1,101,1,1,32,0
2861,55,0.472793345301583,6,1,57,2,0,79,0
2862,34,0.6771274885739019,10,0,149,4,0,7,0
2863,52,0.8745052950380771,8,1,251,0,0,7,1
2864,51,0.7492171650908982,5,1,478,4,0,33,1
2865,40,0.9385855957785052,1,0,555,4,0,36,1
2866,47,0.053898290393788795,10,0,427,4,0,58,1
2867,69,0.01217983541654144,2,0,541,3,0,42,0
2868,25,0.6613381138362127,4,0,523,0,1,99,0
2869,39,0.2893524102222462,4,2,490,3,0,60,0
2870,61,0.25350101610577314,7,2,525,2,0,69,1
2871,53,0.33088708769379427,2,2,291,0,0,25,1
2872,22,0.26979605789236416,7,1,44,0,1,45,1
2873,30,0.5114364063015873,7,2,199,2,1,24,1
2874,46,0.4401484472241325,7,0,23,2,0,64,1
2875,48,0.5124285513766563,3,2,386,4,0,79,1
2876,64,0.6727136115004362,6,0,589,0,0,63,1
2877,74,0.3871305089711483,6,2,434,1,1,78,1
2878,72,0.2513076871421568,4,2,241,4,0,59,0
2879,33,0.16620053680874547,1,0,202,0,1,7,0
2880,59,0.3494741195326255,9,0,236,2,2,18,0
2881,47,0.741806475246172,2,1,293,2,2,49,0
2882,74,0.7567049101114696,9,1,347,1,1,99,1
2883,72,0.6669053866842103,8,1,86,0,0,64,1
2884,33,0.2340281753068746,1,2,209,3,0,53,1
2885,29,0.5880862458546977,7,2,1,4,0,13,1
2886,34,0.570689661576848,10,0,228,0,0,58,0
2887,33,0.4842661981097255,3,0,409,3,0,74,0
2888,29,0.5499789863838642,10,1,242,2,0,97,1
2889,25,0.49179063262366807,10,0,467,2,0,56,0
2890,37,0.5654563660741082,9,2,457,3,2,67,1
2891,20,0.7155059546211288,5,0,553,3,0,56,0
2892,33,0.10962819440343974,3,0,212,1,0,26,0
2893,47,0.7496257521490237,8,0,385,0,0,59,1
2894,62,0.1358861501275942,3,0,411,2,1,7,1
2895,40,0.0666279984103747,7,0,514,4,2,6,1
2896,45,0.9760796862214676,7,1,527,2,0,63,1
2897,68,0.9569917688704415,7,1,387,0,0,32,0
2898,57,0.06043654494056405,1,2,278,3,0,41,0
2899,71,0.44325344147496215,5,1,101,1,1,73,1
2900,22,0.18624493829977473,1,0,588,2,0,13,0
2901,37,0.4853448971344181,7,1,389,1,1,66,1
2902,57,0.8301772429995874,8,2,201,3,1,36,0
2903,73,0.9506117747428903,7,1,566,0,0,85,1
2904,61,0.6342526534515374,1,2,391,2,1,79,0
2905,18,0.35390566721181704,3,2,353,0,1,39,1
2906,74,0.6033255656445984,10,2,592,4,0,51,1
2907,47,0.31200130610845034,3,0,234,0,0,22,0
2908,38,0.9098236408320604,7,2,113,3,0,40,0
2909,37,0.870400463105837,4,1,66,3,0,23,1
2910,23,0.558231750279661,3,1,39,4,2,29,0
2911,39,0.32479891538036054,6,1,102,0,0,50,1
2912,35,0.29338967558297835,10,2,410,3,0,64,0
2913,25,0.03341799470505946,6,2,294,3,0,99,0
2914,56,0.8158208510252952,10,0,564,3,0,27,1
2915,49,0.45038321303900797,5,2,563,3,0,82,1
2916,50,0.3251329284002644,6,1,36,1,0,31,1
2917,70,0.4711103549977539,3,0,66,2,0,39,1
2918,33,0.818737990454652,10,1,402,1,0,81,1
2919,29,0.12461420770752119,5,0,205,3,0,59,1
2920,55,0.8576559882418273,9,2,340,0,1,40,1
2921,69,0.897508835108354,4,0,51,1,1,92,1
2922,51,0.9467079150338882,2,2,425,4,0,75,1
2923,31,0.3974879924226278,5,2,208,2,0,13,0
2924,53,0.21714040403767187,3,1,513,0,0,25,0
2925,50,0.3736408184666985,3,2,177,1,0,36,0
2926,40,0.3329120962314033,4,2,21,2,0,70,1
2927,67,0.17615391250286005,4,2,368,1,0,48,1
2928,62,0.6072666701014879,5,1,81,4,0,93,0
2929,19,0.4766241605086289,7,2,163,3,0,69,1
2930,58,0.8657009923240037,4,1,376,4,0,79,0
2931,38,0.03210958048205825,7,0,2,3,0,84,1
2932,19,0.6438679275551263,9,1,117,2,0,91,0
2933,44,0.7629488785115611,3,1,394,1,0,19,1
2934,74,0.759486569188307,5,2,265,1,0,31,0
2935,26,0.8860739670955251,4,1,434,4,0,20,0
2936,18,0.7290337428294941,9,0,226,0,0,50,1
2937,28,0.9278100616476963,5,1,375,2,0,76,1
2938,20,0.33265659982089146,10,2,261,3,0,52,1
2939,69,0.5032094167515431,2,0,365,2,0,69,1
2940,40,0.014079663282890675,10,2,427,4,1,23,1
2941,43,0.006957587303291213,1,2,7,1,0,94,1
2942,21,0.2401266204515199,7,1,40,3,0,41,0
2943,35,0.10080719713908526,1,2,256,3,0,62,0
2944,72,0.2602113679357536,8,0,563,3,0,59,0
2945,23,0.1770432945283974,9,0,101,3,0,57,0
2946,52,0.02852002483864824,7,0,218,2,0,51,0
2947,39,0.9093041464060494,9,0,243,2,0,7,0
2948,60,0.008223131388891525,10,1,302,4,0,92,1
2949,32,0.7360821443370854,6,0,369,1,0,90,1
2950,39,0.15214788691951653,7,1,274,1,1,66,1
2951,54,0.9122296219996,3,2,69,2,1,5,1
2952,69,0.8927959395898858,9,2,46,4,0,43,1
2953,59,0.6539011463692573,3,1,116,0,1,77,1
2954,29,0.6722341498006051,6,2,589,3,2,37,1
2955,64,0.005339141969688543,4,2,516,1,0,27,0
2956,66,0.984871566113602,9,0,253,3,0,38,1
2957,59,0.8778326035758144,1,2,172,1,1,53,0
2958,55,0.895106225730092,9,2,428,0,1,53,1
2959,35,0.6592445370508719,4,1,35,1,0,53,1
2960,62,0.34478692865453653,10,0,406,0,2,14,0
2961,52,0.8936486490904808,5,2,415,1,0,70,1
2962,47,0.29151692815119234,1,2,411,2,0,75,0
2963,41,0.5627115433422029,1,1,487,3,0,92,0
2964,59,0.0997309723438824,6,2,320,4,0,71,1
2965,47,0.9219556301327502,10,0,72,4,0,80,1
2966,31,0.14077045777121333,1,0,568,1,0,43,1
2967,23,0.22489680573040727,2,0,577,4,0,46,0
2968,20,0.558134158128215,3,1,412,3,0,95,0
2969,33,0.7640930002129815,7,0,123,2,0,5,0
2970,24,0.619351305936299,2,0,384,2,0,50,1
2971,69,0.23213391280015616,5,0,231,0,0,40,1
2972,31,0.0009430425274903342,9,0,581,4,0,95,1
2973,26,0.7571505803074392,10,0,432,3,0,48,0
2974,32,0.9852073259110937,8,0,490,4,0,35,1
2975,38,0.8099131203060904,8,1,85,3,0,62,1
2976,52,0.46020661815661534,2,0,29,0,0,8,0
2977,19,0.9037672613991066,1,2,199,4,0,57,1
2978,44,0.40984767311835,9,1,155,2,2,93,1
2979,19,0.5249340842434675,10,2,531,0,0,97,1
2980,52,0.47712976739568325,4,2,151,4,1,61,0
2981,35,0.44762387266552495,9,0,76,2,0,77,1
2982,31,0.7751907692939057,7,2,327,2,0,82,1
2983,37,0.526768907269492,6,2,171,3,0,54,0
2984,35,0.31671712202521607,10,2,404,2,1,9,1
2985,27,0.2581581676584783,9,0,405,1,0,56,0
2986,42,0.037747316967433386,10,0,361,4,0,21,1
2987,19,0.583195161883046,4,0,127,4,0,36,1
2988,42,0.2299614154010342,1,1,522,3,2,10,1
2989,71,0.1481339220163831,5,0,335,2,0,73,0
2990,50,0.6538299638276777,6,0,264,3,0,97,0
2991,53,0.6812092578215488,6,2,194,1,0,96,0
2992,48,0.752154892257666,1,0,99,3,0,65,0
2993,31,0.5035768963385915,7,2,563,4,0,14,0
2994,18,0.8940546052038866,8,0,370,3,1,27,1
2995,63,0.9363427533982278,5,0,427,4,0,57,0
2996,33,0.8073709397924894,2,0,586,0,0,65,1
2997,71,0.6355934820081872,2,0,132,1,2,23,1
2998,63,0.30372095359118867,5,0,255,1,0,8,0
2999,69,0.9829449216202212,7,0,449,4,1,50,1
3000,20,0.27413616719193834,7,0,403,0,0,36,1
3001,52,0.20265692199043106,4,2,579,2,0,88,0
3002,58,0.44215411378658276,3,1,53,3,0,50,0
3003,23,0.05684057071238846,9,1,406,2,1,66,1
3004,42,0.9784944646717908,7,0,384,0,2,96,1
3005,30,0.5884335564164248,2,1,241,1,0,58,0
3006,70,0.5569520916641753,1,2,46,2,1,91,0
3007,51,0.6557962798997199,2,2,114,0,0,71,0
3008,25,0.49702364777720665,3,2,129,1,0,28,0
3009,38,0.03206351709454158,5,1,556,2,2,70,1
3010,51,0.6123112888403968,3,1,154,1,0,22,0
3011,21,0.7161738769564306,10,1,494,4,0,52,0
3012,42,0.41674906062405315,9,0,81,1,1,50,1
3013,32,0.7572955720711929,10,2,24,1,0,52,1
3014,21,0.22700129933842061,4,2,333,0,0,66,0
3015,62,0.22127659106618403,7,0,181,0,1,98,1
3016,29,0.16141698768757395,4,1,431,3,0,31,0
3017,49,0.37199475978916186,3,2,173,0,0,66,1
3018,49,0.8470120353890835,10,1,40,4,2,82,1
3019,45,0.8279120621490643,1,0,444,4,0,69,1
3020,30,0.3828242079635038,9,1,394,1,0,56,1
3021,48,0.5891187359802366,1,0,287,0,0,5,0
3022,31,0.7208163164749156,1,1,560,3,1,54,1
3023,37,0.24120677462802298,1,0,261,0,2,44,1
3024,35,0.16814108589474708,5,2,56,3,0,76,0
3025,46,0.972095993212311,7,0,5,1,0,21,0
3026,23,0.6175573132096185,7,1,558,4,1,5,0
3027,49,0.9814157218336639,10,2,574,0,1,82,1
3028,46,0.3377559871322291,1,1,578,0,0,81,1
3029,60,0.7030316999741315,6,1,161,4,0,34,1
3030,19,0.22260363654123771,9,0,296,4,0,81,0
3031,40,0.26120017127391293,6,0,56,2,1,71,0
3032,36,0.511902121269624,4,1,527,2,2,26,1
3033,48,0.3196181255080712,10,0,58,2,0,39,0
3034,68,0.16762156384058446,9,1,165,4,0,60,0
3035,22,0.262880701989326,3,0,545,2,0,18,1
3036,36,0.03574839446586464,10,0,45,0,2,49,0
3037,51,0.7044236214774866,4,1,46,4,0,90,1
3038,27,0.4921166570858616,4,2,389,0,1,37,1
3039,42,0.09424306640452562,4,0,251,4,0,16,0
3040,19,0.1716939931284912,6,1,165,1,1,28,0
3041,28,0.10253453811264401,7,2,367,0,0,73,1
3042,67,0.6125928082758765,9,0,378,4,0,61,1
3043,48,0.0942103636124938,3,0,316,3,2,13,0
3044,73,0.7542823330352161,8,1,131,4,0,6,1
3045,32,0.020510919320391174,8,0,388,1,0,63,0
3046,26,0.2493757879958921,1,1,581,4,0,99,0
3047,40,0.8906666758919072,5,1,571,1,0,33,0
3048,36,0.718531318122246,10,0,347,2,2,97,1
3049,26,0.07296833292568772,5,2,496,0,0,59,1
3050,52,0.8211261044851798,8,0,510,1,1,98,1
3051,38,0.4930351215402048,8,2,518,3,0,26,1
3052,26,0.8467830271688292,2,0,451,0,0,89,0
3053,45,0.6007397744503934,3,2,542,4,1,53,1
3054,63,0.6818330320328587,2,0,215,4,1,16,1
3055,68,0.9935015603957081,1,2,469,1,0,75,1
3056,24,0.23233554592401817,2,2,303,3,0,93,0
3057,33,0.6239455747613883,10,0,297,1,0,12,1
3058,33,0.46032139005739836,6,0,345,3,0,20,0
3059,50,0.039451952922691436,1,1,285,1,2,44,0
3060,21,0.014470641502865034,6,2,125,2,0,49,0
3061,21,0.11922857781785867,1,0,50,2,0,68,0
3062,56,0.6490917405385481,2,1,418,2,0,67,1
3063,57,0.5671630879133922,8,0,50,1,0,55,1
3064,34,0.5534295611637274,6,2,470,0,0,14,0
3065,54,0.031856762528260085,9,0,375,4,0,80,1
3066,56,0.46930299636000705,1,0,364,0,0,90,1
3067,69,0.9246228178425285,5,1,231,4,1,75,1
3068,46,0.3975918693106466,7,0,479,3,0,49,1
3069,69,0.6249224697884563,9,1,305,2,0,89,1
3070,53,0.7798186756231436,9,2,437,2,1,60,1
3071,55,0.7839252791418876,4,2,250,4,0,90,1
3072,56,0.5192800823952713,4,0,341,2,2,77,1
3073,67,0.8579519454023363,4,1,131,0,0,88,0
3074,54,0.39137809336374696,3,2,523,1,0,17,0
3075,69,0.8886932147847983,8,0,505,2,0,68,1
3076,52,0.2402271663955453,5,0,398,2,2,92,1
3077,24,0.28021640699057104,7,0,117,3,0,34,1
3078,44,0.0531206241990011,10,0,60,1,0,56,0
3079,45,0.7955818365422829,6,0,180,4,1,58,1
3080,39,0.4170552362327056,9,1,312,1,2,61,1
3081,31,0.22911661391139904,3,0,264,1,2,22,0
3082,24,0.23179027761657967,6,0,28,4,0,29,0
3083,54,0.9013999412292332,3,0,262,1,0,57,1
3084,39,0.8339166004610369,2,0,590,3,0,24,1
3085,22,0.5535308853571833,3,0,338,0,0,15,0
3086,72,0.6161108004157211,2,0,421,1,0,44,1
3087,19,0.474325570550291,2,0,88,0,1,27,1
3088,44,0.39166654287880887,10,2,331,3,0,94,0
3089,38,0.9154768812183315,7,2,430,3,1,91,1
3090,71,0.12561270352030207,10,0,151,1,0,46,1
3091,55,0.41844678971622795,3,1,125,2,0,51,0
3092,32,0.34456190798787534,8,0,42,1,0,60,1
3093,38,0.49815072025114837,2,1,420,0,0,37,1
3094,27,0.45763187454517507,7,1,489,3,0,93,0
3095,40,0.5188895316510814,3,1,565,0,0,30,1
3096,73,0.1399189772269941,9,1,252,0,2,73,1
3097,56,0.5131415015132771,7,1,483,4,2,33,0
3098,22,0.24241881388721087,9,2,292,3,0,98,1
3099,18,0.18433134898819126,2,0,216,3,0,64,1
3100,30,0.06483421878619122,6,2,168,0,0,95,1
3101,38,0.7626525587561409,5,2,384,3,0,41,1
3102,43,0.42744192085655996,2,0,15,1,0,29,1
3103,67,0.6266436833117583,4,2,36,4,2,78,0
3104,62,0.7275933433047433,4,0,420,1,2,48,1
3105,38,0.6793166653135535,8,0,295,2,0,38,0
3106,70,0.4705007190896823,7,0,434,2,0,16,0
3107,35,0.3878985289517298,5,0,319,0,0,97,1
3108,54,0.3759599096406637,9,1,533,2,0,43,1
3109,62,0.6400487969300563,1,1,298,1,1,23,0
3110,49,0.4947943549418734,4,2,573,2,0,23,1
3111,53,0.8491322479885106,5,0,15,0,0,33,0
3112,34,0.8747019843267121,8,0,394,3,2,70,1
3113,52,0.17056037800651846,3,0,276,4,1,94,1
3114,66,0.13623365154572564,5,0,282,0,0,98,1
3115,28,0.6304009260359995,3,1,85,0,0,80,0
3116,38,0.3012257480622794,7,1,206,0,1,24,0
3117,69,0.01857071876509886,10,1,562,1,0,61,1
3118,72,0.8886426693629551,3,2,476,3,0,13,1
3119,70,0.22690076724380825,7,0,591,0,1,6,1
3120,43,0.9292806516858091,2,1,130,3,0,32,0
3121,21,0.7174344508782536,7,1,399,0,0,38,1
3122,51,0.7626534899114843,9,0,135,1,0,25,0
3123,69,0.20146149579316042,5,1,345,0,1,87,0
3124,65,0.23419442561681292,6,0,169,2,1,82,1
3125,35,0.5212677538240658,10,0,162,1,2,85,0
3126,57,0.17209985264986216,3,1,198,0,0,60,0
3127,52,0.3054316926830323,10,2,47,0,0,9,0
3128,58,0.32146247794780447,5,0,493,0,0,89,1
3129,46,0.1596299332527641,5,2,102,2,2,26,0
3130,69,0.20518283339516075,3,1,547,2,0,63,1
3131,46,0.7885518420082566,8,0,5,0,0,44,0
3132,55,0.16719585454726837,6,0,11,2,0,88,0
3133,59,0.028457391843922486,3,1,102,0,0,96,0
3134,38,0.6293549426289384,1,2,426,2,0,67,1
3135,59,0.97598311939245,10,1,170,3,0,36,1
3136,30,0.3312138146231214,1,1,88,0,0,49,0
3137,66,0.1186557031962523,10,1,438,0,1,87,0
3138,58,0.5703873253675308,2,2,346,4,0,96,0
3139,34,0.9063542110956462,10,0,210,4,0,91,0
3140,73,0.7840617798284788,5,0,433,1,0,37,1
3141,26,0.622515868412716,7,1,532,3,1,86,1
3142,58,0.3150564966075994,1,1,599,3,0,39,0
3143,18,0.54188017327622,1,2,524,1,2,50,1
3144,19,0.09124484130425536,4,1,425,4,0,40,1
3145,65,0.67894542428067,10,2,119,1,2,66,1
3146,46,0.7250960188976509,6,2,177,4,1,87,1
3147,50,0.9650316229099188,9,2,128,0,0,94,1
3148,27,0.26039735874507164,1,1,562,1,0,30,0
3149,67,0.018456419043022643,10,0,417,2,2,11,1
3150,57,0.5456084644271506,5,2,553,4,0,91,0
3151,38,0.7067905043968145,9,0,317,0,1,9,1
3152,45,0.790407475882988,8,2,241,2,1,91,1
3153,28,0.1937389330248106,7,1,355,2,0,36,0
3154,72,0.26175286903702366,10,2,572,3,2,83,1
3155,51,0.5125909252672963,2,2,437,4,0,95,0
3156,25,0.33060080997000185,9,0,457,0,0,85,0
3157,39,0.860511486587445,8,1,441,4,2,88,1
3158,25,0.47376015373872027,10,2,227,0,0,61,1
3159,66,0.799578644102003,10,1,407,4,0,84,1
3160,32,0.5806197604823538,9,0,276,2,0,66,1
3161,34,0.773090141617112,9,1,17,3,0,32,1
3162,40,0.33267298653032384,9,1,310,1,0,99,1
3163,41,0.8314166219303112,3,0,323,4,0,84,1
3164,62,0.2745723155510216,7,2,46,2,0,82,1
3165,36,0.5460988080032908,1,2,529,1,0,78,1
3166,22,0.21400711317387422,9,1,499,1,1,70,1
3167,49,0.47552652162619335,9,2,191,1,0,45,0
3168,61,0.31817520950870315,3,0,48,2,0,90,0
3169,18,0.26670343063721424,5,1,93,0,0,70,0
3170,40,0.9669850180280375,8,1,166,1,2,68,1
3171,54,0.16007410548673062,6,2,493,3,0,11,0
3172,25,0.7873258374573953,10,2,253,0,1,45,0
3173,30,0.9841649594832149,10,2,56,2,0,49,0
3174,25,0.01990148374007783,9,1,5,1,0,48,0
3175,74,0.699027414042095,3,2,237,2,0,34,1
3176,40,0.2529118055562871,7,1,223,2,0,42,1
3177,60,0.040487824328304445,6,2,589,1,0,43,0
3178,18,0.4028895789566308,5,1,19,2,0,23,0
3179,62,0.935217810170875,4,1,203,3,0,51,0
3180,68,0.011765094366997686,5,1,141,3,1,42,1
3181,41,0.5878856919297817,4,2,375,4,0,21,1
3182,52,0.5013964785953243,3,2,406,1,0,78,0
3183,41,0.8733841643710475,7,0,79,1,0,83,1
3184,34,0.08400171452062566,6,1,209,1,1,73,1
3185,22,0.6815260298866503,4,2,311,4,0,8,1
3186,37,0.6801096984332773,9,0,376,3,0,39,0
3187,38,0.6690800168622832,1,0,39,3,1,5,0
3188,57,0.942334494935037,1,2,352,1,0,85,1
3189,48,0.8230875290068804,9,1,452,2,0,89,1
3190,63,0.04197272624350601,7,0,422,0,1,62,0
3191,53,0.47108285070451317,2,0,85,0,0,26,0
3192,28,0.3979530562013335,10,1,554,1,1,9,0
3193,69,0.31014722109080206,5,2,235,1,0,64,1
3194,32,0.4513367251540973,4,1,414,3,0,40,1
3195,36,0.38419418492597746,1,1,581,3,0,13,0
3196,24,0.43233389987866533,9,2,355,2,0,88,1
3197,68,0.9792618656086425,6,0,247,3,1,61,1
3198,45,0.08863297474958076,6,1,228,0,0,82,0
3199,68,0.9222308698387298,4,0,538,0,0,88,1
3200,60,0.4802367134710267,2,0,360,3,0,94,1
3201,22,0.6237422454995412,8,0,174,0,1,8,0
3202,22,0.8301829666176939,8,2,373,0,1,55,1
3203,47,0.36046302914925554,3,0,60,0,0,43,0
3204,71,0.4304219080879669,7,1,169,0,0,88,0
3205,49,0.40951848027871396,7,1,506,4,0,56,1
3206,25,0.37473102253575985,5,1,413,1,1,79,0
3207,27,0.9255293216468949,5,2,115,2,0,75,1
3208,55,0.8289298911930121,8,1,174,4,0,59,1
3209,64,0.1089999898629761,4,2,423,2,0,35,0
3210,49,0.10812335247709604,1,0,127,4,1,54,1
3211,65,0.4278695148529912,1,0,488,4,0,12,0
3212,45,0.09865737673280905,9,2,4,2,0,91,1
3213,34,0.6190930952711197,4,2,325,1,0,19,0
3214,48,0.1436916072617339,1,2,171,3,0,69,1
3215,25,0.5223732639668011,2,0,198,4,2,14,1
3216,57,0.007219947003717753,10,2,230,1,1,45,0
3217,42,0.3165963484126467,7,0,332,3,1,92,1
3218,26,0.6771907236726554,2,0,465,2,0,83,1
3219,19,0.48403894022784844,1,1,423,4,0,52,1
3220,32,0.9782694859989881,10,0,312,3,0,25,1
3221,67,0.8741037960662108,9,2,522,1,0,90,1
3222,20,0.3590707790431512,5,2,423,3,1,28,0
3223,66,0.0454865414722746,4,2,174,2,0,78,0
3224,53,0.8456263001150188,4,0,373,3,0,27,0
3225,21,0.9112343103146714,1,0,236,0,0,84,1
3226,31,0.8206273934190368,3,1,442,4,0,73,1
3227,58,0.12794994091976486,1,1,37,1,1,37,1
3228,58,0.9979151344122877,5,2,538,1,0,40,1
3229,42,0.25858422155277383,5,0,155,4,0,29,0
3230,72,0.7242049128083701,9,2,193,4,1,62,1
3231,67,0.9080348763357216,8,2,160,0,1,94,1
3232,27,0.23568711433070944,5,2,125,0,1,70,1
3233,38,0.9082585546770661,5,1,546,1,0,35,0
3234,53,0.30948157919486696,7,2,238,3,0,48,0
3235,29,0.9764132223840561,2,1,40,4,0,67,0
3236,44,0.2812600203804746,7,0,185,0,0,49,0
3237,57,0.9534358247578352,1,2,460,0,0,87,0
3238,19,0.053544650892674905,5,1,388,0,2,86,1
3239,71,0.709272011669813,6,0,260,3,0,54,1
3240,30,0.5321111338370037,10,1,405,1,1,71,1
3241,70,0.47787707712273064,1,2,545,1,1,75,1
3242,49,0.22349431425584,9,0,448,0,1,91,1
3243,48,0.705595789776492,9,0,400,3,1,5,1
3244,33,0.1908094914463071,1,0,306,3,0,75,1
3245,49,0.5528417959847682,4,1,136,1,1,90,1
3246,49,0.2532453630402508,8,1,201,4,0,71,1
3247,51,0.9556213797813561,2,1,156,0,2,87,0
3248,28,0.028631193835652824,8,0,254,3,1,98,1
3249,27,0.19972828011123656,10,2,180,4,0,13,1
3250,32,0.24231060638744772,9,2,408,2,2,39,1
3251,34,0.4140678257678164,9,0,27,0,0,17,0
3252,57,0.23273024187005353,1,2,514,2,0,30,1
3253,35,0.49134909026878526,9,0,544,1,0,49,0
3254,72,0.872465523258539,4,2,198,1,2,55,1
3255,26,0.7120634214091708,8,2,68,1,2,96,1
3256,42,0.579961980535111,9,2,16,3,0,29,1
3257,57,0.08900317798267965,3,1,545,3,0,60,0
3258,31,0.6939921083892756,6,1,59,4,0,43,1
3259,42,0.16641428431093985,3,0,183,2,0,7,1
3260,67,0.786367385961698,1,1,364,1,0,79,1
3261,39,0.2500567585101532,10,0,433,1,0,98,0
3262,69,0.4170487283209009,6,1,198,3,0,57,1
3263,47,0.3504702023179279,5,2,231,3,1,37,1
3264,37,0.8588139146748568,3,1,367,3,0,66,0
3265,38,0.12654445871340814,4,1,429,0,0,71,0
3266,61,0.5656448823847886,2,1,563,2,0,73,0
3267,49,0.14206160944306223,10,0,118,2,0,99,0
3268,68,0.7047958361321867,10,0,329,0,0,8,1
3269,63,0.9050781277944812,4,2,214,1,0,76,1
3270,66,0.4346076538672534,4,2,321,4,0,63,1
3271,73,0.4880922602649759,3,2,148,4,1,21,0
3272,38,0.9274228364827622,6,1,407,1,0,26,1
3273,52,0.5209913886493571,1,2,376,4,0,42,1
3274,49,0.48759843804956093,9,0,319,3,0,92,1
3275,47,0.5783291027043042,10,2,4,2,0,35,0
3276,72,0.6892297363629519,3,2,401,3,0,53,1
3277,56,0.10688337508703138,3,2,202,4,0,56,0
3278,66,0.821110527741516,3,2,36,4,0,93,1
3279,29,0.43550502745325925,7,2,53,2,0,42,1
3280,58,0.07234850989748554,8,0,287,3,0,53,0
3281,64,0.7861826691982131,2,1,283,2,0,94,0
3282,35,0.3769499716862721,1,2,597,4,0,31,1
3283,38,0.10036749509505394,5,1,44,2,1,27,0
3284,30,0.6337790395432505,8,2,283,2,0,88,0
3285,38,0.8801313534336417,3,1,581,4,0,31,1
3286,25,0.8877535094139863,6,0,41,2,0,85,0
3287,63,0.9576634748089732,3,1,416,3,2,18,0
3288,57,0.867705459766688,6,2,271,4,0,7,1
3289,63,0.002140919345475223,4,1,140,2,0,31,0
3290,24,0.38024116641339023,7,1,570,1,1,66,1
3291,40,0.818542579905503,10,2,46,3,0,18,1
3292,61,0.3662530059984742,1,1,166,3,2,96,0
3293,49,0.6015485063797061,1,2,125,3,0,48,0
3294,28,0.606316947374532,5,0,471,0,0,29,1
3295,39,0.36502530403882305,9,2,369,4,0,65,0
3296,39,0.9044739272812876,5,0,587,0,1,79,1
3297,60,0.5032283453861176,4,1,6,2,0,56,0
3298,42,0.4647842059375008,8,2,275,4,0,16,0
3299,39,0.9975137456618959,5,1,590,3,0,88,1
3300,45,0.49350036407261666,1,0,64,3,0,38,0
3301,46,0.17839825192858105,7,0,201,3,0,27,1
3302,30,0.513069422863438,4,1,141,3,2,23,0
3303,35,0.81401673551993,10,2,97,2,0,5,1
3304,19,0.7768603268982814,5,2,216,1,0,78,0
3305,46,0.788581765108471,6,2,585,4,0,69,1
3306,38,0.7080237839979118,7,2,292,1,1,9,1
3307,32,0.2542178290666882,2,0,507,4,1,61,0
3308,69,0.8620840858402314,1,2,133,3,2,26,0
3309,44,0.8934434653762651,3,1,261,0,0,47,0
3310,67,0.19415269661854906,10,0,283,2,0,6,0
3311,48,0.13045563655139392,1,1,101,4,0,77,1
3312,32,0.975604968589112,4,1,376,3,0,11,1
3313,68,0.8683239636503679,6,1,205,0,0,25,1
3314,40,0.8932361472099467,5,0,12,3,1,75,1
3315,41,0.8863763846243952,4,2,122,2,0,63,1
3316,61,0.5416868240337284,7,1,9,0,0,13,1
3317,30,0.6464017366657997,6,1,591,4,1,44,1
3318,39,0.5453628521336417,3,2,166,4,1,77,0
3319,60,0.05120634919032907,9,2,150,4,1,53,1
3320,54,0.7455030853527727,5,2,36,4,0,16,1
3321,50,0.5053320333358803,10,2,473,0,2,77,1
3322,73,0.6477090747902298,1,1,443,2,0,14,0
3323,20,0.5026398049755353,6,0,341,0,1,78,1
3324,71,0.49181132232245595,5,2,4,4,0,21,1
3325,36,0.17178910947776682,10,2,225,2,0,8,1
3326,40,0.27871371514114895,8,1,538,1,0,68,0
3327,46,0.1588526919439558,4,2,123,1,2,20,1
3328,47,0.19566629562534243,1,1,402,0,0,53,1
3329,56,0.9729773804203049,2,1,34,4,1,31,0
3330,61,0.15311344577219843,8,1,236,1,0,10,0
3331,64,0.26927042430520765,10,1,467,1,0,13,0
3332,42,0.590589657738585,8,2,498,3,0,62,1
3333,54,0.6101785762366418,5,0,511,3,0,36,1
3334,64,0.15397412974382907,6,2,316,2,1,42,1
3335,25,0.7937174257852123,2,0,302,2,0,34,1
3336,59,0.785202867912825,9,2,101,4,1,82,1
3337,33,0.2373177042038911,6,1,588,1,0,49,1
3338,25,0.28866630267546045,9,2,311,0,0,33,0
3339,18,0.937987865459497,10,1,81,0,1,96,1
3340,61,0.8256714459794781,3,2,192,3,2,26,1
3341,22,0.6977970330625238,6,1,223,2,0,35,1
3342,20,0.08223322151060053,10,0,52,4,0,85,1
3343,18,0.4182640809025757,5,1,344,3,0,21,1
3344,21,0.559301872076827,9,2,84,3,0,58,1
3345,57,0.18741128798377693,10,1,210,4,0,83,0
3346,52,0.4482265821082245,1,0,182,4,0,51,0
3347,49,0.60102587748869,9,0,271,1,0,36,1
3348,59,0.3273766801153992,5,2,505,4,0,32,0
3349,51,0.7809448189504872,1,1,226,4,0,15,1
3350,60,0.8404495816388055,10,2,11,3,0,43,0
3351,42,0.32360946943407076,8,1,92,3,0,21,1
3352,27,0.8386571544924571,7,0,329,0,1,80,1
3353,38,0.10357656610301502,6,2,189,0,0,43,0
3354,63,0.8377290986226563,2,0,597,0,1,77,1
3355,56,0.1527504316676166,5,1,292,4,0,29,1
3356,44,0.08292715250972604,3,0,260,1,0,30,1
3357,44,0.6417754044410112,2,1,322,3,0,72,1
3358,19,0.4719373657552943,10,2,9,2,1,66,0
3359,58,0.9078906004128328,1,1,87,1,0,23,0
3360,65,0.3631891960908492,9,1,339,2,0,17,0
3361,30,0.2871522634376287,2,2,317,4,0,33,0
3362,26,0.5007349061441984,1,2,548,2,0,58,0
3363,69,0.4559461857686613,7,0,222,0,1,77,0
3364,53,0.34442804621718826,9,1,208,3,0,46,1
3365,39,0.6937412986983286,6,1,48,1,0,66,0
3366,59,0.7595618339139083,8,0,535,0,0,75,1
3367,43,0.8529839690301366,7,1,262,3,0,75,1
3368,71,0.9728566047103429,9,1,205,0,2,25,1
3369,29,0.26665619213250447,7,2,496,1,0,13,0
3370,34,0.7160934824899615,6,2,464,4,0,49,1
3371,31,0.39425823549574524,1,2,19,2,0,31,1
3372,31,0.6770819719511081,9,0,567,4,1,52,1
3373,74,0.47598169034922033,10,2,107,2,0,89,1
3374,51,0.9937731027679316,5,0,139,2,1,73,1
3375,70,0.7289021357907499,2,2,90,1,0,9,1
3376,74,0.9524913004343245,8,1,270,1,0,76,1
3377,37,0.8349695494811857,4,1,328,4,0,19,1
3378,28,0.9029010111633711,3,2,209,3,2,81,1
3379,33,0.8144191972146749,1,2,572,3,0,48,1
3380,68,0.4591591303759114,5,0,454,4,0,51,0
3381,48,0.2517884533468844,3,1,283,2,0,36,0
3382,72,0.3703201754505222,4,2,365,1,0,40,0
3383,23,0.020236232639950447,9,2,483,4,0,53,0
3384,73,0.5239931674646672,7,1,2,3,1,57,1
3385,36,0.5050578002704087,5,2,163,2,0,27,1
3386,54,0.5252504648304882,8,1,387,3,0,38,1
3387,21,0.9740312249720638,6,2,8,2,0,22,0
3388,64,0.9114540034548393,10,1,365,3,0,16,1
3389,21,0.161712778330108,2,0,11,0,0,91,0
3390,37,0.3688825215558892,7,2,73,2,1,6,1
3391,27,0.4239561794632619,1,2,237,2,0,31,0
3392,41,0.36053291785164776,3,2,107,2,0,54,0
3393,71,0.7984959636039131,1,0,524,0,2,35,1
3394,52,0.5240376698675869,1,2,233,0,0,52,0
3395,43,0.572099816971625,5,2,438,3,0,90,1
3396,54,0.8530135589879255,6,1,480,1,1,73,1
3397,55,0.8059281534153586,3,2,91,3,0,21,1
3398,38,0.1322115228202997,3,2,197,2,1,47,0
3399,71,0.7139145840836343,3,1,115,2,0,75,0
3400,57,0.43543612890203554,1,0,364,3,1,22,1
3401,56,0.29464890306250047,5,0,152,4,0,70,1
3402,38,0.050018820902186345,1,1,107,1,2,35,1
3403,27,0.48724956034545097,10,0,527,0,1,67,1
3404,55,0.3554366807245314,10,0,55,1,0,32,1
3405,63,0.2515130396764008,3,2,451,4,1,71,1
3406,21,0.6946717295969576,6,2,391,3,0,13,1
3407,74,0.769485387315587,6,2,207,3,0,32,0
3408,62,0.2447895190294248,3,0,509,2,0,96,1
3409,37,0.049447436679347256,9,2,554,3,0,22,0
3410,34,0.848752700565235,8,0,299,4,1,19,1
3411,72,0.009959741204303318,3,2,278,3,0,79,1
3412,24,0.937112493921472,5,0,143,3,0,93,1
3413,21,0.6276198739827059,5,1,203,4,0,9,0
3414,46,0.3218466352013203,5,1,228,0,1,45,0
3415,31,0.2464779095767362,3,2,264,1,1,95,0
3416,20,0.009005664264475244,5,0,465,3,2,80,1
3417,41,0.23547141701087715,5,1,136,1,0,78,1
3418,54,0.1377283015171411,4,1,239,1,0,77,1
3419,33,0.6121662207231456,4,2,448,2,2,70,0
3420,72,0.1665455885938013,2,2,314,0,1,77,0
3421,69,0.5286298375366193,9,0,150,1,0,55,0
3422,21,0.5901164223444708,7,1,324,2,2,20,1
3423,73,0.2980416983469145,1,0,402,4,1,69,0
3424,41,0.035064949018718705,5,0,352,4,0,89,0
3425,51,0.0372538806141961,2,2,109,4,1,61,0
3426,47,0.026347332193917605,10,0,465,4,1,41,0
3427,35,0.7391246671365462,6,0,39,4,0,43,1
3428,36,0.31800970481429813,7,1,339,2,0,69,0
3429,48,0.7963001859676636,2,0,371,0,2,53,1
3430,36,0.43173282384284917,6,1,524,0,0,51,1
3431,66,0.45299810082996383,3,1,506,2,1,44,0
3432,63,0.5128826025095737,9,0,52,2,0,18,0
3433,36,0.7130314563751039,4,0,79,3,1,44,1
3434,39,0.27350286582970706,3,1,350,1,0,52,0
3435,41,0.1215873495335269,3,0,550,4,0,36,1
3436,62,0.5560573351914615,2,1,339,1,0,92,1
3437,29,0.32697762324273927,9,0,120,3,1,43,1
3438,47,0.4424913136680374,8,1,64,0,0,37,1
3439,55,0.6469467083373054,5,1,439,4,2,34,0
3440,70,0.4941257411412706,9,2,295,0,0,30,1
3441,48,0.6202788171008429,2,0,204,2,0,47,0
3442,53,0.5442000021136278,6,1,556,1,2,59,1
3443,36,0.7397963719360992,7,1,277,0,0,48,1
3444,65,0.70593661771162,6,0,134,3,1,82,1
3445,62,0.5341898918086192,3,0,377,0,0,80,0
3446,53,0.6789030208597069,10,0,51,4,2,7,0
3447,47,0.8735596022726128,10,2,579,4,0,11,1
3448,72,0.4322712877881686,10,0,66,1,0,89,0
3449,66,0.41276307274879365,9,2,2,2,0,62,1
3450,72,0.7642456208523801,8,0,569,4,0,95,1
3451,50,0.582553837041994,8,2,450,3,0,14,1
3452,35,0.07100678022258855,8,0,509,1,0,14,1
3453,69,0.8921120156910813,9,2,437,4,1,85,1
3454,66,0.030783102237640136,1,1,527,3,2,46,0
3455,45,0.7483963562097431,8,2,101,0,1,38,0
3456,64,0.7587941427043129,2,2,436,3,0,86,0
3457,28,0.9531110852819304,4,1,20,1,0,30,0
3458,74,0.054134408402320755,1,0,386,4,0,64,0
3459,71,0.596856860784491,6,1,532,2,0,6,0
3460,62,0.42784057062705294,10,1,91,2,0,77,1
3461,50,0.330632954859542,1,1,132,3,1,49,0
3462,34,0.09031856029907304,5,2,504,3,0,9,0
3463,23,0.5626541196713092,9,1,452,3,2,30,1
3464,21,0.47904072567461364,1,0,147,4,0,83,1
3465,37,0.10455445815102427,9,2,231,2,0,29,1
3466,65,0.6124895070970834,4,2,164,2,0,30,1
3467,64,0.7379531202529385,3,1,313,1,0,96,0
3468,44,0.7672783010536482,8,2,297,1,0,91,1
3469,32,0.9053731882624274,6,0,222,0,0,89,1
3470,23,0.4094707418887772,7,2,352,4,0,26,1
3471,64,0.953072768622137,9,1,415,3,0,23,0
3472,31,0.8654294050826861,5,1,61,1,0,14,1
3473,28,0.29650157102393904,2,1,375,0,0,46,1
3474,56,0.15928303734945848,3,2,598,0,0,35,0
3475,26,0.4353893961280134,3,1,404,2,0,35,1
3476,43,0.4018987079559666,4,2,254,4,0,79,1
3477,33,0.5757193053312043,10,1,450,4,0,85,1
3478,22,0.583386232327748,7,1,389,3,0,90,1
3479,74,0.7499869843799752,10,1,347,4,0,94,1
3480,69,0.5098899482056102,6,0,501,3,0,40,1
3481,27,0.10482264094076554,3,0,321,4,0,70,0
3482,67,0.8582913355531061,7,1,543,2,1,36,0
3483,20,0.30976458318518707,4,1,63,0,0,71,0
3484,30,0.971297460306592,10,2,153,4,0,67,1
3485,60,0.11786010867977015,8,2,516,4,2,27,0
3486,66,0.9582511722325032,7,0,394,2,0,54,1
3487,47,0.09101180688251698,7,2,329,1,1,69,1
3488,71,0.23103613794705946,9,2,462,3,0,73,0
3489,62,0.04657994208654159,8,2,91,1,1,48,0
3490,23,0.7051131466389949,1,2,221,0,0,62,1
3491,34,0.8502987365717918,7,0,189,1,0,61,0
3492,62,0.4340710818159804,3,0,571,0,0,41,1
3493,68,0.9285220750424297,4,2,204,3,1,69,1
3494,70,0.5902990717555996,6,2,211,2,1,22,0
3495,36,0.6300071354465232,5,0,88,0,0,9,0
3496,59,0.8454192017007699,8,1,362,3,1,86,1
3497,52,0.2968002050518389,2,2,370,2,0,30,0
3498,63,0.3542657213276258,5,1,331,1,0,37,1
3499,43,0.9059519191946444,5,2,425,1,0,46,0
3500,68,0.9009634960387638,3,0,454,0,0,92,1
3501,22,0.9764827762008709,10,2,421,4,1,31,1
3502,46,0.9018383164416711,5,1,170,4,0,58,1
3503,54,0.1273720360333609,4,0,248,2,2,87,0
3504,37,0.8237242861369873,5,2,180,1,1,86,1
3505,66,0.40983847810959406,10,2,474,3,0,83,1
3506,38,0.9908013559459379,9,0,482,2,1,95,1
3507,27,0.47228096432880107,7,2,383,0,1,79,1
3508,22,0.5538360825022206,1,0,403,0,2,28,0
3509,53,0.5297749152567985,3,2,160,2,0,7,0
3510,23,0.3217370298582778,9,0,247,3,1,43,0
3511,43,0.07502208889291817,4,2,318,1,0,75,0
3512,21,0.8956512304019185,4,0,530,1,0,16,1
3513,56,0.8026758125262868,10,0,112,3,0,37,1
3514,56,0.13952678055966927,6,2,562,1,2,26,0
3515,67,0.7767682713500729,3,0,343,4,0,39,1
3516,52,0.62584666605061,3,2,122,4,0,18,1
3517,18,0.4091437879176223,9,2,318,3,0,30,1
3518,41,0.2540211490955627,5,2,573,4,0,87,0
3519,74,0.8597287835022325,7,0,477,2,0,89,0
3520,53,0.700188259294053,5,2,412,1,0,58,1
3521,23,0.5477399094691369,6,0,585,2,0,45,1
3522,58,0.6095685338984641,8,1,244,3,0,49,0
3523,71,0.09106618208218098,8,1,543,4,0,35,1
3524,63,0.4739197609111919,2,1,456,2,0,73,0
3525,61,0.193700292785702,9,2,152,2,1,21,1
3526,74,0.20838367900882537,10,0,14,0,0,64,1
3527,48,0.6613039622868667,6,2,442,2,0,8,1
3528,37,0.9112561518342881,7,0,303,4,0,14,1
3529,41,0.40375661047834654,3,1,244,1,1,98,1
3530,42,0.20774927301219037,4,1,566,1,0,13,0
3531,53,0.6487469372366542,6,1,553,1,0,65,1
3532,38,0.8711870463503177,7,2,454,4,0,94,1
3533,47,0.7483188011224908,6,2,358,1,1,26,1
3534,41,0.8687572305365872,5,0,51,1,2,25,1
3535,61,0.5365546710107993,2,0,10,3,0,27,0
3536,59,0.7518762443691909,7,1,599,3,1,65,1
3537,47,0.14006455935893647,5,2,226,0,0,16,0
3538,39,0.3482746153631915,9,2,113,0,0,99,1
3539,45,0.38954916448152244,4,0,536,2,0,21,1
3540,24,0.5112957462460346,10,0,86,2,2,59,1
3541,52,0.9290763602568237,2,2,592,2,1,25,1
3542,72,0.8742965602221743,7,2,249,0,0,58,1
3543,45,0.13452549228918453,7,0,249,1,0,51,0
3544,31,0.1727896518824632,1,2,420,2,0,45,0
3545,73,0.35764054958891134,5,2,209,1,0,19,0
3546,27,0.2907438658906739,3,1,520,1,0,63,1
3547,33,0.6147709531562623,9,2,547,0,1,19,1
3548,33,0.9027760477645449,9,2,56,3,0,33,0
3549,71,0.9622915416725868,7,2,62,3,1,15,1
3550,48,0.6536029525352265,9,0,337,4,0,33,0
3551,59,0.8381592014010867,2,1,531,3,0,90,1
3552,42,0.5252022002307971,10,0,5,2,2,94,0
3553,30,0.20832694686003972,8,1,584,0,2,86,1
3554,23,0.5246884120934774,10,1,510,1,0,93,1
3555,61,0.5550826014376511,10,2,460,0,0,89,1
3556,26,0.7424575642135566,10,1,355,4,0,92,1
3557,62,0.2198829897073491,1,1,218,4,0,60,0
3558,53,0.3683103820867317,3,2,366,4,1,96,1
3559,73,0.3640274692145663,8,2,560,1,1,57,0
3560,60,0.9594395957411649,8,1,363,4,1,7,0
3561,37,0.44394496032671893,10,0,389,4,0,17,0
3562,35,0.7550939672981465,8,1,294,4,1,42,0
3563,60,0.750811381374439,7,0,504,1,0,74,0
3564,74,0.2655441848032414,2,0,287,4,0,15,1
3565,38,0.5718696893717321,3,1,176,2,0,27,0
3566,21,0.8943028933186481,9,0,298,0,0,77,1
3567,67,0.47519771945694944,2,1,283,4,0,60,1
3568,50,0.9451175073425461,7,0,576,4,1,21,1
3569,44,0.2144582293241616,1,0,53,0,0,13,0
3570,24,0.07415910577403073,3,1,319,4,0,87,1
3571,23,0.8914538731447493,1,2,478,4,1,96,1
3572,32,0.8476811979622166,6,2,541,2,0,32,1
3573,35,0.9925898759338447,4,1,220,3,2,83,1
3574,49,0.6793934881124261,1,1,342,1,0,23,1
3575,73,0.9366879266671495,5,2,213,1,1,91,1
3576,28,0.8269490250841108,4,2,321,0,2,96,1
3577,37,0.8444263331200869,10,0,580,2,2,8,1
3578,41,0.5691415704542683,10,0,14,1,1,51,1
3579,32,0.38236459791671085,2,0,479,0,1,51,0
3580,65,0.9345580725432818,7,2,133,0,0,35,0
3581,24,0.43211717561589447,8,1,23,0,0,9,1
3582,38,0.5388193672496691,4,0,376,1,0,37,1
3583,59,0.44611430712518774,9,1,596,3,1,52,0
3584,43,0.5648183139601971,3,2,141,0,1,36,1
3585,61,0.4705050789923272,6,0,438,4,1,83,0
3586,73,0.04796755857947588,7,2,323,3,0,63,0
3587,31,0.8820481860076986,7,1,121,3,0,68,0
3588,74,0.4443938189157698,6,0,299,4,2,51,1
3589,54,0.5889436485073487,9,1,340,1,0,13,0
3590,38,0.13918780275798703,1,1,178,1,0,39,0
3591,35,0.003387847982639136,9,0,207,2,2,51,1
3592,22,0.24529009364364296,9,0,165,1,0,92,1
3593,20,0.7045860321333502,4,2,40,2,0,86,0
3594,40,0.0991945301128786,5,0,555,0,1,21,0
3595,43,0.9088874403864678,3,0,74,1,1,5,0
3596,54,0.21502256935618458,7,0,479,1,0,59,1
3597,41,0.2045936142917758,2,0,347,4,0,15,0
3598,66,0.18150796162149552,8,0,271,0,1,37,0
3599,36,0.013981712971364746,9,2,165,2,1,74,1
3600,68,0.7718054684782346,6,1,85,0,0,60,0
3601,42,0.8750345312452585,9,2,550,3,1,68,1
3602,38,0.6141627026161989,6,1,598,4,0,97,1
3603,29,0.1881999816798623,3,0,154,3,0,62,0
3604,74,0.28527799694087974,10,2,575,2,2,24,1
3605,58,0.4759266973649633,3,1,222,1,0,22,1
3606,50,0.9543459516233008,2,1,416,1,0,82,0
3607,67,0.2473513718177428,5,0,361,1,0,49,0
3608,70,0.731645903919888,4,0,345,2,0,47,1
3609,21,0.4394482232929203,6,1,145,3,2,24,1
3610,59,0.2978473483600218,5,2,66,2,0,61,1
3611,74,0.45591593702211375,6,1,516,2,0,86,1
3612,24,0.07120671754123253,4,2,58,3,1,31,0
3613,39,0.7986873709303625,3,2,587,1,0,22,1
3614,72,0.24330192798296713,1,1,15,4,1,21,0
3615,50,0.7254121231929704,5,2,586,2,0,64,1
3616,34,0.06834837144819472,6,1,485,2,0,93,1
3617,41,0.9550985561656861,5,1,175,3,2,9,1
3618,51,0.1930149854056986,5,0,321,4,0,10,1
3619,45,0.8827420762070805,6,1,460,2,1,19,0
3620,60,0.8094732096154345,4,1,135,0,1,43,1
3621,58,0.967859924081416,4,0,427,4,0,84,1
3622,56,0.4778906609457496,8,0,541,2,0,43,0
3623,39,0.7273972938459515,8,2,321,4,1,92,0
3624,66,0.37071065703778405,3,2,335,0,0,25,1
3625,34,0.18436823801969382,7,0,512,0,0,17,1
3626,51,0.4430759329334488,5,0,170,4,1,33,1
3627,23,0.16574901538845488,5,0,128,1,1,9,1
3628,63,0.9820446227863839,3,1,417,4,0,71,1
3629,23,0.09624649114071637,2,1,396,3,0,25,0
3630,51,0.5892117234526204,3,1,60,1,0,13,0
3631,18,0.6264638552540559,7,0,116,0,0,71,1
3632,27,0.5380795428740542,3,2,472,1,2,48,0
3633,38,0.6621858857118336,2,2,396,0,1,66,1
3634,22,0.11618077501189095,4,1,596,0,0,98,0
3635,19,0.5550185242052911,5,1,217,0,1,71,0
3636,39,0.28721257112736154,7,0,476,3,1,66,1
3637,65,0.9401760633010566,1,0,267,3,1,66,1
3638,74,0.7620716534397257,8,2,75,2,0,64,0
3639,19,0.9725144821597427,10,2,68,3,1,53,1
3640,27,0.037556069740189546,3,0,444,0,1,43,1
3641,51,0.2851331751807087,6,2,297,4,1,45,1
3642,33,0.195422586638349,4,2,473,1,0,54,1
3643,65,0.0111545873118305,5,1,159,4,1,21,1
3644,68,0.24232573024632142,10,0,7,0,1,57,1
3645,56,0.6787759835204289,6,0,484,4,0,59,0
3646,39,0.23108892213456855,2,0,87,1,0,82,1
3647,29,0.5090034454826182,3,1,140,2,1,79,1
3648,41,0.8878181149649986,8,0,540,2,0,60,1
3649,64,0.6937579203490752,8,2,524,3,0,5,1
3650,57,0.39462906990603197,1,1,574,4,0,69,0
3651,55,0.3724689389121083,10,1,342,3,0,68,1
3652,27,0.45573581400848473,8,0,215,3,2,56,1
3653,52,0.17704144105990638,2,2,505,4,1,19,1
3654,68,0.6340007674159881,10,0,598,4,0,6,0
3655,66,0.3641528191046055,10,2,73,1,0,16,0
3656,49,0.8523653492620437,8,0,580,4,0,49,1
3657,24,0.7565526600578163,10,2,68,4,0,61,1
3658,38,0.61051316409216,5,2,222,3,0,46,0
3659,37,0.36420222264951607,1,2,385,2,1,6,1
3660,43,0.2099318316734844,8,1,284,0,1,91,1
3661,21,0.7761518641056229,5,0,121,2,1,66,1
3662,63,0.48640909899108653,1,0,440,4,1,38,1
3663,69,0.2247500381773575,4,0,456,0,1,21,0
3664,39,0.19517461504000622,1,1,163,4,0,45,0
3665,32,0.16540090450135903,9,2,262,1,2,82,1
3666,73,0.777161196205595,10,1,91,4,1,79,0
3667,57,0.2289871853003117,2,1,335,0,0,88,0
3668,38,0.5266422635251975,8,2,585,1,1,75,1
3669,32,0.45154636097305645,4,0,313,0,0,69,0
3670,39,0.5796108992282839,9,1,465,1,2,19,1
3671,69,0.8771549003711943,2,2,400,3,0,42,1
3672,45,0.8677473900817306,3,2,560,0,0,77,0
3673,31,0.45107607182485965,2,0,597,3,0,69,1
3674,44,0.015366250734723308,10,2,484,3,1,13,0
3675,58,0.4264438057143032,5,2,276,4,2,46,0
3676,57,0.6061935374241404,1,2,65,2,0,70,0
3677,45,0.5577647590980618,3,0,200,1,1,90,1
3678,43,0.6513361058002055,1,0,467,0,0,93,0
3679,66,0.15407573247308348,10,2,433,3,0,55,1
3680,19,0.6465350987807326,8,2,137,4,0,82,0
3681,42,0.18265161874377223,4,0,51,0,0,84,0
3682,73,0.750523980696749,3,0,451,4,0,23,1
3683,20,0.33908761326268,8,0,157,0,1,35,1
3684,25,0.7098954333814536,9,1,205,4,0,70,1
3685,61,0.04786559890610709,8,0,341,4,0,36,1
3686,50,0.4078600255909134,6,2,315,2,0,79,0
3687,59,0.7050345222633327,3,0,135,3,0,12,0
3688,69,0.22687051633149413,8,2,74,1,0,73,0
3689,52,0.7952870447972226,5,2,448,1,0,36,1
3690,23,0.630779733104932,5,2,68,0,0,51,0
3691,56,0.5875617721497983,9,0,560,0,1,74,1
3692,69,0.3535488542043371,1,0,201,2,0,12,0
3693,40,0.4824514703811176,7,0,573,0,1,38,1
3694,42,0.5973493009778531,8,0,166,1,0,8,1
3695,67,0.47246211391489046,10,0,120,3,0,40,0
3696,60,0.6983133239405601,3,1,96,2,1,48,0
3697,36,0.43369693310695956,8,0,376,0,0,29,0
3698,22,0.20227318174203035,1,1,490,2,2,30,1
3699,68,0.21393378280104725,8,2,52,2,0,37,1
3700,28,0.005803768842941093,7,2,8,2,0,13,0
3701,73,0.30095771555867246,4,2,330,0,0,51,1
3702,29,0.7489176404785196,7,2,250,4,0,76,0
3703,27,0.7941627088376095,10,1,359,0,0,21,0
3704,25,0.20246754209575002,7,1,348,0,2,19,0
3705,41,0.9590439968714077,10,2,123,0,0,46,1
3706,45,0.5024027934801267,1,0,198,0,0,58,0
3707,58,0.9169787490185026,3,2,410,0,2,17,0
3708,53,0.7067652818616311,7,2,379,2,0,54,1
3709,54,0.7224334230224131,5,1,504,2,0,48,0
3710,38,0.08504362130607113,9,2,94,0,2,7,0
3711,25,0.21999112689693068,7,1,29,3,1,57,1
3712,72,0.008814833294472635,3,1,91,3,2,60,0
3713,26,0.7161276404767375,1,2,595,4,0,58,1
3714,64,0.34443828842851,5,0,14,3,0,61,0
3715,32,0.7866525160763468,10,1,459,1,0,16,0
3716,65,0.3389362199370263,5,1,22,1,1,97,0
3717,63,0.8193337522988611,7,1,325,3,2,63,1
3718,57,0.130698253748313,1,2,86,0,0,69,0
3719,35,0.1733731567575082,10,2,192,3,0,41,0
3720,59,0.3408765395839365,2,1,262,1,0,24,0
3721,37,0.4084873888822733,6,0,428,3,0,76,0
3722,23,0.3487028108429784,8,2,359,2,0,41,0
3723,29,0.7636470325232199,4,0,561,4,0,35,0
3724,19,0.0969513926267147,3,0,432,2,0,99,1
3725,24,0.35121701963848806,3,2,559,2,2,29,1
3726,33,0.8372399995154594,3,1,507,4,0,54,1
3727,20,0.06679707726217199,2,0,48,0,0,53,0
3728,62,0.9423435076713574,1,1,167,4,0,12,1
3729,20,0.9863168422720129,5,0,440,0,0,98,1
3730,44,0.08856817382508009,10,1,593,1,0,98,0
3731,67,0.29127252225573697,5,2,574,3,1,95,1
3732,60,0.37240066603535615,5,0,227,1,2,39,1
3733,57,0.7763913686527261,4,0,213,1,0,17,0
3734,55,0.5959268121167338,3,0,153,1,1,25,0
3735,50,0.6443657004925674,3,1,406,3,0,77,1
3736,45,0.757509822818506,2,0,17,0,1,28,1
3737,18,0.11797899943702572,5,0,466,4,0,52,0
3738,72,0.8332094569102624,4,1,343,0,0,37,1
3739,25,0.705619804180144,6,1,323,0,0,5,1
3740,54,0.5773417251963703,2,2,245,2,1,76,0
3741,49,0.8897353347830567,2,1,59,3,0,7,0
3742,65,0.7003063538838071,8,0,493,0,0,18,0
3743,60,0.2016999626310254,6,0,48,0,1,18,0
3744,54,0.42974538107566673,3,2,252,1,0,53,1
3745,21,0.4940428669357333,5,2,382,2,1,37,1
3746,47,0.055217626750405646,3,0,308,4,0,8,0
3747,23,0.9546375133600558,2,1,575,2,1,42,1
3748,63,0.12857726079687848,3,0,544,1,0,29,1
3749,71,0.6974612672267269,1,2,57,1,1,51,0
3750,36,0.5062310360908802,7,0,63,1,0,17,1
3751,49,0.025632249884422587,6,0,124,3,1,43,1
3752,26,0.9247474758643617,5,0,60,1,0,29,0
3753,29,0.8518368088189332,6,2,379,0,0,77,0
3754,28,0.5242579279038355,8,2,137,3,0,47,1
3755,63,0.22894233613944526,3,2,65,1,0,42,1
3756,72,0.12162289068009424,3,1,178,3,0,39,0
3757,33,0.3633924794321266,5,2,170,0,1,97,1
3758,18,0.2554282810460905,5,1,343,1,1,59,1
3759,62,0.5066912010062987,1,1,186,1,0,54,0
3760,72,0.966409296123429,4,2,226,0,0,82,0
3761,70,0.5749534932296414,9,1,265,1,2,38,1
3762,38,0.8899310558900979,8,1,191,0,2,29,1
3763,47,0.6508788374957772,3,0,125,1,0,46,1
3764,30,0.47524652658720046,5,1,473,1,0,96,1
3765,51,0.8546075627333712,5,1,98,2,0,55,0
3766,21,0.4713681101729975,7,2,343,3,1,98,1
3767,45,0.868628170510361,8,0,242,4,0,41,1
3768,55,0.2915767695757653,9,1,19,2,2,70,1
3769,48,0.12881307376298812,7,1,358,2,0,89,1
3770,72,0.8553144643629383,2,1,432,3,0,38,0
3771,44,0.5874151637926668,8,2,486,2,1,87,1
3772,22,0.8890923982489601,8,2,329,0,0,42,1
3773,42,0.9378272069923832,2,0,306,2,0,35,0
3774,20,0.053628390371449175,6,1,184,4,0,30,0
3775,50,0.5009693018588683,10,0,334,0,0,80,1
3776,21,0.37496454907452925,1,2,505,3,2,98,0
3777,42,0.6258583970701171,7,1,462,3,0,30,1
3778,37,0.7935911972023235,10,1,2,3,0,67,1
3779,51,0.28059021597436895,2,0,174,0,0,52,0
3780,43,0.5567983843731716,5,1,580,3,0,99,0
3781,22,0.7087285799048996,7,2,532,3,0,83,1
3782,52,0.13443108283573402,10,0,297,4,0,14,1
3783,45,0.8140669059512669,9,0,117,1,0,40,1
3784,46,0.6061095998529731,1,1,205,1,0,44,0
3785,26,0.9495374371136518,9,2,134,1,0,30,0
3786,69,0.3395289191306933,5,1,202,3,0,13,0
3787,55,0.10814594233719865,6,0,34,0,0,57,0
3788,67,0.5065012010369253,8,0,29,3,1,85,1
3789,23,0.08581077170943885,2,2,427,1,1,74,1
3790,36,0.9695265233240068,7,0,256,4,1,90,0
3791,61,0.03868495825719154,4,2,380,3,0,84,0
3792,74,0.753503901107308,9,1,181,3,1,90,1
3793,28,0.525102398142244,6,2,207,3,0,57,1
3794,19,0.3686206524982887,7,1,574,0,0,43,0
3795,64,0.06584216450865465,6,1,438,4,0,65,0
3796,61,0.6221669241736077,8,0,341,4,0,56,1
3797,61,0.5852203293909553,6,1,588,4,0,72,1
3798,26,0.28088327306759975,7,0,377,4,0,72,1
3799,38,0.9102217014103121,8,2,410,1,2,77,1
3800,41,0.3041100073428369,1,2,526,3,0,82,0
3801,51,0.44972541059210613,10,1,382,4,0,46,1
3802,39,0.5437624559186557,4,2,464,2,0,94,1
3803,20,0.1002318781762861,6,1,392,2,0,71,1
3804,29,0.9321617192136323,1,2,570,1,0,79,1
3805,45,0.3745361524510411,4,1,150,2,0,55,1
3806,47,0.08077921387434361,6,1,368,2,0,7,0
3807,43,0.38729117367532995,7,2,106,2,1,17,0
3808,65,0.6002025470925807,6,2,138,1,0,17,0
3809,38,0.5136526718213296,4,2,279,3,0,65,0
3810,45,0.694541974037274,7,2,71,1,2,28,0
3811,73,0.05548394206791063,10,1,504,0,0,24,0
3812,43,0.2845406102720561,2,1,105,0,0,78,0
3813,50,0.8192305768401023,6,2,500,2,0,91,1
3814,38,0.07989368779136086,5,2,158,2,0,59,0
3815,52,0.8554859546959576,2,0,149,3,0,39,1
3816,69,0.09189609207710625,9,1,13,2,1,82,0
3817,51,0.8344542148916962,7,1,4,0,0,84,0
3818,58,0.3607884010787267,3,2,272,2,0,34,1
3819,68,0.6122090632572158,7,0,337,3,2,87,1
3820,64,0.15288711564799817,6,2,210,0,1,37,0
3821,35,0.06616872172518085,7,1,326,2,0,45,0
3822,28,0.21593820402013508,4,1,465,3,0,70,1
3823,74,0.12785381790869554,10,0,78,3,1,53,1
3824,40,0.3124058976796318,8,2,176,0,1,12,0
3825,65,0.5143832465110202,8,0,131,0,0,88,1
3826,39,0.5887594635650095,7,2,291,0,0,7,1
3827,34,0.7898681073797429,7,0,377,3,0,89,0
3828,22,0.6562398932483586,10,2,415,0,0,69,1
3829,61,0.608758325129553,8,2,343,0,2,89,1
3830,28,0.41178202748577464,1,2,376,3,0,76,0
3831,47,0.4738084349601387,6,1,484,3,0,6,1
3832,32,0.4145208293901811,2,2,145,0,0,91,0
3833,44,0.8421660300613831,1,1,531,0,0,45,1
3834,52,0.23000045254839985,10,0,569,0,0,57,1
3835,50,0.0057209315419646245,7,2,295,3,0,79,0
3836,37,0.6513198972262393,6,1,577,4,1,20,1
3837,33,0.2024621836388314,5,0,344,1,1,13,1
3838,51,0.8901151363098093,5,2,396,2,0,43,1
3839,19,0.8590463297066561,9,0,474,1,1,68,1
3840,52,0.07672737192820589,9,1,524,3,0,40,0
3841,57,0.10638840541407735,6,1,573,4,0,27,1
3842,73,0.4951715922466663,3,2,45,3,2,51,0
3843,45,0.6092226627693547,7,1,427,0,0,53,1
3844,64,0.27490833748224075,4,1,222,2,0,59,0
3845,56,0.7167977166993706,5,0,22,1,0,98,0
3846,23,0.5949160209188715,7,2,66,3,2,14,1
3847,26,0.3248241097485547,7,2,482,4,0,67,1
3848,37,0.025371488042315593,10,2,205,0,0,99,1
3849,18,0.7501502812985177,8,0,577,4,0,30,1
3850,25,0.2147536658250827,1,1,561,2,0,52,0
3851,72,0.8344737434626284,5,2,257,4,0,34,0
3852,40,0.4202902600542552,9,2,545,4,0,6,1
3853,20,0.5770774426317654,7,0,252,0,0,33,0
3854,21,0.8729487304090019,2,0,580,4,0,58,1
3855,42,0.8636230009199534,1,2,188,0,1,36,0
3856,64,0.37151957524357326,8,2,152,2,0,42,0
3857,55,0.20888889271484312,9,0,76,3,0,25,0
3858,32,0.7751460777285947,10,0,539,0,0,31,1
3859,38,0.4330802036021312,5,0,368,3,0,92,0
3860,52,0.1920419935590041,6,0,567,1,0,38,0
3861,74,0.9044253423171502,2,1,153,4,1,27,1
3862,70,0.19810419424108738,5,1,154,3,2,82,0
3863,70,0.025807168191231078,4,2,270,4,0,43,1
3864,63,0.020279973767419968,8,1,561,0,1,73,0
3865,69,0.6223153564542643,8,0,508,4,1,77,1
3866,31,0.6616750607175304,5,2,389,2,2,49,1
3867,53,0.3110417050569839,8,0,67,3,1,67,1
3868,29,0.3200109892470634,6,1,131,4,0,12,1
3869,34,0.33949391505994275,10,0,264,3,0,11,0
3870,56,0.6801585467588787,6,2,219,3,1,34,0
3871,26,0.058133791026828585,4,1,551,2,0,16,0
3872,52,0.9291163526913256,10,2,288,0,0,24,1
3873,30,0.22252104417744645,3,1,78,4,0,68,0
3874,32,0.9996732052420922,9,0,571,1,2,33,1
3875,35,0.17152269378718699,5,2,319,3,0,59,0
3876,68,0.7715464573123775,10,1,317,0,0,16,1
3877,50,0.22341254492962503,10,1,486,1,0,88,1
3878,23,0.08084680164325397,4,1,390,3,0,26,1
3879,44,0.8749333243506489,6,1,587,1,0,27,1
3880,40,0.8587512591908919,4,0,38,4,1,52,0
3881,44,0.40357039244960136,6,0,198,4,2,49,1
3882,51,0.7023961425404268,10,1,104,3,2,30,1
3883,73,0.5570659326839171,8,0,581,3,0,32,0
3884,63,0.8529561136737488,8,0,506,4,0,59,1
3885,55,0.3150559693186544,6,1,569,0,2,77,1
3886,31,0.5236723999989852,1,0,328,1,1,73,1
3887,53,0.48537237120455046,1,2,307,3,1,6,1
3888,70,0.35390582625685874,3,2,221,3,0,32,1
3889,25,0.8914550645563722,2,0,26,2,0,81,0
3890,52,0.16587792466253548,1,1,150,1,1,83,1
3891,36,0.14950863952069615,1,2,172,4,0,57,1
3892,47,0.5769095353227514,6,0,21,3,0,18,0
3893,31,0.657494229984942,7,0,544,3,1,50,1
3894,37,0.19461925432456517,8,1,393,4,1,82,1
3895,66,0.3907174422546241,3,1,46,1,0,71,1
3896,42,0.9465638429787437,1,0,124,0,0,78,1
3897,57,0.246617422690674,5,1,334,4,1,74,1
3898,41,0.6683607021173941,8,2,294,0,0,24,1
3899,31,0.7401493936975908,4,2,536,3,2,39,0
3900,43,0.44812869946515954,2,0,593,0,1,52,1
3901,55,0.937525986759583,9,0,569,0,1,47,1
3902,40,0.7366567352187905,9,1,537,4,0,24,1
3903,39,0.45792457986089785,3,2,296,3,0,60,0
3904,65,0.569335201776094,7,1,43,1,0,7,1
3905,74,0.6926134434251007,1,0,596,2,0,72,1
3906,36,0.5921901804292182,8,0,21,0,0,15,1
3907,63,0.8786975838260759,8,0,225,3,0,66,1
3908,68,0.35688866228040117,3,0,548,2,0,65,0
3909,20,0.29988574005580493,5,0,373,1,0,99,1
3910,59,0.2138388894952643,4,0,3,2,0,62,1
3911,36,0.037782968064595135,7,1,23,1,0,33,0
3912,26,0.043013964380055336,7,1,321,2,0,42,1
3913,45,0.8700551931092828,8,1,538,1,2,88,1
3914,37,0.6783931464059073,5,2,371,0,0,92,1
3915,62,0.6605324154364861,5,1,592,2,0,91,1
3916,24,0.614642818934886,8,0,364,1,0,26,1
3917,31,0.8492191446941049,5,1,68,3,0,90,0
3918,26,0.48026692566562745,1,1,471,4,0,45,0
3919,72,0.8704108285583003,3,2,504,2,0,88,1
3920,74,0.35944502618223917,2,0,312,2,2,67,0
3921,36,0.9267075043390905,10,2,71,2,0,42,0
3922,64,0.6986569800812401,5,2,245,2,1,54,1
3923,69,0.25717713602442727,8,2,72,4,2,11,1
3924,31,0.5640849216886251,9,1,527,2,0,28,0
3925,73,0.5330305614882556,9,0,39,0,0,50,1
3926,55,0.13789882173033396,1,0,38,0,0,29,0
3927,70,0.5912429057506141,1,2,55,3,1,82,0
3928,53,0.31478562371695795,1,0,565,4,0,33,1
3929,57,0.05234876680960243,1,0,171,3,0,71,0
3930,34,0.9486561577065649,9,2,301,0,1,97,1
3931,47,0.6414903690642878,1,1,489,2,0,84,1
3932,26,0.876918931870847,7,2,431,2,0,89,1
3933,50,0.6760560050132531,6,2,554,1,0,26,1
3934,73,0.35698369214011294,9,1,3,4,0,89,1
3935,69,0.5126880723288114,9,1,260,1,0,90,1
3936,42,0.6757467603471771,4,1,569,4,0,13,0
3937,31,0.9602523252014376,9,1,548,4,0,91,1
3938,28,0.2536694591216965,6,2,409,2,0,53,1
3939,70,0.8749770586241177,5,1,264,2,2,77,1
3940,52,0.9240778052942694,9,0,14,3,0,40,0
3941,58,0.6704155146589565,7,2,87,0,0,9,1
3942,31,0.9312666274013378,9,2,98,0,0,94,1
3943,47,0.3978785874773685,5,1,216,2,2,8,0
3944,58,0.9530161760404428,4,1,409,0,0,28,1
3945,21,0.7027828771659749,10,0,190,4,0,45,1
3946,21,0.0420057674188119,3,1,214,0,2,18,0
3947,45,0.9068728318190528,5,2,26,3,2,95,0
3948,25,0.48447280903319256,9,1,181,0,0,16,0
3949,19,0.46032698477783285,3,0,594,0,0,86,0
3950,58,0.5664666059796343,1,2,158,3,2,48,0
3951,63,0.14938454677122792,2,2,229,3,0,13,0
3952,39,0.46916604856739863,10,1,234,2,0,70,1
3953,58,0.8311272167177457,5,0,385,3,1,42,1
3954,73,0.015482459137515336,3,0,529,2,0,81,0
3955,72,0.2729171603243713,6,1,283,4,0,61,0
3956,33,0.00245458644384422,8,2,70,1,0,51,1
3957,46,0.41571130914984833,6,2,503,0,1,59,1
3958,66,0.7283155104937347,10,2,214,3,0,92,1
3959,65,0.7987718291146285,9,1,116,0,2,6,1
3960,47,0.9451897611270066,6,2,99,4,0,87,1
3961,29,0.6085046129707865,5,2,599,1,0,22,0
3962,52,0.25462686665289547,4,1,294,3,0,70,1
3963,28,0.924147949136699,2,2,176,2,0,94,0
3964,63,0.7753157538803761,6,1,131,2,0,61,1
3965,67,0.5744284830031445,2,0,579,3,0,68,0
3966,38,0.695640215718936,5,0,56,3,0,92,0
3967,38,0.9243163550074291,1,1,12,4,0,31,1
3968,22,0.7123940284729217,3,1,192,1,0,57,1
3969,65,0.368374507584734,10,1,574,3,0,63,1
3970,37,0.7130282022890967,5,2,509,2,0,33,0
3971,54,0.04027816273538787,7,2,152,1,0,76,0
3972,20,0.38641556183058123,8,1,22,3,0,99,1
3973,61,0.4063230318455793,7,1,29,1,0,18,0
3974,50,0.16683823442083467,7,2,368,4,0,72,0
3975,70,0.023085480551770177,2,2,390,3,0,47,1
3976,26,0.13338123663774282,6,1,309,3,0,33,1
3977,26,0.6546214957970551,5,2,400,1,0,61,1
3978,21,0.8022888163636875,9,2,352,3,1,37,1
3979,52,0.9882034927269742,10,0,571,1,1,25,1
3980,34,0.3463635031084943,4,1,65,1,0,45,0
3981,51,0.5993792222611017,7,1,165,3,0,5,0
3982,41,0.9371449668151219,8,2,491,2,1,31,1
3983,49,0.16704178133815262,6,0,563,4,2,6,1
3984,18,0.7176455863427427,3,1,179,1,0,68,1
3985,25,0.7549787331491632,5,1,543,2,1,55,1
3986,62,0.08897553586933837,1,2,16,1,0,58,0
3987,40,0.861249385183065,8,1,125,2,0,78,0
3988,64,0.8131050471108439,2,2,81,3,0,78,1
3989,57,0.033403006577434446,10,0,39,4,0,34,1
3990,29,0.09108441488005148,7,0,218,2,0,5,0
3991,71,0.04912689389185232,9,1,181,0,0,99,0
3992,29,0.3347435317993622,1,2,437,1,1,33,0
3993,63,0.5092889906799262,4,0,529,2,1,17,1
3994,64,0.5323477279546288,7,1,160,4,0,77,0
3995,32,0.26766675976944265,9,1,556,4,0,47,1
3996,58,0.9115968865602742,2,1,186,4,0,45,1
3997,36,0.3682627898719132,2,2,353,2,0,79,1
3998,43,0.0455501559653525,6,2,374,2,2,92,1
3999,69,0.30022711154138637,3,0,466,3,0,93,0
4000,46,0.5311094225441555,4,2,240,0,0,62,1
4001,39,0.40822182258823203,3,2,333,2,1,81,0
4002,57,0.27384251909925916,1,1,47,3,1,18,0
4003,38,0.13132324976431742,6,1,110,1,0,45,1
4004,68,0.8191645000962298,2,0,594,0,1,71,1
4005,55,0.9961452421241919,2,1,103,4,2,58,1
4006,37,0.32954213352388206,7,1,462,0,0,10,1
4007,74,0.3816210441766039,5,1,73,1,0,50,1
4008,46,0.618037524676957,8,2,566,2,0,81,1
4009,68,0.7184414747355413,2,1,316,2,1,5,0
4010,21,0.39202953480359126,10,0,1,3,0,33,0
4011,72,0.9049295169818152,8,0,371,2,0,82,1
4012,24,0.5600039892289184,7,1,468,2,0,80,1
4013,45,0.450390076405931,10,1,9,0,0,30,0
4014,45,0.6466727531599051,8,0,587,1,1,62,1
4015,21,0.9528038482491732,3,2,422,4,0,91,1
4016,39,0.7945522944217055,8,1,257,4,1,7,1
4017,29,0.04001313053512434,6,0,475,3,0,64,1
4018,62,0.33230991073995964,2,2,244,1,2,18,0
4019,20,0.4705446849512227,6,0,336,0,0,27,0
4020,39,0.31451757220910526,5,2,487,4,0,66,1
4021,61,0.7001875608304565,3,0,72,3,1,14,0
4022,19,0.826269149862581,1,0,4,2,0,8,1
4023,41,0.7313450951852716,7,2,461,2,0,43,0
4024,51,0.9893332868282753,2,1,365,0,2,78,1
4025,44,0.2725476478930291,1,0,494,4,0,92,0
4026,72,0.8749894950244215,1,1,216,2,1,38,0
4027,58,0.7666226651744862,7,0,213,3,0,92,1
4028,18,0.3621787575581461,1,2,324,3,1,29,1
4029,25,0.7341245436569687,9,1,309,4,0,56,0
4030,40,0.10407595641824696,6,2,37,0,1,19,0
4031,55,0.7893334823405523,4,2,60,3,0,16,1
4032,23,0.5323306025871026,4,1,94,1,0,5,0
4033,39,0.29229017270925317,5,1,232,3,2,13,1
4034,42,0.6557773017841801,2,1,547,0,0,63,1
4035,35,0.641619998714409,5,2,512,3,0,18,1
4036,34,0.2094862227195997,2,2,149,2,0,35,0
4037,29,0.030397414811526136,4,2,470,0,2,92,1
4038,23,0.4336225869016739,10,1,214,2,0,57,0
4039,43,0.5695118693444212,5,0,398,2,0,67,1
4040,44,0.8766052783705984,6,1,557,4,1,14,1
4041,25,0.9282167956475944,6,0,576,0,0,47,1
4042,36,0.5288052181567664,9,2,5,2,2,22,0
4043,59,0.7538034837685449,4,0,80,4,0,71,0
4044,18,0.43930327232799693,5,1,188,4,0,63,1
4045,74,0.746082156572893,6,1,27,2,0,80,1
4046,46,0.20480152493916692,4,1,134,2,0,27,1
4047,62,0.3710647348035314,6,0,304,1,1,90,1
4048,66,0.6342279988136148,2,1,494,0,0,79,1
4049,52,0.01815796560707883,7,0,279,4,0,50,0
4050,57,0.722461310338954,3,2,79,0,0,53,1
4051,31,0.8355355012681668,10,0,390,4,0,27,1
4052,52,0.39914166109395144,4,2,14,3,0,16,1
4053,65,0.4479424171771643,9,0,598,3,0,33,0
4054,62,0.851282212216531,5,2,222,4,2,93,1
4055,37,0.7756546353260334,9,1,265,1,0,92,0
4056,73,0.288149489033375,10,0,319,3,2,63,1
4057,66,0.32397610656153897,10,2,105,0,2,57,1
4058,30,0.6788782323905966,10,1,252,2,0,72,0
4059,55,0.5631980924481612,10,1,198,0,0,67,0
4060,66,0.16222957109649694,6,2,55,0,0,33,0
4061,63,0.3099299092291664,8,2,406,0,2,7,1
4062,66,0.8999832768786541,5,0,437,4,2,99,1
4063,25,0.6881744367222634,5,2,456,4,2,93,1
4064,60,0.9859743176855195,3,2,476,0,2,41,0
4065,37,0.7670125299807694,7,1,346,2,0,67,0
4066,50,0.9419744321435902,2,2,485,1,0,27,1
4067,43,0.2161885738704754,3,2,362,1,1,53,0
4068,56,0.7714848748169257,2,2,211,3,0,90,0
4069,38,0.02021752014779743,8,1,436,3,0,97,0
4070,70,0.6707600217115339,4,1,142,2,0,81,1
4071,66,0.46928227812024137,10,1,284,0,0,7,0
4072,59,0.34676007192006864,8,1,69,4,0,26,0
4073,60,0.8624043522930891,8,0,576,3,0,40,1
4074,71,0.8542676926575307,8,1,527,0,0,14,1
4075,58,0.022301704898643582,8,1,309,1,0,13,0
4076,26,0.609505122449431,8,0,262,2,0,60,1
4077,41,0.3678322243209564,9,0,59,4,1,59,1
4078,54,0.41566100150044916,2,0,521,4,1,23,0
4079,66,0.832040739218776,9,2,308,3,0,76,1
4080,58,0.3098397715276783,8,1,519,0,0,37,0
4081,34,0.9430488106376201,10,2,381,4,0,24,1
4082,41,0.17963382637214076,1,0,340,1,1,98,0
4083,38,0.6627224233681778,5,0,548,1,0,39,0
4084,68,0.6721050670137647,2,0,83,2,0,35,0
4085,56,0.2521951614279182,10,0,233,2,0,87,1
4086,72,0.324750608967202,5,2,239,1,0,54,1
4087,58,0.8347984925799404,8,0,103,1,2,50,1
4088,56,0.7618052549549524,9,1,224,0,0,82,1
4089,30,0.32909588031475956,9,1,278,4,0,14,1
4090,28,0.5339565469349339,1,1,392,0,0,71,0
4091,63,0.06168029625309546,7,2,428,2,0,38,1
4092,36,0.20874588239862923,8,0,401,2,0,55,1
4093,28,0.4858205588603991,10,2,45,2,0,96,0
4094,30,0.0859737352792116,3,1,513,4,0,87,1
4095,63,0.8433323548919375,6,0,175,3,0,43,0
4096,62,0.7180062101076479,3,2,365,2,1,94,1
4097,18,0.9436336706484948,9,0,172,2,0,72,1
4098,57,0.6934669059640272,3,0,303,0,0,16,1
4099,61,0.9404013722621856,2,2,151,0,2,30,0
4100,36,0.554512555690965,9,1,350,3,0,75,1
4101,29,0.6002186110619694,8,2,91,3,0,71,0
4102,25,0.9769710546262609,8,2,160,3,1,94,1
4103,25,0.6421291468642604,2,1,105,3,0,6,0
4104,70,0.0307865688607466,6,2,102,0,2,16,1
4105,62,0.7238027766305233,5,0,131,2,1,63,0
4106,29,0.9054686921374157,2,1,288,0,0,36,0
4107,65,0.7955802497943266,5,2,457,1,0,55,1
4108,50,0.5838332726254226,4,0,100,1,0,15,0
4109,62,0.6713035130935163,9,1,20,2,0,36,0
4110,43,0.9901917892516717,1,2,248,3,0,68,1
4111,56,0.09066208850933832,6,1,191,2,0,49,0
4112,45,0.6672448286332395,7,0,584,1,0,83,0
4113,22,0.2833976945705938,6,0,312,2,1,58,1
4114,25,0.6400903965861701,5,1,167,3,0,10,1
4115,42,0.6076235758839388,4,0,573,0,0,30,0
4116,44,0.15345683210816208,5,0,170,3,0,12,0
4117,63,0.20674664574023915,9,1,215,0,1,12,0
4118,40,0.6216295780432135,5,1,508,1,0,42,1
4119,47,0.12822994730377413,10,2,173,4,0,12,0
4120,62,0.26518087513032285,8,2,535,2,0,21,0
4121,64,0.8352455477380024,7,1,407,4,0,87,1
4122,40,0.3270915060016386,4,0,500,3,0,7,0
4123,66,0.4880601562696629,10,0,137,0,0,45,0
4124,64,0.9411403351458403,5,1,98,3,0,77,1
4125,37,0.2271490888369463,7,1,56,3,0,57,1
4126,35,0.3896260173580104,6,1,246,1,1,74,1
4127,35,0.6064577755435456,3,0,106,3,0,66,1
4128,19,0.7553389295039722,10,2,47,2,1,57,1
4129,21,0.9016533867127051,3,2,285,1,0,63,0
4130,47,0.9154729875735151,2,0,45,4,1,97,1
4131,50,0.776640074372623,3,2,395,3,0,85,0
4132,53,0.22833083659331044,10,1,119,4,0,87,1
4133,35,0.024809330042565803,1,1,59,2,0,99,1
4134,54,0.3837739303556238,9,0,146,2,1,87,1
4135,36,0.14154885098782333,2,0,579,2,0,27,0
4136,64,0.7103876474382981,3,1,496,4,1,51,1
4137,45,0.6611305868257168,5,1,117,4,1,39,1
4138,57,0.04397164162145484,10,0,236,0,1,18,0
4139,37,0.8365937791309511,4,0,217,1,1,69,1
4140,66,0.24874326629118226,5,1,123,3,0,53,0
4141,50,0.4322270754910422,6,1,262,1,2,40,1
4142,29,0.6679337354557424,5,2,169,2,1,5,0
4143,68,0.4294187868522533,10,2,391,3,0,88,1
4144,32,0.4412878027999434,1,1,149,0,1,26,1
4145,58,0.06562799533574037,6,0,245,1,1,39,1
4146,56,0.4014435492600038,9,2,500,2,1,7,1
4147,19,0.7648478932199835,3,2,190,3,0,16,1
4148,46,0.9151763371865977,2,1,173,3,0,41,1
4149,58,0.41349713706337177,6,0,592,2,1,62,1
4150,27,0.42358582687907886,3,0,171,4,1,81,0
4151,19,0.7026271063236521,4,1,337,1,0,16,1
4152,68,0.9427720011052766,6,0,410,3,0,6,1
4153,28,0.2670609402393602,6,1,69,4,2,88,1
4154,30,0.44014420653793684,2,0,97,0,0,69,1
4155,27,0.7959732435523011,3,1,516,3,1,62,1
4156,31,0.6096935693740385,9,0,184,3,0,64,0
4157,35,0.11058634396395473,2,1,412,0,0,45,0
4158,68,0.6277327355622657,3,1,377,0,0,39,1
4159,71,0.1867462845973269,9,0,11,3,1,92,1
4160,26,0.5102159340784042,4,1,408,2,2,94,1
4161,74,0.5291032676604385,1,2,417,0,0,15,0
4162,56,0.8762033622249848,2,0,330,4,1,56,1
4163,45,0.46249427401243814,3,1,279,0,0,56,0
4164,20,0.2794424222358942,9,0,114,3,0,66,0
4165,37,0.23096634821603157,9,0,209,3,1,67,0
4166,23,0.8742518766843361,6,1,446,1,0,19,1
4167,44,0.1710108544182284,6,2,393,4,1,74,1
4168,70,0.42586856088314373,3,0,180,1,0,44,0
4169,19,0.187173114926947,5,2,464,0,1,13,1
4170,46,0.7733040401143754,4,2,27,1,0,74,1
4171,55,0.474372639974619,10,1,192,3,0,21,0
4172,20,0.35114369055681205,10,1,255,2,0,27,0
4173,33,0.3610996406264668,9,0,423,0,0,62,1
4174,47,0.8522142067229794,9,1,90,3,0,99,0
4175,57,0.5537739542944381,1,0,144,0,0,84,0
4176,19,0.7178678511312636,8,0,451,1,0,55,1
4177,34,0.8970385162506845,9,2,427,1,0,61,0
4178,58,0.901741676040642,5,1,241,0,1,90,0
4179,29,0.32850905433786315,4,1,485,0,2,20,0
4180,52,0.9524512631463853,10,0,30,1,0,49,1
4181,60,0.024875882014605444,4,2,59,0,0,65,0
4182,18,0.37683556101616567,2,1,475,1,2,16,1
4183,72,0.8957988575088416,9,2,100,0,2,77,1
4184,62,0.2746368798169829,5,2,588,2,0,10,1
4185,32,0.27308145032131836,3,0,272,0,0,8,1
4186,43,0.3026222850818887,6,1,477,0,1,85,1
4187,54,0.6123133848469222,9,1,57,3,1,78,1
4188,38,0.4383327756143538,9,1,504,2,0,39,0
4189,66,0.7267348363533426,5,2,386,1,0,51,1
4190,48,0.8949106425646658,8,1,460,1,0,89,1
4191,42,0.6741993749428606,4,0,44,4,1,23,0
4192,40,0.2044667201975755,5,2,290,2,0,31,0
4193,41,0.9326819023605022,7,1,257,2,0,15,1
4194,74,0.2644928733474785,7,2,245,0,0,74,0
4195,55,0.14989429532815812,7,2,239,3,1,63,0
4196,45,0.0899672788609609,8,2,412,1,0,45,0
4197,38,0.5633837406661656,5,0,127,1,0,47,0
4198,71,0.1137624624806518,1,1,275,3,0,32,0
4199,60,0.13877588411263075,9,1,417,3,1,67,1
4200,35,0.30003048059549664,9,2,206,2,1,71,1
4201,53,0.28165300968446383,7,1,551,3,1,49,0
4202,52,0.6042395103321423,6,2,364,3,0,28,1
4203,62,0.8167452794726815,5,2,345,0,0,81,1
4204,72,0.7613496562028924,5,2,567,2,0,68,1
4205,26,0.26248445471647674,3,0,159,4,0,83,1
4206,70,0.24531049798597993,10,1,95,4,0,77,0
4207,55,0.9657915301069676,1,2,424,1,1,43,0
4208,47,0.008236241591960125,6,1,115,3,0,49,0
4209,61,0.8797205330602158,8,0,211,0,0,65,1
4210,51,0.19972851912240497,2,0,598,3,0,86,1
4211,49,0.9472843230897678,8,2,306,1,0,47,1
4212,20,0.3423072848275197,8,0,267,3,0,71,0
4213,20,0.4403517738932523,10,0,43,4,0,96,1
4214,45,0.707120613944381,8,0,594,2,0,84,0
4215,61,0.5876690514732603,10,0,457,3,0,46,0
4216,32,0.3179393297068228,3,0,471,4,0,45,1
4217,58,0.5538309158678235,10,0,8,4,1,51,0
4218,40,0.7307068843628862,8,1,188,1,1,47,1
4219,57,0.042334945902492094,4,0,380,2,1,27,1
4220,28,0.011199305255704117,3,1,114,1,2,36,0
4221,65,0.4580669390728913,9,2,501,0,0,78,0
4222,49,0.1318366178035142,8,0,387,2,0,61,0
4223,74,0.6643442914647144,10,0,438,0,0,42,1
4224,71,0.21405245622743418,2,1,318,2,2,81,1
4225,53,0.43285110679567096,8,0,443,4,0,19,1
4226,50,0.19767093687426895,3,1,27,0,1,32,1
4227,41,0.5484835857491245,10,1,397,2,0,17,1
4228,56,0.1160534593845689,6,0,76,2,0,39,0
4229,51,0.02310685278748026,5,2,586,0,1,6,0
4230,73,0.051131638106697186,8,2,357,2,0,65,0
4231,45,0.9542584415153099,9,2,185,1,0,69,0
4232,54,0.14228621861093582,7,1,550,1,1,45,1
4233,24,0.7084782531368352,6,1,233,0,0,98,0
4234,21,0.06792620422282625,6,0,247,4,0,90,1
4235,54,0.10816035223518217,1,1,398,3,0,8,0
4236,73,0.5088762514093347,5,2,328,0,0,57,0
4237,18,0.46487093015434366,8,0,4,0,0,92,0
4238,18,0.9515803094398696,6,2,347,0,2,18,1
4239,64,0.9448354530207373,1,0,398,0,0,21,0
4240,37,0.7796086425424651,5,2,258,1,0,18,1
4241,36,0.6021018301273497,5,0,418,0,0,45,1
4242,46,0.454960317393011,3,2,390,4,0,66,1
4243,27,0.35617853432842106,8,1,589,3,0,56,1
4244,35,0.9470875469755554,9,2,114,3,0,31,1
4245,45,0.6029088114246856,6,0,3,4,0,89,1
4246,52,0.5790725276859945,6,2,127,0,1,44,1
4247,60,0.23190112176891486,2,1,8,3,0,39,1
4248,64,0.04669781788511307,10,0,323,1,0,94,0
4249,48,0.9451885797595444,2,1,117,3,1,99,1
4250,44,0.3137352588446539,6,2,466,4,1,63,1
4251,28,0.4425890233244587,8,0,462,3,0,53,1
4252,66,0.11463994358570684,2,2,124,4,0,67,0
4253,66,0.836924329909292,9,0,222,0,0,15,1
4254,55,0.027631832855930627,9,1,327,3,0,84,0
4255,22,0.8339907620990965,4,1,258,4,0,10,0
4256,25,0.1402850127879668,4,1,66,1,0,45,0
4257,51,0.8865641126311521,4,2,596,1,2,36,0
4258,65,0.7297726373361574,5,0,61,2,1,25,1
4259,69,0.1646702625073051,8,1,525,3,0,97,0
4260,73,0.5658179928594681,2,2,278,0,0,79,0
4261,29,0.31265631435521946,5,2,122,2,0,61,1
4262,55,0.17823309891158345,2,0,588,3,0,9,0
4263,18,0.8591821994111084,8,1,271,1,0,95,1
4264,48,0.4035227665072294,1,2,501,0,0,32,0
4265,21,0.3985437143653825,7,1,268,1,2,99,0
4266,66,0.16988667480662,3,0,567,3,1,79,1
4267,62,0.3830656760857787,4,1,217,0,0,81,0
4268,67,0.8716168463288502,8,1,551,0,0,74,1
4269,22,0.3631287104896359,3,2,158,2,0,31,0
4270,47,0.9516035624997881,7,2,359,0,0,98,0
4271,73,0.9463088992083875,1,0,464,3,1,57,1
4272,41,0.14489865930734602,9,0,543,4,0,52,1
4273,20,0.17731125352264487,6,0,247,4,0,87,0
4274,28,0.8626740703318891,3,2,290,0,0,82,0
4275,62,0.3927609189247192,7,0,35,4,0,62,0
4276,21,0.004373982283009337,5,0,65,3,0,13,0
4277,43,0.273871819705371,8,2,426,2,2,59,1
4278,44,0.59762899319556,8,0,156,1,0,49,1
4279,63,0.799265965959968,9,2,554,1,1,32,1
4280,71,0.13338861709325955,6,0,120,3,0,32,0
4281,60,0.11054136441673534,4,2,191,2,0,50,0
4282,44,0.9220926535723316,2,1,475,3,0,29,0
4283,59,0.7511483678225827,3,2,353,0,0,30,1
4284,68,0.5897796007780784,5,2,542,2,0,66,1
4285,67,0.769186789995928,8,2,356,4,0,72,1
4286,23,0.42885436130663845,10,0,530,0,0,71,0
4287,32,0.7584557473091266,2,2,479,4,0,38,0
4288,70,0.37180299127453575,5,2,72,0,1,25,0
4289,47,0.24409457249260236,9,0,390,0,0,85,0
4290,59,0.7290134212929686,2,1,75,0,1,38,0
4291,54,0.4196722921572683,8,2,187,0,1,48,1
4292,54,0.9813771043261948,3,0,337,2,0,80,1
4293,59,0.349485182308101,8,1,475,2,0,93,1
4294,54,0.9217274205310659,4,2,305,0,1,25,1
4295,52,0.9329625485670795,4,1,161,3,0,22,1
4296,40,0.24185294706474614,7,2,46,0,1,40,0
4297,23,0.7982211815880134,5,2,23,0,0,74,0
4298,21,0.43307450514456514,4,1,335,3,0,88,0
4299,35,0.9175247272303481,7,1,283,3,0,57,1
4300,26,0.4501242726352388,3,1,173,0,2,24,0
4301,66,0.7443037173373661,9,2,306,1,0,99,0
4302,46,0.46696740916379786,5,2,229,1,1,88,1
4303,30,0.22780075571285618,3,0,117,3,0,98,1
4304,64,0.1993501289446863,2,0,52,0,0,7,0
4305,69,0.42543119425634557,7,0,191,4,0,88,1
4306,34,0.7554946570142149,7,2,571,4,0,12,1
4307,62,0.6050714851807668,5,1,522,0,0,89,0
4308,49,0.6886292899005433,4,0,140,0,2,52,1
4309,65,0.28232635073194245,2,2,112,0,1,27,0
4310,39,0.4814353459576055,2,1,263,4,0,5,1
4311,21,0.044395264969327,7,0,490,4,1,6,1
4312,22,0.8175324159581207,10,1,343,3,0,78,1
4313,54,0.9898921622398746,7,1,522,2,2,41,1
4314,58,0.4068790626246709,4,0,98,3,0,98,0
4315,66,0.01096365313154335,4,0,472,3,0,55,1
4316,30,0.16979263955094737,4,2,22,1,0,48,0
4317,51,0.6525268777504188,2,1,238,3,1,28,0
4318,62,0.6120793182038592,9,0,262,3,0,36,1
4319,39,0.7878647195855439,1,0,324,3,0,60,0
4320,70,0.25388401096106816,8,1,386,3,2,54,1
4321,40,0.763631915547134,6,1,121,2,0,68,0
4322,68,0.6879840215236698,10,1,299,1,0,34,1
4323,20,0.3228144977138433,7,0,562,4,0,42,1
4324,59,0.545488148056962,5,0,316,0,0,82,0
4325,51,0.14727380849832672,6,2,19,4,0,59,0
4326,49,0.45256450343558263,6,1,541,1,0,7,1
4327,62,0.881197339555641,9,0,299,3,2,29,1
4328,68,0.4211913798253908,10,0,469,4,0,49,1
4329,66,0.839566706475422,4,1,85,3,0,66,0
4330,38,0.5902533652596944,5,0,404,2,0,11,0
4331,63,0.19187671310235677,4,1,111,2,0,85,1
4332,61,0.5811062446978964,1,0,138,1,0,31,1
4333,38,0.5059833291570635,10,1,9,4,2,27,1
4334,61,0.398641335196384,6,1,290,2,0,36,1
4335,28,0.11963043951607033,5,0,378,1,1,6,1
4336,56,0.4167086638472298,4,1,237,1,0,79,0
4337,21,0.07276237623962711,6,2,329,1,0,38,1
4338,68,0.09876905139875125,5,2,184,4,0,56,1
4339,18,0.415916532932716,3,1,424,4,0,65,1
4340,45,0.3053814819684637,2,2,322,1,0,38,0
4341,41,0.9255443258622235,6,0,481,0,1,11,0
4342,52,0.37570580538027054,4,0,357,4,1,14,0
4343,30,0.7578581220721001,10,1,361,4,1,93,1
4344,64,0.5302475263662427,3,0,35,0,1,6,1
4345,51,0.7040856686423355,8,0,515,4,0,34,1
4346,28,0.2601159830153992,9,2,329,4,0,85,1
4347,53,0.9419049728383291,7,0,268,2,0,33,0
4348,68,0.530088496914424,2,0,69,0,0,86,0
4349,34,0.8313240712852497,8,2,518,2,0,64,1
4350,52,0.3650456934761135,5,1,377,0,0,21,1
4351,35,0.10021134905052453,10,1,292,0,1,60,0
4352,57,0.6737116477208488,7,2,285,0,0,90,0
4353,39,0.007759648337424485,5,2,359,4,0,55,0
4354,74,0.4752929765655083,2,0,585,1,0,29,0
4355,41,0.19280190266645925,4,0,523,3,1,88,1
4356,36,0.6273755044353622,5,1,336,1,2,20,1
4357,54,0.9794198731378522,6,1,541,4,0,29,1
4358,56,0.46440290632064596,5,2,35,4,1,19,0
4359,38,0.8174982565256667,10,0,487,3,0,83,1
4360,25,0.507784186951121,1,2,378,4,0,61,0
4361,45,0.4958400311040241,1,1,343,0,1,19,0
4362,22,0.9304234931787778,3,1,229,2,0,60,1
4363,34,0.8899658687466815,9,2,574,2,1,86,1
4364,54,0.7858004651879744,2,0,396,0,1,41,1
4365,53,0.2962557533167841,10,0,420,1,0,69,0
4366,71,0.5450084157239405,5,2,555,2,0,37,1
4367,36,0.223897233305685,9,1,401,0,2,7,1
4368,44,0.44391669804653977,7,2,487,1,1,53,1
4369,70,0.4842130657597906,8,2,45,2,2,26,0
4370,51,0.8316400401693309,2,0,153,0,0,58,1
4371,28,0.8960283653249931,5,1,260,2,0,25,1
4372,71,0.41462006239647786,9,1,286,2,0,31,0
4373,62,0.017704445073237207,1,0,330,2,0,8,1
4374,64,0.8617738397893546,1,1,471,3,0,5,1
4375,29,0.1742786785013607,10,1,268,1,0,8,1
4376,71,0.6218819638903935,8,0,156,2,0,59,1
4377,38,0.024970900434131194,2,1,428,0,0,28,0
4378,71,0.39950647526056426,9,1,251,3,0,33,0
4379,28,0.9859603021153498,10,2,266,4,2,26,1
4380,56,0.1006936011038031,9,1,58,4,1,27,0
4381,45,0.4236931519996423,4,2,558,1,1,89,1
4382,22,0.30714995018995217,2,2,599,0,1,82,1
4383,34,0.9050881233882643,3,2,170,3,0,12,0
4384,73,0.8693401079073552,10,0,318,0,0,62,1
4385,37,0.23769876030622883,1,0,397,3,0,84,0
4386,58,0.08118778705043117,3,1,14,3,0,92,0
4387,63,0.6271383940611175,5,2,461,4,1,63,0
4388,29,0.33636871188370976,3,1,137,1,0,94,0
4389,23,0.6720843906060631,3,1,149,1,2,11,1
4390,34,0.032119756067814476,10,1,592,0,1,29,1
4391,68,0.13339923517748942,6,1,576,3,0,49,1
4392,36,0.6863722327726434,3,1,299,3,0,94,1
4393,43,0.21237065530249777,3,2,422,2,2,30,0
4394,65,0.8575876757624016,9,2,418,1,0,34,0
4395,61,0.05859088771013543,2,2,192,3,0,70,0
4396,61,0.21548198278557462,1,2,282,0,0,57,0
4397,69,0.9985602484850686,10,0,253,4,0,77,1
4398,49,0.43307610258679263,8,2,503,4,1,43,1
4399,23,0.7029656635446435,3,2,312,1,0,15,1
4400,72,0.18266304885701368,7,2,277,1,1,83,0
4401,53,0.6098687349855377,2,0,309,2,2,16,1
4402,55,0.7261060683694185,8,1,185,1,1,54,1
4403,28,0.31447663586651053,9,0,223,3,2,60,1
4404,50,0.8288971119758778,8,2,573,3,0,44,1
4405,41,0.6034175784722833,8,2,421,3,0,20,0
4406,40,0.3891230096150302,8,0,595,3,0,53,1
4407,32,0.5576423933431586,7,1,26,2,1,36,1
4408,44,0.5767608474359243,2,0,380,1,2,86,0
4409,28,0.16553529269386602,8,0,319,1,0,49,0
4410,74,0.40273236986696614,5,2,130,1,0,89,1
4411,68,0.3434305880194931,6,0,522,2,0,84,1
4412,67,0.40090272257912607,4,0,279,2,0,75,0
4413,34,0.7611105884852579,1,0,284,3,0,9,0
4414,68,0.48253840746667265,5,0,196,2,1,48,1
4415,70,0.9403161532392643,3,0,274,2,0,45,0
4416,31,0.2936764133584362,9,0,67,0,0,99,0
4417,44,0.415703578284929,4,2,232,3,0,89,1
4418,35,0.7869568104790414,10,2,221,3,0,71,1
4419,45,0.5460245933207503,2,2,452,0,0,78,1
4420,68,0.5470281464244477,4,2,303,1,0,79,1
4421,64,0.053340163005183516,3,0,399,0,0,26,0
4422,64,0.3985996627184558,3,0,319,0,0,21,0
4423,21,0.2707337324217325,5,0,263,0,0,93,0
4424,24,0.9993351228311154,1,0,364,2,2,96,1
4425,62,0.30835507063231027,5,2,388,0,1,54,1
4426,52,0.8844965347938635,8,2,226,4,0,88,1
4427,65,0.6762337350404775,10,0,455,0,0,98,1
4428,26,0.34091640919209043,9,0,304,1,1,35,0
4429,25,0.5435343783741237,1,0,504,1,0,17,0
4430,69,0.8405358799491938,2,0,327,1,0,78,1
4431,62,0.8833682980309119,2,1,520,0,1,55,1
4432,34,0.16039387500614521,6,1,319,3,0,37,0
4433,34,0.3395731412081696,1,1,491,1,0,24,1
4434,66,0.33522318021357167,1,1,460,0,1,52,1
4435,50,0.04204479607594469,2,0,534,1,1,82,0
4436,49,0.5982377598518965,4,0,443,2,1,76,1
4437,25,0.854820052992188,2,0,442,2,0,76,1
4438,36,0.3815743878255178,4,1,226,0,1,96,1
4439,55,0.740035944984177,3,1,565,1,0,78,1
4440,20,0.6277004136007399,3,0,526,1,0,18,1
4441,22,0.3756487354930008,9,1,515,4,0,66,1
4442,30,0.14105979949229708,8,2,417,1,0,55,0
4443,64,0.7093238527759673,10,1,100,3,1,82,1
4444,63,0.8545651689412405,9,1,407,2,0,74,1
4445,48,0.6858544924014919,1,1,404,1,0,85,1
4446,72,0.017878484034818065,5,1,129,3,0,25,0
4447,33,0.21623289439099125,4,0,518,0,0,96,1
4448,67,0.06947998488353191,9,2,34,2,0,42,0
4449,49,0.5703860995762268,3,0,153,0,0,19,1
4450,39,0.7564776788404124,5,1,401,1,1,40,1
4451,46,0.11057918706865943,8,1,63,0,1,13,0
4452,39,0.8383378205933852,10,1,567,2,0,63,1
4453,60,0.5555089783954832,5,1,228,0,2,86,1
4454,20,0.6899690121417249,9,1,252,0,0,58,0
4455,71,0.9714018486086462,2,2,487,0,0,21,1
4456,27,0.08368098824769732,6,0,563,3,2,86,0
4457,59,0.9012240229777893,5,1,14,3,0,8,0
4458,38,0.1261026959874093,9,2,339,1,0,88,1
4459,33,0.39295880663668226,7,0,362,0,0,17,1
4460,29,0.8514386963311144,8,0,179,3,1,79,1
4461,19,0.9062542367378682,7,0,588,2,0,47,1
4462,58,0.5063716735451453,10,1,214,2,1,96,1
4463,41,0.5941046382754251,10,1,153,0,0,12,1
4464,52,0.7081473345985572,5,2,44,1,1,24,1
4465,73,0.8327586684527142,5,2,351,3,0,86,0
4466,47,0.12151116953766616,4,0,20,3,0,75,1
4467,74,0.8100693082292276,2,1,592,3,0,65,0
4468,47,0.48127615051161676,9,0,564,1,0,48,1
4469,64,0.450623425108169,10,0,368,4,0,55,1
4470,52,0.42389975199699825,10,2,77,3,0,62,0
4471,36,0.5092115852460426,10,1,118,0,1,79,1
4472,67,0.9450505533946035,10,2,358,3,1,34,1
4473,25,0.5482037727921516,3,1,513,3,0,88,0
4474,43,0.9531775382631392,3,0,502,4,0,14,1
4475,66,0.1802901306156406,3,0,31,0,1,98,1
4476,57,0.7241359788326331,8,0,357,0,1,22,1
4477,24,0.8122395386087472,6,1,61,0,0,29,0
4478,47,0.6791288313348619,1,0,96,3,0,38,0
4479,24,0.6069222802265404,3,1,377,3,0,48,1
4480,20,0.5648127810861823,4,1,495,2,0,43,1
4481,18,0.860930482578696,2,2,451,4,0,99,1
4482,53,0.8216465971645001,6,0,214,0,0,96,1
4483,42,0.12228872118059952,10,2,83,0,1,94,1
4484,54,0.8485876570308781,1,1,405,2,1,72,1
4485,18,0.4140686194404425,1,0,106,3,0,47,1
4486,32,0.2536968299958108,8,0,488,2,0,24,0
4487,54,0.8697685680139259,4,1,356,2,0,76,1
4488,30,0.43202479963374163,1,0,130,3,0,6,0
4489,57,0.8083646901768167,7,1,21,1,0,31,1
4490,25,0.2634036119558445,9,0,595,4,0,38,1
4491,22,0.003929321422217802,10,0,225,1,1,59,1
4492,26,0.4954591929029444,7,1,105,1,1,40,1
4493,18,0.10022825664288426,1,2,393,4,0,89,0
4494,53,0.7543759555249097,1,1,100,1,0,76,0
4495,52,0.27607513606941037,1,0,147,3,0,91,1
4496,19,0.4436456466034787,8,1,229,1,0,76,1
4497,57,0.08703356509155424,7,1,86,1,0,73,0
4498,40,0.28665924844725266,3,1,522,1,0,69,1
4499,26,0.781490243258572,3,0,92,3,2,89,0
4500,51,0.15158791190231946,3,2,152,2,0,48,0
4501,63,0.6471595611269574,2,2,422,0,0,47,0
4502,31,0.9174258528045012,4,0,353,4,0,78,1
4503,21,0.6798367597577203,7,2,573,4,0,70,1
4504,47,0.8110216892922268,9,1,408,3,0,25,0
4505,48,0.1089716293039158,3,1,86,0,0,65,0
4506,55,0.25073182600205446,10,2,210,1,0,17,1
4507,28,0.894538852240591,7,2,382,4,2,32,1
4508,52,0.7151056136180892,4,2,594,1,0,34,1
4509,25,0.6395538263773112,1,1,523,3,0,86,0
4510,20,0.6637667361217,5,1,152,3,0,6,0
4511,31,0.4142005543046434,8,0,4,3,0,62,0
4512,30,0.04455663161765322,3,0,75,2,0,87,0
4513,62,0.784441542070729,10,1,410,3,0,25,0
4514,49,0.6787132362153538,4,1,3,1,0,94,0
4515,51,0.4728044641127247,3,0,371,2,0,50,1
4516,62,0.8997596153682574,10,0,82,1,0,93,0
4517,36,0.33615966498509886,8,1,430,3,0,87,1
4518,55,0.2943217442312359,10,2,471,2,0,29,1
4519,33,0.8727963250794428,8,1,361,0,0,61,1
4520,19,0.7969876547589855,4,2,411,3,0,24,1
4521,57,0.5149798106483447,2,1,34,2,0,10,1
4522,34,0.13073473945784997,3,0,241,2,0,22,0
4523,72,0.21507147146505246,3,0,79,2,1,53,1
4524,51,0.6562279904088066,4,0,74,4,1,86,0
4525,59,0.38504123784041167,2,1,283,2,1,24,0
4526,33,0.8364731916659712,2,1,237,0,0,38,0
4527,55,0.9499550093322041,3,1,336,3,1,14,0
4528,19,0.8056369252749183,1,2,530,3,0,37,0
4529,19,0.37754542299555716,8,1,585,3,0,59,1
4530,43,0.7886864292314241,6,2,566,2,0,23,0
4531,30,0.35144167347068345,3,2,82,3,1,70,1
4532,73,0.1671000877656339,1,2,317,0,0,51,1
4533,64,0.033393204865857395,3,0,296,4,1,53,0
4534,48,0.38571671276102004,1,2,341,0,1,71,1
4535,51,0.9035593036972819,3,2,423,4,0,34,1
4536,56,0.2389865877556765,4,0,18,3,0,87,0
4537,20,0.206513164929784,6,2,3,1,0,89,0
4538,25,0.9698207852410403,7,1,466,4,0,63,1
4539,40,0.02500411285059212,7,1,189,0,0,82,0
4540,31,0.7857821503937543,9,0,280,0,0,35,1
4541,73,0.32136995574087035,8,0,62,1,2,25,0
4542,72,0.037487956869659333,4,2,253,4,2,21,0
4543,44,0.9178025402095836,6,2,1,4,0,57,1
4544,71,0.1396423302095836,1,2,66,0,1,55,0
4545,46,0.5517792837256954,8,0,285,4,0,28,0
4546,56,0.2740542074295478,6,2,131,1,0,44,0
4547,70,0.06519280218469103,2,1,47,4,0,51,0
4548,56,0.04992248566337909,8,1,554,4,1,24,0
4549,18,0.11555669883633879,4,2,46,1,0,20,0
4550,34,0.07136701388938005,9,0,230,3,1,62,0
4551,58,0.7605581155199229,4,1,283,4,1,53,1
4552,47,0.48556620228342917,1,0,548,0,0,46,0
4553,70,0.3428920913489797,7,1,27,2,0,16,0
4554,30,0.41836891013200717,10,2,410,0,0,45,1
4555,38,0.9289467355726233,5,2,472,0,1,62,1
4556,36,0.9107518127381472,10,0,221,3,2,64,1
4557,70,0.7156764801225769,5,2,375,3,0,28,0
4558,36,0.8846823774216878,4,0,8,0,0,17,0
4559,74,0.3196480275876248,6,0,412,4,1,38,0
4560,42,0.38110932600828284,1,1,470,0,0,65,0
4561,39,0.613712181854228,3,1,69,4,0,31,1
4562,48,0.6236259472972642,7,2,341,1,0,89,1
4563,34,0.48169983801234095,8,0,65,1,1,71,1
4564,72,0.40065784843795327,9,1,69,3,0,18,1
4565,40,0.9861803116086951,1,2,260,2,0,45,0
4566,49,0.8211236261177244,4,2,531,2,1,61,1
4567,27,0.4349801978880452,2,1,395,3,1,34,0
4568,27,0.7272924772395685,2,2,357,1,1,49,1
4569,53,0.2695616932524595,1,1,357,3,0,78,1
4570,25,0.10016932623732988,5,0,391,1,1,5,1
4571,71,0.35243102555274064,2,2,375,4,0,96,0
4572,69,0.4029728001233942,4,0,185,1,0,87,0
4573,37,0.0165371245606708,9,1,304,1,1,98,0
4574,49,0.814792001635896,3,0,63,1,0,88,1
4575,67,0.3591934023891815,8,1,177,2,0,56,0
4576,31,0.580418165780147,10,2,234,1,1,24,1
4577,67,0.07396318727095597,6,2,39,0,0,27,0
4578,45,0.17499682875058398,10,2,286,4,1,99,0
4579,63,0.88969372532756,5,0,258,2,0,94,1
4580,69,0.6086875278828008,2,0,466,0,1,82,1
4581,70,0.9502840501704856,3,0,239,2,0,10,0
4582,41,0.9987500343913169,8,1,502,2,0,37,1
4583,32,0.3718601153330944,9,2,583,0,0,12,1
4584,39,0.2988030640832746,7,0,541,3,0,67,1
4585,47,0.8583560551590967,1,1,350,3,1,8,1
4586,21,0.9986114270374542,6,0,540,1,0,17,1
4587,30,0.6296412342324573,7,1,311,0,0,39,1
4588,40,0.7951407225115223,6,2,598,1,0,97,1
4589,25,0.7817458588152745,10,0,107,3,0,93,0
4590,35,0.35533970821954697,2,2,29,0,0,38,0
4591,29,0.5742703802570872,9,0,308,0,0,60,1
4592,72,0.8330569412642136,3,1,485,0,0,15,0
4593,48,0.6881138762610555,6,2,45,1,1,42,0
4594,31,0.02116381398203826,6,0,358,2,1,97,0
4595,51,0.3367056688975335,8,0,136,2,0,49,1
4596,35,0.14447569659460535,4,2,574,2,0,90,0
4597,73,0.2329722120780391,6,1,430,0,1,62,1
4598,51,0.9054894774913257,1,2,555,3,1,38,1
4599,28,0.03689328891076815,9,0,250,1,0,79,0
4600,58,0.21980071196192374,9,2,432,1,2,96,0
4601,29,0.30956935223823145,7,2,206,3,0,76,1
4602,66,0.6168840719663948,1,1,445,2,0,28,0
4603,32,0.5341016900858655,3,1,58,4,0,78,1
4604,74,0.2182694828533861,5,2,205,3,2,83,1
4605,48,0.16424106722315446,4,1,330,2,0,67,1
4606,66,0.2367980345961188,5,1,595,0,0,43,0
4607,46,0.5025296267016556,7,0,524,3,0,25,1
4608,43,0.27117778571120343,9,1,157,2,0,40,1
4609,35,0.9476025016077222,1,2,103,1,1,52,1
4610,49,0.46386522142884756,5,2,358,4,2,88,1
4611,39,0.058796016544637064,3,0,364,4,2,17,1
4612,55,0.7292664058366334,3,0,554,4,1,6,1
4613,34,0.3288452882089896,2,0,178,2,1,31,1
4614,40,0.6534889320582475,6,2,357,2,2,11,1
4615,41,0.279594370523232,6,2,263,0,0,94,0
4616,67,0.5707437417333199,3,1,548,4,0,98,1
4617,25,0.7721525048074647,1,0,352,1,0,23,0
4618,58,0.928008741774554,7,1,363,4,0,44,1
4619,23,0.26112714443307705,2,1,249,3,2,25,0
4620,22,0.33485695099898116,8,2,119,3,0,62,0
4621,61,0.4642664202859397,3,1,191,1,0,30,1
4622,74,0.9271748377359889,1,0,61,2,1,78,1
4623,46,0.9013868568106571,10,0,209,4,2,40,1
4624,45,0.08987828010063803,9,2,51,3,0,48,0
4625,28,0.13192982575381085,5,2,312,1,1,68,1
4626,74,0.49550917733063826,1,2,278,0,0,31,0
4627,18,0.10661927280542349,10,0,387,3,0,12,0
4628,60,0.34558087334869747,6,2,201,3,0,94,1
4629,36,0.14838537821747766,10,0,138,4,0,5,1
4630,26,0.6360403551318858,3,1,18,2,0,27,1
4631,44,0.9494954317391617,4,2,320,3,1,77,0
4632,51,0.9967337702943815,8,2,94,3,0,35,1
4633,61,0.3752411324969148,5,2,129,4,0,11,1
4634,21,0.5990126371146123,6,0,104,2,0,13,0
4635,53,0.8562676535240813,10,1,196,0,2,75,1
4636,35,0.11746207279638399,4,2,259,0,0,96,0
4637,32,0.689564411051965,6,1,38,0,0,57,0
4638,68,0.40884366172506825,3,2,500,0,0,20,1
4639,30,0.20614616028016408,10,0,130,2,2,78,0
4640,36,0.402753618747442,1,1,153,0,2,28,0
4641,66,0.07596028696491686,6,1,552,4,0,78,1
4642,23,0.6954071485893057,1,2,320,4,0,50,0
4643,65,0.2527426687484531,10,1,121,4,2,33,0
4644,73,0.311405645044878,3,0,143,0,1,93,1
4645,29,0.12108129824146274,8,1,185,4,2,34,0
4646,68,0.8646591138898917,7,1,546,4,0,55,0
4647,54,0.4934442792827386,8,1,210,1,2,87,1
4648,34,0.5721468777864003,10,1,399,0,0,35,1
4649,40,0.5694326830948546,10,2,32,4,0,34,1
4650,43,0.41049311454134174,2,2,158,2,0,38,0
4651,46,0.19252991543813947,10,1,405,4,0,96,1
4652,50,0.7451327484983999,7,1,363,1,1,23,1
4653,44,0.12705626535767434,4,0,162,2,0,79,0
4654,42,0.1038737902788105,1,2,550,2,0,32,1
4655,73,0.7101450375965034,3,2,130,3,0,10,0
4656,72,0.20883702045198382,5,2,95,1,2,21,0
4657,27,0.30677275135283233,10,1,269,1,0,95,1
4658,64,0.47522746700174023,8,2,366,4,0,40,0
4659,40,0.4493513167295462,2,0,364,1,0,5,0
4660,38,0.7085791250649992,2,0,433,2,1,20,1
4661,38,0.623431793443361,8,0,60,2,0,72,0
4662,60,0.6443961622818657,9,0,322,4,0,51,0
4663,30,0.7140543306554573,10,0,588,2,0,27,0
4664,54,0.29261272742346534,1,2,207,4,2,71,1
4665,50,0.32233331180047364,2,1,347,3,2,66,0
4666,41,0.4379977478955541,4,1,44,1,0,89,0
4667,61,0.3074621730335261,3,1,346,1,0,92,0
4668,28,0.9849378689708634,1,1,368,1,0,19,1
4669,34,0.8140519264214297,4,2,533,3,1,79,1
4670,21,0.16465468825602958,2,2,357,1,0,71,1
4671,64,0.005594155881869511,10,2,494,3,0,87,1
4672,42,0.04278326824726786,5,0,59,3,0,47,0
4673,47,0.24406345104292526,1,1,297,4,2,12,1
4674,26,0.11429128583685655,8,2,58,0,0,48,0
4675,38,0.5333381148925721,10,2,423,0,0,30,0
4676,37,0.8579952227273586,2,2,230,4,1,71,1
4677,36,0.7367502209132274,3,1,447,4,0,36,0
4678,36,0.2156090630821904,3,1,367,4,1,68,1
4679,29,0.39929925602578586,4,0,553,1,0,47,0
4680,54,0.5078942095312776,7,0,28,2,0,78,1
4681,59,0.8102058495033355,9,0,276,4,1,78,1
4682,34,0.8391216031061648,3,1,378,3,0,66,0
4683,54,0.909718311907776,1,0,37,0,0,15,0
4684,71,0.5092452505028752,10,0,206,1,0,82,0
4685,65,0.694274746435863,1,2,288,2,2,99,0
4686,56,0.11180037123393716,6,1,492,0,1,13,1
4687,45,0.5652889599539821,5,0,224,0,0,52,1
4688,58,0.24869180947113512,10,0,451,0,0,10,0
4689,52,0.4317168850266111,7,1,27,3,0,58,1
4690,64,0.6340505083067194,7,0,333,3,0,66,0
4691,65,0.2569859378537811,3,1,372,3,0,58,0
4692,35,0.05218505779676108,7,1,560,2,0,60,0
4693,31,0.010233856408757513,9,1,300,0,1,86,1
4694,52,0.022159535544521547,8,0,203,4,0,91,0
4695,61,0.008349737513769662,3,0,378,2,0,34,1
4696,58,0.11035505655787547,10,0,114,3,0,7,0
4697,24,0.23948871457012988,5,1,19,3,0,65,0
4698,58,0.22122151418229918,8,0,596,3,0,19,1
4699,30,0.9867965941798967,2,2,395,1,0,7,1
4700,35,0.3060061052089432,7,1,51,0,0,19,0
4701,54,0.1274207833593991,10,0,185,4,0,71,1
4702,30,0.545562544167758,10,1,352,0,0,33,0
4703,53,0.8579574553975083,7,0,113,2,0,35,1
4704,48,0.6780603767876752,8,1,513,1,0,75,0
4705,19,0.2960820891354503,1,2,545,2,0,75,0
4706,33,0.561616159791455,8,1,281,3,0,59,0
4707,26,0.7148559742004091,1,1,169,3,1,79,0
4708,26,0.7281044923677423,3,1,320,4,0,96,1
4709,55,0.6665384552976888,9,0,365,0,2,47,1
4710,28,0.870810424775618,4,1,519,2,0,29,1
4711,71,0.8701054583441044,10,0,109,3,0,85,1
4712,73,0.5789365594070033,9,1,543,4,0,59,1
4713,39,0.4298563691112123,1,0,562,4,0,54,0
4714,50,0.6415702955650998,8,0,577,2,0,42,1
4715,53,0.8182120013704631,3,0,542,0,0,64,1
4716,62,0.005652104841184724,7,0,323,1,1,89,0
4717,40,0.9919970090148511,2,1,11,4,1,56,1
4718,62,0.18289377232919923,7,1,22,2,0,88,1
4719,62,0.4702489856599762,7,0,160,3,0,78,1
4720,51,0.8720297348428667,9,0,263,1,0,74,1
4721,26,0.22504039904419937,2,0,379,1,0,80,0
4722,41,0.4767952239003832,8,2,79,0,0,85,1
4723,25,0.13258218018117918,5,2,270,2,0,49,0
4724,24,0.3950763253881926,10,1,424,0,0,23,1
4725,53,0.17713545479300252,9,2,435,4,0,9,1
4726,35,0.363627748771157,8,2,77,4,0,46,1
4727,20,0.373464216792722,3,0,523,2,0,97,1
4728,45,0.9931707895983327,3,0,110,3,0,34,1
4729,23,0.9948130293037722,10,2,451,4,0,69,1
4730,61,0.11478627866061242,8,2,413,4,0,80,0
4731,61,0.7259687793283472,9,2,259,3,0,83,1
4732,38,0.051745479669101146,2,0,350,1,0,9,0
4733,45,0.030192015337188627,3,1,183,2,0,42,0
4734,57,0.10533389424496431,8,2,174,1,0,15,0
4735,71,0.965485657007934,2,1,385,0,0,88,1
4736,71,0.9408635478946974,8,1,584,3,0,33,0
4737,18,0.19392782028068045,5,2,271,2,0,18,0
4738,53,0.16167233555371152,6,1,185,3,0,94,0
4739,38,0.24053508651594702,10,0,166,3,0,78,1
4740,60,0.5155469940751422,4,2,142,1,0,95,1
4741,52,0.5697046320354099,3,2,492,1,1,93,0
4742,30,0.22159343043944735,8,2,71,0,0,14,0
4743,74,0.7566227880899452,9,2,343,2,0,43,1
4744,66,0.30955316940265076,8,0,498,3,0,64,0
4745,71,0.9221313255294104,9,0,146,0,0,27,1
4746,71,0.6567227064567306,1,1,500,3,0,26,0
4747,27,0.4363511943036117,5,2,337,0,0,90,1
4748,70,0.7899120017028454,7,2,84,3,0,91,0
4749,61,0.8179146260466648,8,1,142,1,0,87,1
4750,64,0.29048160560894365,2,0,310,4,1,27,1
4751,70,0.33971454383608435,4,2,368,0,2,26,0
4752,27,0.9359551537286034,7,1,440,0,0,66,0
4753,63,0.16474103836327192,5,0,66,4,1,98,0
4754,30,0.0421504169629342,1,1,533,1,0,23,0
4755,54,0.4540553226095492,2,1,340,0,0,26,0
4756,55,0.8012099002436289,5,0,101,1,0,5,0
4757,41,0.7716681063107458,6,2,313,3,2,38,1
4758,19,0.9195306289128325,1,0,109,3,0,30,0
4759,39,0.5332006643690402,3,2,431,4,0,8,0
4760,34,0.10006467156653331,6,0,341,2,1,52,0
4761,53,0.5886889743360161,6,2,178,1,0,49,1
4762,31,0.7783956143532116,7,2,133,2,0,16,0
4763,27,0.0933281202698264,10,1,29,2,1,96,1
4764,52,0.17265740109758976,3,1,472,1,0,41,0
4765,42,0.012290661155670901,1,2,384,2,0,7,0
4766,20,0.5936525794468104,7,0,597,0,0,32,0
4767,64,0.8867343919459044,3,2,8,3,0,97,1
4768,55,0.6706633160020995,5,0,135,4,1,88,1
4769,34,0.982040087590982,4,2,289,1,2,6,0
4770,29,0.06303365249976156,1,0,42,4,0,60,0
4771,71,0.9030010851514962,7,1,104,3,0,69,1
4772,69,0.8140682873866807,4,0,30,4,0,50,0
4773,41,0.31424152049950493,1,1,218,1,0,48,1
4774,46,0.9735265518372518,6,0,112,4,0,22,1
4775,60,0.28793774817141504,4,1,259,2,1,77,0
4776,42,0.8893047238282185,4,0,11,2,1,41,1
4777,53,0.8807485770741894,2,2,470,3,0,58,1
4778,43,0.7576576166029725,1,0,339,2,0,29,1
4779,55,0.5634704738128519,3,1,245,4,0,87,0
4780,18,0.12000274961688806,10,1,249,0,0,66,0
4781,37,0.5319717344964983,5,0,569,4,2,29,1
4782,72,0.35679625565493456,9,2,508,0,0,56,1
4783,45,0.7922170331553517,7,0,303,4,0,67,0
4784,33,0.7581292064968449,4,0,512,0,1,19,0
4785,64,0.9106125073726052,8,1,360,0,0,50,1
4786,34,0.014830162431707872,4,2,43,1,0,60,0
4787,57,0.8091032168230461,6,2,318,1,0,30,1
4788,45,0.9384620531246688,1,2,488,4,2,68,1
4789,29,0.7893004491081501,6,2,293,2,1,24,1
4790,44,0.1301944598703667,10,0,508,1,0,71,0
4791,71,0.08127910484088774,5,2,520,0,0,29,0
4792,70,0.02084523980770081,2,2,325,4,0,25,0
4793,59,0.628745225828071,1,2,252,2,0,38,0
4794,64,0.6296726518598873,6,1,307,4,0,92,0
4795,47,0.9869137142182123,2,1,322,0,0,29,1
4796,58,0.39804317410409573,9,1,35,1,0,69,1
4797,51,0.33190628489749674,9,2,290,1,0,33,0
4798,54,0.6244249271843925,1,0,541,3,0,36,0
4799,23,0.825608672507594,5,0,488,3,0,5,1
4800,24,0.9367739495230019,8,1,235,4,0,39,1
4801,49,0.8031241661790386,4,1,384,4,1,60,1
4802,49,0.42667398061580475,3,2,360,2,1,20,1
4803,70,0.6349142353120641,5,1,255,1,1,36,1
4804,42,0.856299326716117,5,1,358,1,0,83,1
4805,50,0.49060968831173946,8,1,542,3,0,9,1
4806,72,0.2166866437053927,6,1,24,0,2,14,1
4807,24,0.16972343974787296,2,0,0,0,0,90,0
4808,69,0.0001577445780567288,1,2,357,3,0,76,0
4809,74,0.7182379949812843,3,0,117,4,0,83,1
4810,29,0.1110972088459905,2,1,478,1,0,24,0
4811,33,0.24383909969594042,4,2,458,1,2,93,1
4812,33,0.29787633152279336,3,2,112,1,0,16,0
4813,60,0.5603798601367683,9,0,194,0,0,94,1
4814,70,0.39795727729576924,5,0,19,4,2,72,0
4815,53,0.6746739920231618,4,1,285,0,0,67,1
4816,30,0.05563865932870271,10,0,457,4,0,30,1
4817,24,0.12393919426443945,9,1,447,3,0,64,1
4818,53,0.4992115035332667,4,1,590,4,1,78,0
4819,64,0.3369647878468298,6,1,84,0,0,65,0
4820,68,0.2958133627513597,10,2,575,1,0,19,1
4821,26,0.06702807903752273,1,2,273,0,0,9,0
4822,49,0.8957191747480014,2,0,402,3,2,36,1
4823,28,0.6918185861250508,4,0,252,1,0,26,1
4824,25,0.12161815681964938,9,2,364,0,0,26,1
4825,50,0.06504595773714061,6,0,259,1,1,16,0
4826,40,0.974872533431243,6,1,433,3,1,68,1
4827,42,0.6811725504395049,9,1,121,4,0,79,1
4828,73,0.4174560710937415,4,2,516,4,1,92,1
4829,25,0.7017310407557849,3,0,568,2,0,84,0
4830,62,0.7563317864801591,7,0,542,1,0,20,0
4831,39,0.7799622023887793,7,2,518,3,0,69,1
4832,21,0.47787730565305764,9,1,11,0,0,55,0
4833,57,0.429882758124848,6,1,9,0,0,91,0
4834,20,0.01102808426890034,2,0,156,2,0,96,0
4835,46,0.926557115141838,6,2,140,0,0,36,1
4836,58,0.6033078783889431,8,2,136,3,1,57,1
4837,46,0.2031539371899681,6,1,599,3,0,7,0
4838,51,0.9196034194214366,9,1,399,4,0,17,1
4839,51,0.9149319017702964,4,0,442,1,0,96,1
4840,45,0.9891841643660959,3,2,441,1,0,96,1
4841,30,0.8740565631389788,5,0,266,0,2,62,1
4842,32,0.9977843878200647,3,0,512,1,0,49,0
4843,40,0.24468618812327259,2,2,276,2,1,28,1
4844,61,0.8422495851992341,2,2,355,1,0,55,0
4845,43,0.8230283087957645,4,1,92,0,0,17,1
4846,21,0.23094035922073375,3,2,135,1,0,28,0
4847,43,0.09843754900099078,9,0,110,3,0,9,1
4848,57,0.9794205136775996,7,0,43,3,1,85,1
4849,26,0.29602455152061036,6,2,210,4,1,54,1
4850,72,0.8708917904678061,10,0,342,4,1,80,1
4851,22,0.0041271546746038945,8,2,358,4,2,53,1
4852,73,0.021024807219602204,9,1,360,4,0,22,1
4853,49,0.4658713086963684,3,1,330,1,1,37,1
4854,37,0.23871468393506357,10,2,410,0,0,62,0
4855,67,0.6898412834359643,7,0,507,1,0,35,1
4856,28,0.5655643255679543,9,2,231,0,0,38,1
4857,32,0.07748579745049144,1,2,169,0,0,98,1
4858,49,0.16262829631571707,10,1,403,0,0,78,1
4859,45,0.3880492700584143,9,2,233,0,0,35,1
4860,39,0.18560406395543316,7,1,519,3,0,83,1
4861,58,0.7922223472439286,10,1,301,0,0,31,0
4862,34,0.41607023555328004,4,2,99,1,0,63,1
4863,43,0.09343186684249927,6,2,252,0,1,31,1
4864,61,0.48434290227212484,6,2,307,3,0,5,1
4865,24,0.09083818106141417,6,2,386,1,0,80,1
4866,59,0.12893730541981718,2,1,122,2,0,72,0
4867,74,0.2396098320282053,5,2,131,1,1,27,1
4868,43,0.8595277052474898,7,1,235,3,0,56,1
4869,42,0.9246125323329719,6,1,220,3,0,61,1
4870,27,0.8262577293320691,3,0,61,4,1,91,0
4871,62,0.33407721741784724,5,1,402,2,0,55,1
4872,36,0.27244644110883165,8,0,170,0,0,87,1
4873,28,0.5491556907902392,5,2,475,3,0,88,0
4874,30,0.7218531605331123,10,0,593,4,0,67,1
4875,70,0.9933727881601748,3,2,13,4,1,88,1
4876,25,0.13157071187892622,9,1,269,0,2,97,0
4877,57,0.049291999023804434,3,0,53,1,1,81,1
4878,21,0.694355888995271,2,2,412,2,0,32,0
4879,64,0.8322257835039055,6,2,130,0,0,28,0
4880,48,0.8463487798664232,8,0,516,0,0,26,1
4881,45,0.6784635490771607,6,0,300,1,1,90,0
4882,28,0.9540158041191871,1,2,426,1,0,44,0
4883,60,0.5110047635445869,8,2,115,3,2,79,0
4884,18,0.9138147983362125,1,1,235,1,0,12,0
4885,66,0.967812136991523,9,2,562,1,0,92,1
4886,64,0.8471574570031077,8,0,12,2,0,16,1
4887,69,0.3097585632586206,6,2,217,2,1,53,0
4888,55,0.19621565117029527,2,2,328,2,0,25,1
4889,41,0.5481200649818184,9,0,67,0,0,71,1
4890,71,0.45301475038018846,8,1,390,2,1,43,0
4891,74,0.877758342192733,4,2,91,2,0,66,0
4892,64,0.10003167106715372,2,0,103,4,0,86,1
4893,48,0.2577400613115186,6,0,589,2,0,62,1
4894,58,0.7517989445187085,1,0,425,0,2,66,1
4895,63,0.09498664497731213,7,0,303,4,2,74,0
4896,67,0.3207644140217002,1,1,378,0,0,40,1
4897,43,0.38715539405398314,6,0,347,0,0,49,1
4898,66,0.62259379656269,5,2,174,4,0,83,0
4899,67,0.15813264571936458,10,1,391,4,0,19,1
4900,22,0.8606044903497095,3,0,404,4,0,66,0
4901,37,0.44754223546627425,6,2,87,4,0,42,1
4902,69,0.9170217118805565,4,1,248,0,1,68,1
4903,58,0.4678699136339316,6,2,365,4,2,92,0
4904,28,0.27504025894073336,4,1,88,1,1,75,1
4905,73,0.14182882868767488,1,0,455,2,0,13,0
4906,71,0.003745094711284813,5,2,414,2,1,79,1
4907,50,0.5321574849848356,8,0,454,1,0,84,1
4908,67,0.10715669692692342,6,1,562,0,0,75,1
4909,55,0.3917277636311782,10,0,510,0,0,29,1
4910,44,0.5892717612370867,9,0,174,2,1,82,1
4911,51,0.2756858969027003,4,2,208,3,0,69,1
4912,32,0.17522429236611525,10,0,312,1,1,24,0
4913,49,0.7747216226093416,9,0,370,1,0,32,1
4914,38,0.9467911722816206,8,0,312,2,0,53,1
4915,63,0.100440417861966,3,1,503,4,0,38,1
4916,22,0.15559032438500786,6,2,85,3,0,77,0
4917,23,0.9600126572527187,4,2,265,0,1,24,1
4918,55,0.03778422181224628,1,0,219,0,0,99,0
4919,39,0.9776323365504722,9,2,294,0,0,89,1
4920,35,0.004644483084988771,4,1,505,0,0,26,0
4921,31,0.8736686556513313,5,1,162,1,0,81,1
4922,27,0.3073251809877495,3,0,126,1,0,48,0
4923,63,0.9385888581772965,4,0,116,4,0,51,0
4924,30,0.31694528863558546,9,1,405,1,2,29,1
4925,48,0.654306321534056,7,1,355,4,1,26,1
4926,47,0.08003256976593665,8,1,221,4,0,65,1
4927,20,0.242329811453739,3,0,375,0,0,56,0
4928,47,0.7736793464792507,3,1,313,0,0,24,1
4929,23,0.5286858536788197,7,0,149,1,1,84,1
4930,46,0.9279690617870447,8,1,235,1,0,24,1
4931,25,0.4287514083413543,5,1,167,4,0,90,0
4932,61,0.8698123658139231,1,2,494,2,0,49,0
4933,62,0.4489554374782375,3,1,411,0,1,41,1
4934,60,0.9792482787019853,5,0,68,3,0,19,1
4935,61,0.9598343813988768,3,1,563,2,1,80,1
4936,50,0.3291367055560803,1,2,266,0,0,13,0
4937,34,0.8859236704168032,7,1,149,0,2,48,1
4938,65,0.8476113742156492,1,1,524,1,1,19,1
4939,28,0.21068039732756283,10,1,381,3,1,48,1
4940,30,0.6242904007832697,6,0,373,3,0,90,1
4941,67,0.07268231558981486,6,1,505,0,0,16,0
4942,28,0.8367107205834616,7,1,236,4,2,31,1
4943,48,0.17454588350349654,1,1,586,3,2,23,0
4944,45,0.07081470138576451,3,2,324,2,0,29,0
4945,61,0.4002190955388112,9,0,249,4,0,78,1
4946,23,0.5769221385996435,2,0,589,1,0,68,1
4947,58,0.854916958559771,5,2,450,0,0,16,1
4948,33,0.9742425255217365,3,0,421,0,0,54,1
4949,21,0.43949251256986366,5,2,215,2,0,76,0
4950,52,0.06044692298527021,7,1,20,2,0,15,1
4951,65,0.7491155790258707,1,0,304,1,0,87,0
4952,73,0.5651732562239374,3,1,352,1,2,27,1
4953,43,0.44789134484446314,6,1,444,3,0,92,1
4954,74,0.30926887879218967,7,0,265,4,0,19,0
4955,29,0.5023985278435357,10,1,167,0,2,67,1
4956,28,0.33867960445703094,3,1,57,3,0,24,1
4957,54,0.7570118677473603,4,2,323,1,0,93,1
4958,42,0.5438936964926411,6,0,265,2,0,82,1
4959,35,0.876847774154112,5,1,61,3,0,14,1
4960,36,0.5435439146494421,9,2,88,2,1,65,1
4961,40,0.23826241333993003,1,0,415,4,0,97,0
4962,72,0.8510918822321445,5,1,583,2,0,51,0
4963,55,0.5572190449300439,1,1,75,0,0,53,0
4964,71,0.20684103814356125,8,1,404,4,0,53,1
4965,35,0.6235078099562221,7,1,364,2,0,80,0
4966,43,0.35771676494242755,5,1,384,3,0,37,0
4967,23,0.8444056122920658,6,0,8,0,2,91,1
4968,21,0.4532997386465428,4,0,514,0,0,82,1
4969,61,0.7264413581074167,9,2,368,1,0,27,1
4970,68,0.09553620763623716,3,2,308,1,0,57,0
4971,46,0.3960243463023462,2,2,169,3,0,41,0
4972,51,0.9832414364723987,7,0,146,1,0,26,1
4973,34,0.8084602894771483,2,0,517,2,1,97,0
4974,60,0.15994080236692865,6,0,79,1,0,6,0
4975,60,0.2777640494772551,8,1,451,0,0,24,1
4976,70,0.3298158088563611,3,0,465,3,0,9,0
4977,33,0.6503655604954457,3,0,554,2,1,95,1
4978,19,0.7569947594896556,3,1,411,0,1,7,0
4979,51,0.7495266088079098,1,2,561,0,1,86,0
4980,72,0.5098740563064028,9,2,294,4,0,81,1
4981,25,0.8108205378381512,5,2,129,1,0,90,1
4982,30,0.43707808275747506,9,1,164,2,1,81,1
4983,59,0.1238805652955619,5,1,449,3,0,16,1
4984,25,0.5644418416538133,7,1,506,3,1,36,1
4985,47,0.9523013846011067,1,0,68,3,1,62,1
4986,49,0.7929936513925113,9,2,555,4,0,75,1
4987,53,0.5787006476922424,1,1,499,2,0,74,1
4988,64,0.6468056603490969,4,1,134,0,0,44,0
4989,47,0.9305620270355727,7,2,501,4,0,10,1
4990,18,0.4283427944349605,9,2,344,1,2,67,0
4991,60,0.33139413894263736,1,0,53,0,0,29,0
4992,56,0.977241565000449,6,2,331,3,0,95,1
4993,34,0.8634431335103334,10,1,419,1,2,73,1
4994,37,0.3230435846186024,5,0,312,2,0,87,0
4995,41,0.4637805973609228,3,2,137,2,0,77,0
4996,67,0.41507812900779906,10,0,354,4,0,54,0
4997,39,0.14909567867143392,2,1,501,2,1,44,0
4998,46,0.9578193238132591,1,1,224,3,0,5,0
4999,39,0.4043124312197588,2,1,98,4,0,50,0
5000,61,0.875329082637908,4,1,306,4,2,77,1
5001,26,0.18935622768066507,6,0,390,3,0,43,0
5002,54,0.5478708106372198,5,0,90,2,1,14,0
5003,27,0.02396138512426982,4,1,373,1,0,53,0
5004,53,0.7642204838423086,8,0,203,4,0,18,1
5005,54,0.5809138982462784,7,1,116,1,1,50,1
5006,45,0.6255895834697527,4,1,65,1,0,44,0
5007,45,0.05172088255465346,10,2,130,1,0,93,0
5008,59,0.2110383302086154,5,0,385,1,1,23,1
5009,60,0.07433087235358016,10,2,91,3,0,21,0
5010,38,0.28891431580381177,5,1,76,0,0,86,1
5011,41,0.627439007682151,3,2,251,2,0,50,0
5012,59,0.5661859843173752,9,1,319,0,1,77,1
5013,57,0.6121498216133903,5,1,53,0,0,69,1
5014,19,0.5492512713778943,10,1,144,4,1,74,1
5015,72,0.27302879567585936,2,0,85,0,0,42,0
5016,25,0.24450749734442523,4,1,140,0,1,21,0
5017,65,0.13705968353658127,4,1,44,3,0,77,0
5018,44,0.8490708749034921,5,0,116,1,0,15,1
5019,39,0.6164793585412445,8,0,146,0,1,57,1
5020,54,0.18651101250405977,5,1,20,0,2,22,0
5021,44,0.17720937982123952,1,0,535,4,0,11,0
5022,74,0.8730356015261367,2,1,157,2,1,39,0
5023,46,0.7427308637633193,3,2,475,4,0,48,1
5024,20,0.6593990799053714,3,0,47,2,0,75,1
5025,61,0.4068641075392998,10,2,418,2,2,43,1
5026,30,0.26197556427851754,6,1,109,2,2,15,0
5027,62,0.9794507631128238,9,0,570,3,0,14,1
5028,27,0.7972395750228002,10,0,528,3,0,92,0
5029,53,0.3017792231362765,1,1,303,1,0,80,0
5030,26,0.8475647962784947,6,0,481,2,0,13,1
5031,71,0.7589319486146815,9,0,566,3,0,90,0
5032,73,0.29708054987799837,4,0,136,3,0,12,0
5033,72,0.4265528542416397,10,2,76,0,0,52,0
5034,44,0.18595344539102665,3,1,269,2,0,25,0
5035,51,0.11105244437810935,6,1,84,4,2,84,1
5036,68,0.7227620328396968,6,1,467,0,0,93,0
5037,18,0.2675118573538666,2,0,241,3,0,10,0
5038,49,0.8200593657462536,5,0,63,3,0,63,0
5039,42,0.9956087115144261,1,0,239,3,2,72,0
5040,46,0.07661981392964867,9,1,94,3,0,27,1
5041,24,0.47303512508370027,9,2,397,4,0,77,0
5042,66,0.8020625593108031,3,1,48,1,2,79,1
5043,20,0.7889508965412335,5,1,452,1,0,39,1
5044,37,0.7599971583309685,3,2,144,2,0,16,0
5045,37,0.34899493530191095,7,0,397,3,0,75,0
5046,70,0.4538532556850523,1,0,302,2,2,61,1
5047,47,0.5949683573414702,5,1,427,4,0,33,0
5048,52,0.9739405835732572,6,2,16,2,1,89,1
5049,52,0.3275472709384929,7,1,80,1,0,71,0
5050,66,0.9231438877168577,3,1,183,1,0,65,0
5051,56,0.2693569181804941,7,2,466,1,0,65,0
5052,44,0.9890744654737046,4,2,282,2,2,92,1
5053,43,0.6702636868275917,10,0,70,3,0,34,0
5054,31,0.46351148035855094,6,1,89,0,0,31,0
5055,34,0.6133904280636049,5,2,591,1,0,97,0
5056,35,0.2725311690402068,4,2,364,2,0,34,1
5057,62,0.2741738575114666,6,2,202,0,0,59,0
5058,69,0.11355454384349384,3,2,230,1,1,27,0
5059,46,0.11405029770539876,3,1,598,1,0,41,0
5060,37,0.34767174146891133,5,1,5,4,0,30,0
5061,70,0.7628554778963716,5,1,356,1,0,40,0
5062,44,0.6079711675981625,9,2,448,0,0,96,1
5063,35,0.10258456033102081,4,0,145,0,0,67,0
5064,21,0.852236524975911,5,2,54,3,0,41,0
5065,18,0.6013676269900664,9,1,66,0,0,55,1
5066,67,0.9608555767847797,4,1,146,2,0,72,0
5067,18,0.6701854674112075,3,1,585,2,0,97,1
5068,43,0.175174863704181,7,0,231,1,1,82,1
5069,62,0.47378336230782225,7,0,467,3,0,67,1
5070,37,0.6484975975472042,8,1,95,1,0,41,0
5071,69,0.028264701049977692,4,2,490,3,2,35,0
5072,40,0.014910264154807895,4,1,247,4,1,82,0
5073,27,0.1294030005985679,9,1,131,3,2,29,0
5074,28,0.25166443504547076,10,0,524,4,0,77,1
5075,58,0.42954912352067554,7,0,69,4,0,29,1
5076,58,0.4874404737597884,3,0,348,1,0,50,1
5077,22,0.13802760893789678,9,0,441,2,0,93,1
5078,18,0.6733915791158308,5,1,255,3,0,34,0
5079,34,0.5961380616965348,4,2,385,1,0,24,1
5080,39,0.2944640988411602,1,1,504,4,0,27,1
5081,51,0.013659883435292008,9,1,415,4,0,5,0
5082,73,0.07764791535329074,6,2,318,0,0,19,0
5083,62,0.3916947755108394,2,1,315,0,1,25,1
5084,58,0.15397435116568392,7,2,329,3,0,34,1
5085,46,0.37681960614797083,3,0,131,2,0,15,1
5086,21,0.6281826045103551,6,0,143,0,1,94,1
5087,22,0.5472374278792835,8,0,246,4,0,56,1
5088,28,0.23117588313739423,3,2,62,1,2,34,0
5089,73,0.3438224912587524,5,1,502,2,0,13,1
5090,68,0.6140311984486506,6,0,235,3,1,73,1
5091,38,0.8608550280434487,1,0,396,1,0,51,0
5092,52,0.7532134387388773,10,1,122,3,0,38,1
5093,29,0.5534000268334149,7,0,269,1,1,37,1
5094,43,0.3622929983164862,4,0,7,1,2,69,1
5095,68,0.36505127754180544,10,2,341,2,1,55,1
5096,36,0.8794173102643961,7,1,314,3,1,83,1
5097,62,0.0392435760405464,7,2,560,0,0,35,0
5098,24,0.987982644420261,5,0,335,1,1,60,1
5099,64,0.6643754108515623,8,0,255,1,0,80,0
5100,72,0.6811376990723905,8,1,115,0,0,75,0
5101,24,0.037997837304742155,5,0,388,2,0,49,1
5102,43,0.6055292748912722,5,2,84,2,0,37,1
5103,57,0.484778060090447,7,2,49,2,0,55,1
5104,22,0.10577890689406699,6,1,163,4,0,9,1
5105,38,0.2779220107693591,4,1,147,4,0,42,1
5106,31,0.8903144562136512,2,0,554,2,0,9,0
5107,21,0.5499884158659529,8,1,135,2,0,60,0
5108,40,0.41341657517390873,3,1,217,0,0,85,1
5109,59,0.07268215584081095,2,0,505,4,0,75,0
5110,37,0.7141215274023056,10,0,371,3,0,93,1
5111,32,0.7028508233960326,7,2,233,2,0,29,1
5112,67,0.6140436069725635,10,2,114,2,0,71,0
5113,69,0.5102626462206492,6,1,188,2,0,56,1
5114,62,0.4337844022073727,8,0,416,1,0,40,1
5115,46,0.5932710929879923,6,1,196,4,0,96,1
5116,25,0.2333954517284067,7,2,549,3,2,27,1
5117,58,0.9412590641776477,2,1,523,1,0,12,1
5118,65,0.5887945291802296,10,2,555,1,1,35,1
5119,36,0.31119244435437654,2,2,13,3,0,67,1
5120,65,0.4496798508851573,6,1,563,3,0,25,0
5121,56,0.8056847888768923,9,2,244,3,0,54,0
5122,63,0.16161606073029744,3,2,301,3,0,33,1
5123,45,0.2928356224602604,10,0,463,3,1,64,1
5124,63,0.6795080227365554,8,1,432,2,0,71,1
5125,74,0.3154892064822239,5,1,461,3,0,48,1
5126,44,0.792501681861466,6,1,283,3,0,93,0
5127,21,0.13045348717736083,6,2,587,4,0,6,0
5128,32,0.7626861704546085,10,2,533,2,1,19,1
5129,52,0.06835171485056624,3,2,367,1,1,43,1
5130,54,0.012592612667494785,5,1,156,2,0,44,0
5131,18,0.8982235188321621,1,0,462,0,1,51,1
5132,20,0.5813392169322986,2,1,579,3,0,80,1
5133,64,0.3518268970868115,10,1,160,1,0,56,1
5134,41,0.2325946369638504,3,1,173,0,1,92,1
5135,44,0.6168857832608161,4,0,498,1,0,10,1
5136,57,0.5090021835367382,9,1,549,2,1,74,0
5137,53,0.9915977755299852,1,0,335,0,0,52,1
5138,51,0.9832159866537458,3,0,25,3,0,62,1
5139,46,0.6350245661416096,3,1,503,3,1,94,1
5140,41,0.4428705061058905,6,1,298,0,0,7,1
5141,41,0.4911409691346621,5,1,436,2,0,50,0
5142,59,0.6824790662368619,3,2,10,0,0,22,1
5143,21,0.10157454423538137,4,0,237,2,0,60,0
5144,20,0.3283520738107182,7,1,409,1,0,96,0
5145,51,0.07527224100360386,3,0,333,2,0,37,0
5146,74,0.07336075951691956,9,2,312,0,0,21,1
5147,66,0.19583924189423374,8,2,0,0,2,36,0
5148,40,0.4852532545932269,2,1,522,1,0,80,0
5149,70,0.7847743211627893,5,0,87,0,0,89,1
5150,73,0.48549589116587255,4,2,241,4,0,6,1
5151,69,0.33547661056086975,5,2,131,0,0,30,0
5152,40,0.08235299033675814,3,0,597,4,0,43,0
5153,62,0.5502955231831296,10,2,327,0,0,67,1
5154,22,0.27126858648317675,1,0,110,0,0,21,0
5155,48,0.6149341779171474,8,1,288,1,0,38,1
5156,70,0.9771877391324183,9,0,416,4,0,23,1
5157,58,0.11131432147755016,8,1,73,1,1,66,1
5158,74,0.21212539872193992,4,0,107,4,0,36,0
5159,74,0.47309453809937474,2,2,515,4,0,54,1
5160,71,0.9686138153459295,4,1,104,3,0,90,0
5161,23,0.7718097762699956,9,0,381,4,1,49,0
5162,54,0.8982291931628301,10,1,595,1,0,58,1
5163,74,0.3337148484757929,9,0,76,1,1,86,0
5164,27,0.9920384737785946,5,0,202,2,2,92,0
5165,57,0.1028328160641574,5,1,500,0,2,5,0
5166,24,0.05297290604610083,10,1,240,3,0,70,1
5167,56,0.8556026270540281,3,1,371,0,0,44,0
5168,55,0.9272648702069862,6,2,204,1,1,28,0
5169,38,0.09058535754610175,7,0,411,3,0,56,1
5170,37,0.1134274267458415,10,0,213,4,0,6,0
5171,20,0.033174157755773814,9,1,440,1,0,65,0
5172,68,0.1045075626427241,7,0,530,1,1,31,1
5173,39,0.20941981680028088,3,0,211,1,0,70,0
5174,64,0.970076618910001,7,0,52,1,1,91,0
5175,21,0.6678602222396804,1,1,510,3,1,37,1
5176,45,0.7785530255185421,2,0,87,0,0,38,0
5177,29,0.7761394036915221,4,0,8,0,0,66,1
5178,55,0.5350737497792146,7,2,82,4,0,36,1
5179,68,0.7974889777130172,9,2,24,1,0,7,0
5180,53,0.5958075323899696,5,1,224,1,0,59,1
5181,64,0.3145460976033576,8,0,496,0,0,31,1
5182,58,0.5611101087684007,7,0,429,4,1,80,0
5183,22,0.5335085861345135,5,2,427,2,0,12,1
5184,30,0.8234530537593207,3,1,193,3,0,24,0
5185,40,0.981727217381659,3,1,117,0,0,56,0
5186,67,0.41104256542093054,6,0,77,3,1,21,1
5187,47,0.7633906784413597,10,2,151,0,0,37,1
5188,54,0.09976300403813354,4,2,55,4,0,59,1
5189,42,0.7768313694482886,3,2,356,1,0,79,0
5190,65,0.3714169119932321,4,0,258,2,0,77,0
5191,44,0.039390162889686664,3,0,534,3,0,75,0
5192,68,0.3632461785621772,10,0,593,2,0,20,1
5193,31,0.6106427509216448,6,2,570,1,0,95,0
5194,74,0.11925016768146657,7,1,577,0,1,83,1
5195,65,0.9240344924302546,4,0,405,4,2,68,1
5196,64,0.07767241327283858,3,0,114,1,0,92,0
5197,71,0.9300067198331662,3,1,473,2,0,44,0
5198,53,0.7071375179356865,3,1,333,2,1,62,1
5199,56,0.3297121754142036,9,2,308,2,0,87,0
5200,33,0.3907503477090932,3,0,330,0,1,27,1
5201,73,0.7408093647327442,3,2,543,2,0,99,1
5202,39,0.6014711008812074,8,0,503,0,0,98,1
5203,38,0.6716429214549452,4,2,87,2,0,11,1
5204,71,0.38916461651348,7,2,573,3,0,63,1
5205,38,0.487813481807599,3,1,2,3,1,63,1
5206,25,0.9898674840378934,8,0,382,1,0,7,1
5207,66,0.2139228704997177,3,1,523,1,0,34,0
5208,33,0.4178561865221314,5,1,564,4,0,14,0
5209,72,0.2918231875739673,1,1,147,2,0,17,0
5210,48,0.7651115104398498,5,0,505,2,0,43,1
5211,59,0.7640126256657207,6,2,83,0,2,81,1
5212,27,0.2924454609973959,7,2,397,1,1,68,0
5213,49,0.0813903166329829,2,0,183,3,1,29,1
5214,51,0.011432676672204045,2,0,168,0,0,45,0
5215,26,0.4274505332424855,9,2,560,3,0,44,1
5216,34,0.4103375943357709,10,2,107,0,0,66,0
5217,28,0.9883898786398629,1,1,192,1,0,44,0
5218,49,0.4698020756976796,2,2,213,2,1,38,1
5219,27,0.25641836957542063,2,1,359,2,1,83,1
5220,39,0.8912294410314674,10,2,94,1,0,7,0
5221,74,0.4910679496535785,7,2,542,3,1,56,1
5222,34,0.5991756352105778,6,2,155,4,0,50,1
5223,21,0.09566871042821268,9,1,523,4,0,90,1
5224,65,0.38291640732977406,7,1,271,1,0,73,0
5225,69,0.9442236744737867,3,2,162,0,0,45,0
5226,64,0.5895053841754254,3,1,555,2,1,90,1
5227,42,0.3445018551424617,1,1,179,3,0,64,0
5228,38,0.6256671806315931,8,1,222,4,1,33,1
5229,54,0.9104110895781161,1,1,115,2,0,12,0
5230,55,0.27399060047259005,2,0,4,1,2,8,0
5231,66,0.5051167184706744,7,1,65,2,1,29,1
5232,18,0.9586906539117553,1,2,526,4,1,54,1
5233,42,0.17239614329845265,4,1,448,3,0,27,1
5234,68,0.7196639255967116,9,2,148,0,0,29,0
5235,53,0.6144810082029823,8,1,100,0,0,74,1
5236,34,0.6796751311406348,8,2,266,2,0,25,0
5237,58,0.35121963066756967,3,0,553,0,0,98,1
5238,41,0.31387937348376493,5,2,65,4,0,60,1
5239,19,0.6842096705883705,4,1,349,3,0,7,1
5240,57,0.21554328510454535,8,1,119,0,0,83,1
5241,32,0.4196547448590051,7,2,244,0,0,25,1
5242,49,0.188174646052918,7,0,388,1,0,87,0
5243,56,0.008304841123329743,10,1,286,0,1,87,1
5244,23,0.9700573600380694,10,1,47,0,0,53,1
5245,18,0.43170297865641905,7,2,417,4,0,50,1
5246,64,0.9693496144198253,1,2,350,0,0,82,1
5247,40,0.1403235197678261,7,0,154,1,0,72,0
5248,56,0.587366779457486,4,2,337,1,0,35,1
5249,74,0.2009740327912396,3,1,260,1,0,50,0
5250,34,0.7900741269632747,5,2,528,0,2,79,1
5251,51,0.7837029887609752,2,0,202,2,1,48,0
5252,58,0.1126071490393118,8,0,439,2,0,49,0
5253,46,0.9120644528763892,9,1,165,4,1,79,1
5254,26,0.19462964720322462,5,2,378,2,2,53,0
5255,30,0.6129773415893603,3,1,437,4,0,8,1
5256,23,0.985633620087704,10,0,47,4,2,84,1
5257,23,0.8823965347663638,7,0,228,1,2,61,1
5258,37,0.956563928561169,1,2,21,3,1,60,1
5259,69,0.34259877121811944,10,2,274,4,0,42,0
5260,70,0.10557564221946336,3,1,112,0,0,10,0
5261,20,0.1883468732894501,9,0,544,1,0,86,1
5262,34,0.5004948950766138,2,1,88,0,2,93,0
5263,66,0.7932296782733221,9,1,10,0,0,28,1
5264,29,0.15015364418387522,1,1,26,2,1,56,0
5265,65,0.6597315322607571,4,0,455,0,0,43,0
5266,64,0.32357760403951186,10,2,30,4,0,77,1
5267,62,0.3412020723921535,6,0,446,0,2,41,1
5268,72,0.6619177301579263,7,1,427,0,1,38,1
5269,18,0.4669994195332202,3,0,558,2,0,44,1
5270,34,0.8120332930259939,9,1,590,0,2,44,1
5271,20,0.15591850966282705,4,1,513,4,1,41,1
5272,43,0.7899482697670385,5,2,398,4,2,96,1
5273,32,0.06423524805742087,8,1,531,0,0,54,0
5274,53,0.194053880245605,3,0,386,4,2,15,0
5275,49,0.6561497145031654,8,2,329,4,1,82,0
5276,49,0.8549256565110712,1,2,137,2,2,63,1
5277,21,0.25267962773934904,8,2,481,1,0,30,0
5278,35,0.32719160582891293,10,2,299,1,0,64,0
5279,66,0.53712074828674,8,2,31,3,1,12,0
5280,36,0.21157280648930232,6,0,456,1,0,32,0
5281,60,0.8111562615875056,5,1,541,0,1,88,1
5282,69,0.7736366450057608,9,1,384,4,2,64,1
5283,52,0.1452917119657816,6,1,331,1,1,93,0
5284,57,0.4638297318166321,1,1,43,2,0,14,1
5285,31,0.7748277666546214,6,2,546,3,0,67,1
5286,50,0.3373295311034148,1,1,423,0,0,65,1
5287,31,0.6331068227177317,6,1,44,1,0,79,0
5288,51,0.05021312145757273,3,2,379,4,0,30,0
5289,72,0.608688760529318,6,2,496,2,0,27,1
5290,21,0.152652980000607,6,2,137,1,0,67,1
5291,41,0.8305833251144513,1,1,558,4,1,23,1
5292,46,0.35544946358047846,9,2,407,1,0,22,0
5293,36,0.2815538627281957,8,2,184,0,0,54,1
5294,23,0.840888976711485,2,0,488,3,0,23,1
5295,74,0.050144023071810206,2,0,17,4,0,19,1
5296,50,0.3966087993343448,5,1,71,3,0,20,0
5297,66,0.3700035405750314,10,2,170,3,0,24,1
5298,57,0.28480037424955085,2,1,76,2,0,23,0
5299,36,0.911754332001477,1,0,399,4,0,79,1
5300,70,0.7509283935167222,2,0,520,2,2,75,1
5301,18,0.06392316419193877,5,2,200,3,0,23,0
5302,22,0.7146874494349541,10,1,580,0,2,92,1
5303,44,0.527299133128794,7,0,238,0,1,35,1
5304,33,0.9008678944015792,5,2,316,1,1,56,1
5305,23,0.31294561734835846,1,1,522,1,0,52,0
5306,57,0.5741619996095829,7,2,319,4,0,12,0
5307,30,0.500755274740986,6,2,549,0,1,54,1
5308,65,0.48956090622760573,7,0,521,3,0,65,0
5309,52,0.45610539951721263,2,1,527,0,0,92,0
5310,36,0.20562947553228128,5,0,476,4,0,12,1
5311,29,0.7557099224923928,8,1,324,1,0,17,0
5312,33,0.4513360327392887,7,1,465,1,0,78,1
5313,60,0.9585162750026057,6,2,41,2,2,23,1
5314,27,0.2608084271927763,6,2,233,1,0,54,0
5315,42,0.6827438396270411,1,1,555,3,0,27,0
5316,37,0.9407170796391084,1,2,436,4,0,61,1
5317,48,0.6634583230160925,7,0,279,1,0,34,1
5318,21,0.8712729076173946,3,1,203,1,0,98,1
5319,61,0.8274809597570061,6,0,305,3,0,33,1
5320,40,0.36011771548900384,5,2,509,1,0,65,1
5321,19,0.6001239399394965,3,1,295,3,0,39,1
5322,73,0.1562613398113556,6,2,21,1,0,13,0
5323,39,0.5355258826955995,3,0,241,3,0,76,1
5324,68,0.2304219718143372,8,1,577,1,0,29,1
5325,74,0.7437368149524456,7,2,393,4,1,68,1
5326,54,0.5280584218921246,9,0,426,2,0,41,1
5327,25,0.4112273626316605,5,0,452,2,0,42,0
5328,24,0.26879709616697756,1,2,506,0,1,12,0
5329,31,0.9986984818412868,10,1,212,2,0,94,1
5330,73,0.07171052088493268,8,2,240,3,0,79,0
5331,72,0.04356068057242002,2,1,408,3,1,44,1
5332,20,0.21725740049386455,6,0,558,2,0,27,0
5333,67,0.9710724586278197,1,0,591,3,1,49,1
5334,33,0.9792381683199844,6,0,44,4,0,5,0
5335,72,0.654927734772136,4,2,236,3,1,53,1
5336,36,0.8801066672064047,5,2,594,4,0,13,1
5337,68,0.2139617308407954,10,2,112,4,1,44,1
5338,35,0.9720420941766236,7,0,506,4,1,32,1
5339,69,0.14278485013956466,6,1,449,1,0,12,1
5340,33,0.10112518818165828,1,2,567,0,0,41,1
5341,25,0.1122115392472729,9,2,537,3,0,86,0
5342,50,0.5731279232725647,6,2,208,1,0,75,1
5343,66,0.7809744007180524,6,0,289,0,0,22,0
5344,29,0.3666671778746331,9,1,497,1,0,80,1
5345,70,0.9778959877861265,10,1,182,3,2,72,1
5346,28,0.43442013811832947,5,1,399,4,1,81,1
5347,22,0.15044855077321628,6,2,207,1,0,79,1
5348,44,0.4659667481861367,6,2,422,0,1,84,1
5349,29,0.6790371654224399,7,1,389,0,0,48,1
5350,34,0.8322257805043787,9,0,365,0,0,82,1
5351,23,0.4587682899565929,5,1,583,1,0,20,0
5352,50,0.5936068260491675,5,2,435,0,2,56,1
5353,22,0.26734471215885336,4,1,311,2,0,57,0
5354,74,0.645916526405514,10,1,338,0,0,90,1
5355,45,0.9859719439503437,4,1,146,0,0,22,1
5356,31,0.04905357258779386,8,0,456,1,0,44,1
5357,22,0.8865306707051678,2,2,410,3,0,65,1
5358,71,0.5622825027675228,10,2,281,1,1,29,1
5359,73,0.25209865956229993,8,1,413,1,0,39,1
5360,50,0.9548897100092579,2,2,589,2,0,75,1
5361,67,0.4833543030588989,1,0,96,3,1,88,1
5362,65,0.3316902516733856,10,1,162,1,0,31,0
5363,58,0.18149762827084115,9,0,436,2,1,97,1
5364,36,0.24445221025666208,8,1,195,1,1,14,1
5365,39,0.8328490415914426,6,1,160,2,1,79,1
5366,22,0.6144100093171658,4,1,254,4,1,24,1
5367,19,0.9132456194883161,2,0,69,0,1,37,1
5368,47,0.23196845215778583,8,2,411,0,0,81,0
5369,64,0.12113857384890148,3,2,35,1,2,84,1
5370,56,0.006087530975590005,10,2,304,2,0,15,0
5371,21,0.5078620376159938,4,2,469,4,2,73,1
5372,50,0.9983069303819881,5,0,308,0,0,71,1
5373,30,0.694965268818639,4,2,196,1,0,63,0
5374,37,0.30839459196514607,8,2,480,1,1,70,1
5375,71,0.8768585830261717,9,1,335,2,0,57,0
5376,24,0.7817222659879597,1,0,290,3,0,42,0
5377,32,0.015415166076539255,2,1,429,1,0,14,1
5378,40,0.8168604805410224,4,2,597,4,0,10,0
5379,31,0.300526757238496,1,1,431,4,0,89,1
5380,40,0.1496734645836011,6,2,533,3,0,99,1
5381,36,0.22633083973707457,5,1,509,4,0,38,1
5382,71,0.468579804375139,7,0,504,2,1,53,1
5383,46,0.424867927068011,6,1,554,1,1,36,0
5384,73,0.28888729937422675,3,1,408,2,0,33,0
5385,37,0.1722183222070327,5,1,401,3,2,69,1
5386,46,0.7622307896421693,3,1,40,3,0,37,1
5387,41,0.9901097837349171,9,2,383,2,0,21,1
5388,35,0.7777915804196904,2,1,290,0,2,53,1
5389,27,0.2959369676715412,6,0,182,3,0,20,0
5390,58,0.24480896141213337,9,1,39,1,2,11,0
5391,74,0.21766587606593824,10,0,598,3,0,17,1
5392,25,0.13669507448903628,7,1,224,2,1,88,1
5393,43,0.5513305496923012,5,2,284,2,0,8,0
5394,46,0.6054003719533442,2,0,137,4,1,67,0
5395,27,0.7055026606631373,2,0,334,0,0,73,0
5396,34,0.680213370933668,4,1,137,2,0,84,0
5397,19,0.29233331128338247,10,2,473,4,0,77,1
5398,23,0.33031100539684655,2,2,487,4,0,80,1
5399,22,0.6815145354423379,8,0,575,1,0,82,0
5400,45,0.34944764078362833,10,1,145,4,2,19,0
5401,58,0.21262318961931304,7,2,408,0,1,9,0
5402,22,0.37433615369673956,7,2,509,1,1,46,1
5403,35,0.27208415757797766,3,2,84,2,1,22,0
5404,43,0.0883127212185778,7,1,562,2,1,76,0
5405,37,0.8301389022766535,8,1,8,4,1,12,1
5406,58,0.8531113891570363,5,0,88,3,2,93,0
5407,66,0.21975030016687946,1,1,88,0,2,72,0
5408,44,0.06477219952520175,1,2,218,0,0,30,0
5409,66,0.7388274373511795,4,0,349,4,0,79,1
5410,29,0.2115286258634137,2,1,404,0,0,74,1
5411,24,0.39343548943686024,7,2,160,1,0,37,1
5412,20,0.06413525223738326,3,2,42,4,0,26,0
5413,27,0.22626958475843517,4,0,473,3,1,97,1
5414,51,0.7929022783296358,9,0,257,2,0,73,1
5415,42,0.8043964469152018,2,1,158,0,0,5,1
5416,52,0.2070848248877104,8,1,131,2,2,90,1
5417,33,0.33591384510668953,1,0,558,3,0,39,1
5418,19,0.13423841909374357,3,0,44,3,0,60,0
5419,41,0.07417263028492238,4,2,320,1,0,99,1
5420,27,0.9921717144484095,6,1,193,3,0,71,1
5421,55,0.6555939512448392,1,2,517,3,0,7,0
5422,39,0.5420965091983188,8,0,262,0,0,75,1
5423,43,0.7654985004052995,2,0,434,2,0,5,0
5424,60,0.8400771596877241,5,0,529,0,1,46,1
5425,72,0.8067147680447275,6,1,296,0,1,62,1
5426,56,0.016539449289876607,8,0,500,4,0,92,0
5427,44,0.18680789819049848,3,0,68,4,2,98,0
5428,46,0.654905302117831,9,1,24,1,0,89,1
5429,64,0.3757593478039629,5,0,567,1,0,68,1
5430,55,0.982482651061107,8,1,512,3,0,84,0
5431,37,0.665404792638254,4,0,182,1,1,8,1
5432,44,0.9565489087292065,9,1,53,1,0,21,1
5433,58,0.20144648164579382,8,1,80,3,0,81,1
5434,71,0.8639570281150231,5,1,159,2,0,44,0
5435,37,0.32135230581522534,3,1,385,3,1,38,1
5436,61,0.9895648082378068,1,2,448,3,0,60,1
5437,36,0.1576886720731473,5,1,263,2,2,15,1
5438,37,0.5163398188383266,5,1,308,3,0,93,1
5439,52,0.792844533837122,4,1,43,4,0,44,0
5440,64,0.4326424806040359,10,1,200,1,0,98,1
5441,19,0.4680840601876467,10,0,283,3,0,17,1
5442,47,0.986355795505741,8,0,146,0,0,28,1
5443,70,0.4253081503011533,3,1,439,1,0,38,0
5444,51,0.6040721005990636,10,1,403,4,0,12,1
5445,39,0.0545396606751507,9,2,183,4,0,86,0
5446,20,0.84221008021026,3,1,546,3,0,11,1
5447,23,0.6481680489795435,4,1,208,2,0,66,0
5448,32,0.40402010286281353,6,1,574,0,0,50,1
5449,44,0.01616953995451975,9,0,81,3,0,90,0
5450,27,0.5916688205935039,10,1,262,2,0,75,0
5451,26,0.012657828484162192,2,1,38,4,1,17,0
5452,50,0.0012036139090179088,2,2,285,1,0,6,0
5453,49,0.6160985621493547,2,0,22,4,0,6,1
5454,65,0.18901706733455426,5,2,595,3,0,33,0
5455,23,0.1918875497180953,6,1,473,2,2,95,1
5456,58,0.6532715658327437,3,2,302,3,0,86,0
5457,53,0.05369718793937428,3,1,205,4,1,62,0
5458,19,0.31340556147455634,2,1,431,0,0,6,1
5459,46,0.14943190214201907,6,0,94,4,0,63,0
5460,21,0.5801763697965339,1,2,474,3,0,57,1
5461,18,0.6617651547273958,9,1,574,2,0,72,1
5462,36,0.7211358535990435,10,2,375,3,0,65,0
5463,43,0.25523121691856543,4,0,136,1,2,53,0
5464,42,0.089249751636584,2,1,150,1,1,50,0
5465,27,0.07868365694189783,6,0,201,2,0,76,1
5466,70,0.4261515484507238,5,2,249,4,0,63,1
5467,32,0.945844409062715,3,2,598,3,0,52,1
5468,39,0.2177290342470246,3,2,73,1,1,13,0
5469,68,0.25674160134154933,5,1,321,0,0,22,1
5470,65,0.10088880210585893,4,1,548,1,1,54,0
5471,38,0.6055702738939303,5,1,165,4,0,90,1
5472,73,0.6798728739471749,2,0,0,2,0,79,0
5473,39,0.64293120816076,1,2,337,0,0,31,0
5474,53,0.8611302430447813,5,2,290,3,0,36,1
5475,51,0.48642583502607173,1,2,70,3,0,70,0
5476,47,0.13445704076706444,3,0,107,2,0,70,0
5477,42,0.28940513070441265,8,1,489,0,1,98,1
5478,62,0.6624299734213518,8,0,597,0,0,26,0
5479,45,0.6131219737415599,9,2,180,0,0,90,1
5480,18,0.5310031297429625,1,2,24,2,0,28,0
5481,66,0.6829644186886872,4,0,150,2,0,95,0
5482,62,0.6373908503732993,6,1,264,3,0,79,1
5483,21,0.8813248894649517,7,1,202,1,0,17,1
5484,24,0.5860163774782966,5,2,562,4,0,95,1
5485,66,0.7786013587005565,7,0,474,3,0,19,1
5486,26,0.24870715596646786,10,1,219,0,0,53,0
5487,53,0.678182584589068,8,0,568,1,0,21,1
5488,36,0.9021941183826757,10,2,81,4,0,43,0
5489,18,0.38573232789983325,6,2,163,0,0,77,1
5490,27,0.7791041873386466,4,2,268,2,0,91,1
5491,53,0.7247893011954354,1,2,182,1,0,8,0
5492,26,0.05952619687182248,5,1,179,2,0,61,0
5493,62,0.5815083096240723,10,2,597,4,0,19,1
5494,63,0.13018934920080238,10,1,471,4,0,47,0
5495,59,0.9673191722305912,10,1,110,0,0,35,0
5496,49,0.8114075027006562,4,0,44,2,0,10,1
5497,49,0.10972380124712011,5,2,549,3,2,94,0
5498,23,0.12175199764767841,4,1,531,3,2,63,1
5499,65,0.594473854912619,9,0,430,2,0,69,1
5500,55,0.3448891741731833,3,0,357,4,0,90,0
5501,34,0.03490585907310928,3,2,58,1,0,34,0
5502,27,0.5416415078330531,10,2,223,2,0,62,1
5503,67,0.3878450996858469,7,0,188,0,0,90,0
5504,44,0.10107649237174265,2,1,58,3,2,60,1
5505,71,0.8019203922559827,9,2,7,0,0,73,0
5506,67,0.915076765278806,8,0,483,1,0,40,1
5507,52,0.75659393401413,6,0,405,3,0,50,1
5508,69,0.8224223100162773,9,1,471,3,0,78,0
5509,38,0.21649056726611737,3,1,20,3,2,5,0
5510,42,0.263572950918601,4,0,383,0,0,16,0
5511,45,0.20852754029918774,7,1,411,4,0,71,1
5512,64,0.765063431365564,1,2,304,0,0,14,0
5513,32,0.9479170789344971,1,0,309,4,1,5,0
5514,21,0.7168372067339026,1,1,230,2,0,23,0
5515,46,0.881466764879556,8,1,235,3,0,86,1
5516,26,0.6386990948831726,6,1,579,0,0,99,0
5517,44,0.38765990055879906,3,1,45,1,0,59,0
5518,43,0.4257616149303052,10,0,221,1,0,53,1
5519,36,0.07532143216740483,7,1,155,4,0,59,0
5520,73,0.03145719524602608,6,2,94,4,0,90,1
5521,45,0.6954756041890774,5,2,82,3,1,72,1
5522,34,0.4384288920111806,3,0,244,4,0,45,1
5523,60,0.5522150680546295,4,0,574,1,2,59,0
5524,74,0.5576612476224163,1,2,9,0,0,78,0
5525,58,0.2773758133333014,9,2,88,0,0,78,0
5526,59,0.4758925108294907,5,0,325,4,0,83,1
5527,67,0.47076022166770226,2,2,285,4,0,73,0
5528,37,0.388427221227857,9,2,214,1,0,47,0
5529,62,0.8206753834010705,7,0,71,2,0,85,0
5530,57,0.4511640036875959,8,0,207,0,0,86,1
5531,56,0.6036445245059878,3,1,138,4,1,61,1
5532,66,0.8955201203808261,7,1,378,3,2,52,0
5533,70,0.8662336228589225,1,2,401,4,0,54,1
5534,40,0.8904222037791651,6,0,522,4,1,73,1
5535,64,0.27000499646501397,10,1,339,0,0,12,0
5536,49,0.03498248830806283,6,2,175,4,0,60,0
5537,69,0.2610667998953292,10,2,356,3,0,95,1
5538,64,0.27870734562070865,6,2,377,3,0,93,1
5539,50,0.909360326724968,3,2,315,3,0,30,0
5540,74,0.6492427328379706,6,0,74,1,0,27,1
5541,63,0.08170395960222876,3,2,98,3,0,45,0
5542,22,0.13537859601110114,10,1,264,0,0,91,1
5543,60,0.1556761255419754,9,0,82,2,0,97,1
5544,65,0.6304217481689232,7,2,581,4,2,63,1
5545,51,0.7354140255070031,4,1,227,4,0,22,1
5546,57,0.8596439105653961,3,1,130,4,1,75,1
5547,28,0.9406365508062431,6,0,9,3,0,75,0
5548,67,0.20170455738644177,9,0,567,3,0,12,0
5549,20,0.30977248472404906,3,0,544,3,0,62,1
5550,50,0.24032288074483066,8,1,243,2,0,89,0
5551,28,0.35876156746613774,6,1,225,2,0,21,0
5552,33,0.9146651074237494,4,2,227,2,0,55,0
5553,35,0.5751125669393615,5,0,244,2,0,37,1
5554,47,0.7381918973244991,3,0,443,2,0,34,1
5555,65,0.490119236126782,2,0,460,4,0,70,0
5556,72,0.02885791333612453,9,0,381,4,1,64,1
5557,27,0.06419548599781433,3,1,191,2,0,50,0
5558,35,0.5379230312678858,6,0,521,4,0,26,1
5559,55,0.7187890348200257,5,1,577,2,1,36,1
5560,36,0.2153305275287315,10,1,157,2,0,29,1
5561,53,0.721909573992304,8,0,255,2,2,12,1
5562,30,0.8106657734835124,5,1,546,4,0,67,1
5563,73,0.4118974783621112,8,1,505,1,0,33,0
5564,63,0.7464192328441049,5,0,166,1,1,85,1
5565,20,0.4040299503284599,10,0,21,1,0,44,0
5566,27,0.67835062945502,6,2,66,0,1,49,1
5567,55,0.763997049319543,5,1,586,1,0,6,1
5568,18,0.9919266183081108,2,1,16,1,0,53,0
5569,72,0.3453966620635961,10,2,254,1,0,35,1
5570,73,0.41104078057461146,10,2,187,3,1,72,0
5571,44,0.16562005941017133,6,0,327,2,0,94,0
5572,63,0.2040730584018069,7,2,379,4,1,13,1
5573,25,0.6933950025983777,3,0,345,3,0,99,1
5574,68,0.9170455901544761,3,0,239,2,0,14,1
5575,63,0.39460495166124054,7,0,472,1,0,55,0
5576,59,0.17984444683554124,10,1,306,1,2,74,1
5577,34,0.28509949938299406,4,1,175,3,1,48,0
5578,26,0.4550517048081386,2,0,312,4,0,30,0
5579,23,0.2906503293653684,9,2,543,3,2,79,0
5580,60,0.23357908312186626,9,1,334,3,2,83,1
5581,42,0.7359844887570796,6,1,378,2,0,88,1
5582,56,0.007844921240623193,2,2,539,0,0,82,0
5583,66,0.5392305273364831,3,1,332,4,0,25,0
5584,45,0.7937668070297539,5,2,139,4,0,95,1
5585,50,0.2662282863174682,5,2,284,3,0,34,0
5586,71,0.6032915106120174,9,1,342,3,2,75,1
5587,54,0.6689001056186178,10,2,268,1,0,19,1
5588,26,0.65502469640509,3,2,185,3,1,84,1
5589,35,0.4458496341987177,2,0,109,2,2,63,0
5590,73,0.3465779878757792,10,0,34,1,1,88,1
5591,38,0.8359240730278135,8,1,221,0,0,88,0
5592,19,0.7584459569998643,7,2,513,2,0,90,1
5593,60,0.3212551734139125,9,1,98,4,1,74,0
5594,55,0.10301919444220609,3,1,9,4,0,24,1
5595,57,0.07180754544546919,6,0,584,2,1,73,1
5596,53,0.09427597789893605,5,2,208,3,0,57,1
5597,67,0.5828693611920428,5,1,37,3,0,79,0
5598,60,0.05166217582898969,10,1,93,3,1,6,1
5599,54,0.3369268749640384,8,0,232,4,0,34,0
5600,32,0.7531997019142294,1,0,162,2,1,12,0
5601,45,0.2943481665153781,1,0,241,3,0,44,1
5602,35,0.7633080771801298,3,1,97,1,0,12,0
5603,51,0.7454670382070553,2,2,382,4,0,21,1
5604,39,0.24582713263321632,2,0,578,2,0,34,1
5605,28,0.7288221800927455,2,0,288,2,0,5,0
5606,74,0.7477766382721007,4,2,140,2,1,73,1
5607,30,0.39745392566702686,1,1,202,2,0,68,0
5608,21,0.21042048374151823,10,1,487,0,0,84,1
5609,39,0.5212708068918691,9,2,403,1,1,40,1
5610,24,0.9213975880001963,5,0,416,0,0,83,1
5611,60,0.639616732432062,5,2,305,3,0,53,1
5612,71,0.1729224976272612,9,1,136,0,0,85,1
5613,41,0.6827569247335199,5,1,129,0,0,81,1
5614,21,0.42720302728183457,8,0,115,4,1,28,0
5615,45,0.591528797355373,1,0,137,2,0,8,0
5616,32,0.7340640350231079,1,2,414,0,0,81,0
5617,18,0.5149473515144448,4,1,160,2,0,66,0
5618,72,0.8139839745733086,8,1,247,1,0,13,0
5619,20,0.7221555793166278,3,2,133,0,0,30,0
5620,31,0.6150733400185107,1,0,525,4,0,51,1
5621,55,0.1507928158323515,9,1,589,4,0,20,1
5622,67,0.8359491109115683,9,1,270,3,0,41,1
5623,74,0.935905585319816,9,0,224,0,0,74,0
5624,18,0.13696512380929482,9,1,120,1,0,15,1
5625,55,0.48824112943343057,2,0,462,2,0,6,1
5626,55,0.2588887419705045,4,2,239,0,1,98,1
5627,38,0.7545233074255646,2,0,20,3,0,87,1
5628,65,0.7216296360047,7,0,447,4,1,27,1
5629,46,0.1408851205703987,3,2,328,0,0,51,1
5630,22,0.8770272712616372,9,1,447,3,1,66,0
5631,66,0.18097306397800228,7,1,254,1,1,80,0
5632,27,0.7972590256481075,8,0,161,2,1,43,1
5633,45,0.4569803596280049,9,0,302,1,0,10,1
5634,38,0.32827229355815124,8,2,187,1,2,40,0
5635,67,0.1582392626742135,7,2,29,2,0,66,0
5636,24,0.1676142561466294,9,1,435,0,0,64,0
5637,20,0.6618905547009003,1,1,314,2,1,83,1
5638,62,0.5504303879471205,4,2,387,3,1,40,1
5639,64,0.1220854216512327,4,0,479,1,1,81,0
5640,37,0.11269786043832519,5,2,134,2,1,76,0
5641,36,0.07231057477279146,8,1,37,4,0,93,1
5642,52,0.7437673473735441,10,0,287,2,2,92,1
5643,21,0.7118820852292892,1,2,68,2,0,35,0
5644,22,0.05843099085457515,6,1,66,3,2,44,1
5645,18,0.560270075596973,9,0,567,1,0,64,1
5646,21,0.0846761552426899,10,0,191,3,0,17,0
5647,29,0.9037457706089417,8,0,119,3,1,97,1
5648,44,0.9071174191801324,2,0,400,4,0,41,1
5649,73,0.6982329898131301,7,0,399,3,0,65,1
5650,59,0.92618892143945,5,2,522,3,0,22,0
5651,40,0.8114530304136905,2,0,13,4,0,94,1
5652,42,0.8285385759270494,1,2,545,0,1,22,0
5653,38,0.5697078505699332,2,0,597,3,0,38,1
5654,69,0.3060591982161759,10,1,468,2,2,58,1
5655,41,0.21779911511642158,6,0,153,3,0,35,0
5656,42,0.3272000220389292,8,2,169,1,1,83,0
5657,62,0.6284954300890621,3,1,385,2,2,41,1
5658,72,0.17265653583239893,5,1,305,2,0,88,1
5659,63,0.2586402366373216,2,2,317,0,0,96,1
5660,49,0.46806086279546444,8,1,353,1,0,72,1
5661,72,0.23305009852461556,4,2,210,1,1,76,1
5662,49,0.5886436697160616,10,0,454,1,1,62,1
5663,22,0.9231760284563298,6,0,191,3,0,86,1
5664,53,0.7480893657031265,3,2,592,3,0,57,1
5665,63,0.666426614148913,8,0,334,2,1,91,1
5666,59,0.5827214759837788,8,1,560,0,0,66,1
5667,66,0.4879479092570649,3,0,566,3,0,83,0
5668,59,0.1865638596346597,9,0,66,3,1,11,1
5669,56,0.8947104554268656,10,1,111,0,2,35,1
5670,33,0.24853600201283632,5,1,106,1,0,44,0
5671,50,0.09130887757816075,10,0,25,2,0,82,1
5672,66,0.7500151792286952,9,0,65,3,1,87,1
5673,38,0.1756155343311664,7,0,413,0,0,54,1
5674,26,0.371895999541176,10,2,499,0,2,84,1
5675,23,0.028284928290979727,3,2,0,1,2,13,0
5676,68,0.13706794254044807,6,0,581,4,0,69,1
5677,62,0.17320363075991208,10,0,458,4,0,29,1
5678,52,0.05441012775017795,2,1,368,4,0,12,0
5679,56,0.6566569566228452,6,0,141,4,0,43,0
5680,39,0.8370077958031172,5,0,13,3,0,36,0
5681,58,0.37331540636594096,3,2,467,0,0,12,1
5682,71,0.8745764767182007,7,2,530,2,0,17,0
5683,22,0.2133465745601265,4,2,409,3,0,71,1
5684,59,0.3253904235612395,6,1,149,4,0,70,0
5685,40,0.1507369930311684,9,0,332,2,0,32,1
5686,34,0.6205591954189986,6,2,73,2,0,8,1
5687,29,0.41986959087030684,4,1,437,4,1,27,1
5688,40,0.6132833468418987,10,0,382,2,0,38,1
5689,33,0.7616749053941836,2,0,350,3,1,59,0
5690,20,0.5457030160329485,9,1,265,1,0,75,1
5691,47,0.6276303549017879,4,0,404,3,0,98,1
5692,74,0.9352503143943329,4,1,422,3,0,62,1
5693,39,0.2990643096088431,2,1,78,1,1,77,1
5694,26,0.35916393863395313,5,2,308,4,1,23,1
5695,46,0.7177033617093369,6,1,32,4,1,13,1
5696,64,0.6113055170553867,10,2,427,1,0,27,0
5697,54,0.17853290453971482,6,0,334,3,0,79,1
5698,40,0.3761473100104902,3,2,454,0,0,17,0
5699,30,0.46783801312471496,9,1,411,2,2,97,1
5700,49,0.41938983796838936,7,2,469,2,0,35,1
5701,63,0.1782748083220408,3,0,514,2,2,76,1
5702,69,0.9244300917842623,4,2,564,0,0,23,0
5703,64,0.7623187616939758,7,0,120,3,1,9,1
5704,65,0.48135583210785227,8,1,149,4,1,95,1
5705,40,0.6800610283068366,6,2,152,1,1,43,0
5706,62,0.8972826721355218,4,0,255,2,1,18,0
5707,34,0.13617414236157122,2,0,573,0,0,26,0
5708,72,0.2503730507069777,10,2,62,1,0,26,1
5709,57,0.542701247256645,8,2,292,3,2,9,1
5710,38,0.7990103713523586,1,2,67,0,0,66,1
5711,19,0.03625489544152738,9,2,224,0,2,56,0
5712,54,0.9840181501963605,8,2,453,1,0,84,1
5713,23,0.45490660288239715,3,0,557,1,0,43,1
5714,61,0.359231140621723,10,1,289,2,0,30,0
5715,35,0.29272443783977187,4,0,246,3,1,84,1
5716,47,0.17435670765087163,10,2,315,1,0,60,1
5717,39,0.7915739089300279,4,2,291,2,0,16,1
5718,71,0.9554141647460965,2,1,479,2,0,84,1
5719,50,0.4136447548453982,10,2,213,1,0,53,1
5720,47,0.9524206947534563,5,1,559,0,0,16,0
5721,34,0.8237976154350342,3,2,517,0,0,9,0
5722,60,0.4810511274763183,1,0,192,0,0,96,1
5723,49,0.6740261791261327,2,1,433,2,0,55,1
5724,59,0.43498417917046295,7,0,73,0,0,8,1
5725,68,0.5587234082125524,1,2,73,3,2,97,0
5726,31,0.05804633701850381,2,0,262,0,1,87,1
5727,27,0.6962634753005331,10,0,85,0,0,29,1
5728,64,0.05282464448413671,7,0,57,2,0,28,1
5729,68,0.8170849469196495,1,1,416,4,0,60,1
5730,53,0.8249469294605575,7,1,280,3,0,23,1
5731,51,0.2370772875562146,8,1,207,2,2,27,0
5732,26,0.32366278103580026,2,0,142,3,1,99,0
5733,59,0.4813103785582933,4,0,412,3,0,87,0
5734,45,0.5966629069324815,7,2,594,0,0,81,1
5735,28,0.2873536617419967,1,1,51,3,2,50,0
5736,31,0.592486404631925,6,2,16,0,0,22,0
5737,56,0.29778707322929887,5,0,418,3,0,65,1
5738,72,0.05549072107106068,6,1,423,4,0,75,0
5739,64,0.0025275498319089484,8,2,200,3,1,49,1
5740,71,0.1011510579184286,1,0,417,1,0,92,0
5741,36,0.7922507001640182,3,0,441,0,0,50,1
5742,71,0.9614313123833371,9,0,501,4,0,21,0
5743,32,0.42696619928121926,8,1,81,0,0,19,0
5744,45,0.5126839534499428,4,1,79,4,0,77,1
5745,41,0.14684816907342613,10,2,188,0,0,38,0
5746,25,0.551031352680157,9,0,479,1,0,12,1
5747,60,0.14465490200697684,7,1,155,1,0,54,1
5748,26,0.6112143311988301,2,1,159,4,0,15,1
5749,64,0.9332586675808539,1,0,593,2,2,92,1
5750,50,0.1956985393030396,1,0,43,0,0,46,1
5751,50,0.764563718057102,3,2,161,2,1,98,1
5752,36,0.023502422818324042,10,2,509,3,0,89,0
5753,20,0.375497241321621,2,2,512,1,0,47,1
5754,27,0.11074850783050905,4,1,207,0,0,39,0
5755,57,0.35247544159569943,8,1,96,1,0,63,0
5756,64,0.1735369196388835,5,1,20,3,0,16,0
5757,59,0.3733049901228874,5,1,354,4,0,77,0
5758,18,0.41752280610753034,6,1,504,0,0,16,0
5759,46,0.3005911227809184,5,0,403,0,1,32,1
5760,67,0.6566219494731291,5,2,222,0,2,97,1
5761,51,0.9188520512589097,7,2,399,4,0,50,1
5762,68,0.40059537410527235,6,2,461,1,0,44,1
5763,30,0.19234315647502143,10,2,559,4,0,33,0
5764,71,0.27072275819598335,2,0,31,1,1,74,0
5765,18,0.854000823496369,1,1,488,0,2,20,0
5766,51,0.5716397232701479,1,1,287,4,0,50,0
5767,46,0.4550110323069573,4,1,436,3,1,96,1
5768,65,0.1496367215089267,2,2,379,4,1,69,0
5769,64,0.44972730832378194,6,2,436,1,1,33,1
5770,30,0.27849200335738666,9,0,129,0,1,56,0
5771,65,0.9431631278533492,10,0,440,1,0,44,1
5772,66,0.8840701094157313,10,1,492,2,1,10,1
5773,70,0.08390254182819801,8,1,244,0,0,31,1
5774,46,0.5166534892612429,4,1,51,3,1,41,0
5775,56,0.22505834551467208,2,1,229,3,0,26,1
5776,41,0.4107770895242906,1,1,464,2,2,11,0
5777,43,0.8768479982514564,7,1,185,1,1,5,0
5778,34,0.5275145198885448,10,2,161,3,0,81,1
5779,24,0.33421529337075984,3,0,198,1,0,52,1
5780,30,0.20788835410499706,6,0,400,0,1,55,0
5781,22,0.8003248594064892,5,2,471,4,1,18,0
5782,43,0.6245180153643471,5,1,455,0,0,83,1
5783,66,0.4680654604262312,2,1,544,1,2,16,1
5784,20,0.21748435386297804,9,1,412,2,0,53,1
5785,24,0.3342463741571313,4,0,530,0,1,45,1
5786,66,0.9598434267385185,10,0,120,3,0,72,0
5787,56,0.5200899376058343,1,1,68,0,0,89,0
5788,70,0.40069928124325294,2,1,292,0,0,6,0
5789,18,0.5214220423483239,9,2,409,0,1,89,1
5790,66,0.7789885058996087,7,1,279,2,0,66,1
5791,34,0.3401089365028688,10,2,565,1,1,61,1
5792,60,0.17870612093260885,2,1,532,2,0,18,1
5793,42,0.5849361183390478,7,1,553,3,0,48,1
5794,20,0.6652041034810672,4,1,418,1,1,70,1
5795,32,0.7127180029585496,10,2,27,3,0,79,1
5796,46,0.8819875907661296,2,2,395,1,0,41,0
5797,70,0.37117412068911304,4,2,569,1,0,82,0
5798,60,0.0753548962288918,5,0,427,0,0,51,1
5799,49,0.9583485836309422,4,0,143,0,0,65,0
5800,43,0.4350119274374752,3,1,92,2,0,88,1
5801,33,0.6232575096731313,6,2,34,1,0,31,0
5802,42,0.6663053231282923,1,2,469,3,1,53,1
5803,71,0.5465137087012035,8,1,525,0,0,64,1
5804,45,0.2052575297362701,5,1,314,3,0,74,1
5805,26,0.7551430501161415,8,1,483,0,0,75,0
5806,73,0.8037519743040816,10,1,375,1,0,49,0
5807,73,0.5529755860174398,4,2,487,3,0,5,1
5808,18,0.48856116058484156,4,0,495,2,0,17,1
5809,46,0.11393818312798532,5,2,375,2,0,42,0
5810,74,0.08395166149978384,5,0,490,2,0,21,0
5811,39,0.3395648455635287,6,1,298,0,0,42,0
5812,33,0.31084615551739325,5,0,352,0,0,5,0
5813,58,0.9536564509632712,5,2,353,2,0,5,1
5814,68,0.7836227424434298,8,2,480,3,1,87,1
5815,61,0.6599242952590599,6,2,403,0,0,34,1
5816,68,0.5176480890176051,2,2,393,2,0,81,0
5817,71,0.16736753072665134,4,2,402,0,0,11,0
5818,58,0.9784566721842839,4,2,490,4,0,24,1
5819,24,0.37504069824021,5,1,523,3,2,48,1
5820,31,0.1069256024472448,6,0,393,1,0,77,0
5821,46,0.4937988957157461,5,1,582,3,0,17,1
5822,36,0.8739980116130832,6,0,103,1,0,43,0
5823,36,0.8872910017773294,8,0,10,2,0,24,1
5824,19,0.010965916056447256,4,0,224,0,0,93,0
5825,58,0.8862957447513997,3,2,316,2,0,9,0
5826,62,0.2714842174998585,9,2,421,1,0,56,0
5827,32,0.038972363968423074,3,2,272,4,0,29,0
5828,20,0.8477902703628744,8,0,53,1,0,16,1
5829,28,0.8638667559882083,10,0,172,0,1,94,1
5830,70,0.59623107984235,5,0,246,4,0,60,0
5831,63,0.5744337572963584,9,1,158,0,0,90,0
5832,47,0.8131202726214194,3,2,105,4,1,5,1
5833,74,0.7863095527102798,10,2,294,0,2,76,1
5834,57,0.8901054734427041,10,2,275,1,1,53,1
5835,35,0.5527474475967035,8,1,584,1,0,71,0
5836,68,0.9676470927328087,7,1,42,1,0,26,1
5837,65,0.9961468309333384,7,1,193,1,0,89,0
5838,19,0.11654460999863259,10,0,310,4,1,89,1
5839,49,0.8495437595541221,9,1,102,3,0,35,1
5840,25,0.499822257748589,8,0,249,3,0,5,1
5841,39,0.3875663382998321,3,0,395,2,1,31,1
5842,23,0.613072309882715,6,2,295,3,1,6,1
5843,29,0.055965557262007026,6,2,237,2,0,97,1
5844,64,0.5064611187670799,5,1,288,1,0,5,0
5845,74,0.8708905700266667,3,0,536,0,0,46,1
5846,57,0.2134615161389688,9,0,255,3,0,12,0
5847,53,0.4263898947694251,7,0,520,3,1,39,1
5848,32,0.9394808877148755,4,2,118,1,0,39,0
5849,45,0.4285638378056973,6,2,118,1,0,11,0
5850,69,0.3583676323323983,5,2,90,3,1,27,1
5851,74,0.4405366481233782,1,2,171,1,0,27,1
5852,66,0.5194527665175563,2,2,115,3,0,50,1
5853,62,0.6319913441314688,1,2,533,0,0,23,0
5854,35,0.8006928009167311,9,1,348,0,1,83,1
5855,19,0.45210220576431426,9,1,566,2,0,76,1
5856,30,0.8174809350901403,5,1,475,3,2,17,1
5857,62,0.5337206613520806,8,1,444,0,0,54,1
5858,71,0.33848051036797766,10,0,107,0,2,35,0
5859,32,0.6579508281194142,4,2,588,4,0,75,1
5860,37,0.7177222547434914,1,2,572,0,0,88,0
5861,46,0.5580489756294875,4,1,121,2,0,42,1
5862,59,0.05661497313472341,7,0,221,0,2,61,1
5863,46,0.1698828751608249,2,1,458,1,0,12,1
5864,20,0.2852977208902282,2,2,497,4,0,18,0
5865,36,0.2826256059514931,6,1,369,3,1,98,0
5866,20,0.6734208002468706,9,0,120,2,0,55,1
5867,71,0.018348661673632582,3,2,200,0,1,13,1
5868,31,0.7556817770495199,7,0,160,3,0,17,1
5869,57,0.2653424748069332,10,1,217,0,0,80,1
5870,72,0.3100218462161024,9,2,574,4,1,70,1
5871,21,0.5279098279439243,9,0,399,3,0,42,1
5872,69,0.21592560093895752,4,0,384,1,1,25,0
5873,28,0.8844713135755276,2,0,63,1,0,33,0
5874,48,0.08536877932656528,1,2,211,3,0,88,0
5875,60,0.44438236230106487,6,2,68,1,0,54,0
5876,49,0.84942226945489,5,1,123,2,0,68,1
5877,44,0.6158438944212358,6,1,376,4,0,13,1
5878,47,0.29232951584263345,7,2,295,2,0,19,0
5879,60,0.4207602077764607,9,0,357,3,0,57,1
5880,19,0.7066943803425146,10,2,524,2,2,57,1
5881,66,0.9732607433638993,10,2,67,4,0,75,1
5882,26,0.8931387183794335,6,2,269,4,1,7,1
5883,45,0.3424328083823768,6,2,132,3,2,91,1
5884,48,0.9981978792878575,3,1,61,2,1,26,1
5885,51,0.003504663531058272,8,1,160,4,0,43,1
5886,73,0.02762975580841509,9,0,25,3,1,81,1
5887,32,0.8238405151711938,1,2,285,4,0,13,0
5888,65,0.19946268683305202,6,2,445,0,0,38,1
5889,42,0.06076926839624086,7,1,248,0,2,16,1
5890,53,0.23714807323650222,8,1,90,4,0,38,1
5891,25,0.4261001539808602,10,2,35,3,0,49,1
5892,26,0.7305662704334048,8,1,6,0,0,54,0
5893,54,0.6243355265512055,7,2,505,4,0,32,0
5894,65,0.23762121756042043,8,0,320,1,0,43,0
5895,62,0.5032704481005844,9,0,201,2,2,7,0
5896,56,0.9262141053985687,10,0,552,4,0,51,1
5897,49,0.8150077769837577,7,2,543,0,0,16,0
5898,69,0.3231897848317934,3,1,255,4,0,47,0
5899,34,0.9822645613556963,9,0,160,3,0,81,1
5900,52,0.708620400435131,1,2,29,0,0,71,0
5901,54,0.06244935566678178,8,0,456,3,0,22,1
5902,36,0.03516071328863868,6,0,261,3,0,94,0
5903,61,0.16840794901002998,3,1,9,3,0,14,1
5904,46,0.7278558680501468,9,2,358,4,0,8,1
5905,24,0.1837389258424279,6,1,275,0,0,16,0
5906,45,0.5114867692088335,7,1,123,3,2,57,1
5907,26,0.09326012018083174,2,1,267,1,0,55,1
5908,45,0.9208861578301951,1,0,277,2,0,20,0
5909,23,0.34396061358356755,1,0,75,4,1,21,0
5910,46,0.9081320565606308,3,0,525,1,0,99,1
5911,34,0.9448756419105443,3,2,175,0,1,30,0
5912,33,0.006128647313680791,8,1,35,2,0,6,0
5913,40,0.46413518719873204,7,0,566,3,0,33,1
5914,48,0.024656055706892888,10,1,269,1,0,98,0
5915,20,0.9086927663029059,8,1,1,1,0,51,1
5916,38,0.5184075447345758,1,1,255,3,0,15,0
5917,43,0.07494401269849682,4,1,513,3,0,38,1
5918,53,0.11027672827656687,8,1,572,1,0,75,0
5919,59,0.38350902449273905,10,0,362,0,0,33,0
5920,54,0.9402341928728895,2,2,106,4,0,53,1
5921,70,0.6929091515680809,7,2,133,0,1,95,1
5922,39,0.8676188661891324,8,2,408,0,1,20,0
5923,59,0.36645664633997965,9,2,450,4,0,85,0
5924,29,0.04321369954999832,7,1,534,0,0,79,0
5925,59,0.9743176372044141,9,0,584,2,1,18,0
5926,30,0.017172990662369547,2,0,350,3,2,17,0
5927,28,0.947651653081089,1,1,27,1,0,39,0
5928,71,0.3686774238491447,1,1,536,4,0,94,0
5929,33,0.010090405021881521,4,0,64,0,0,56,1
5930,25,0.6891572317245083,1,0,193,1,0,29,0
5931,57,0.9805403040313542,7,2,206,2,2,63,1
5932,74,0.9656257228375925,8,2,298,0,0,80,1
5933,57,0.16093701120241843,3,2,39,0,0,72,0
5934,62,0.18124780606615498,1,0,463,0,2,46,0
5935,19,0.5655389146196601,3,2,22,2,0,52,0
5936,47,0.6373048264283244,2,0,127,3,0,95,0
5937,47,0.7394179136658656,6,0,262,1,1,49,0
5938,29,0.1810503604721475,7,1,34,0,1,76,1
5939,27,0.9590070867644345,9,0,486,0,0,76,1
5940,61,0.6387392562892379,5,1,100,2,0,33,1
5941,28,0.8470469188705548,4,1,81,2,0,7,0
5942,32,0.5400657152841718,1,0,316,1,1,25,0
5943,33,0.4142768475898826,6,0,329,1,1,35,1
5944,34,0.977182906594996,8,2,195,0,0,17,1
5945,43,0.5821213708198361,4,0,413,0,0,99,1
5946,19,0.8668735827991789,1,2,508,0,0,85,1
5947,67,0.9532923963662899,5,2,480,0,0,52,1
5948,29,0.6753546270086592,10,0,67,0,0,28,0
5949,68,0.548938678518675,5,2,392,2,0,6,0
5950,43,0.0035108509106506203,2,1,272,3,0,7,0
5951,40,0.04001964073900599,6,1,298,1,1,30,0
5952,35,0.20085121605111633,10,0,140,2,0,6,1
5953,49,0.18600843185599525,9,0,184,4,0,37,0
5954,66,0.25475879519984534,6,0,188,4,0,38,0
5955,55,0.3049346376976608,8,1,573,4,0,94,1
5956,74,0.36006549355072826,10,2,18,1,0,42,1
5957,64,0.42053769006887654,3,1,80,0,1,82,1
5958,20,0.09886633845601467,10,2,497,4,1,99,0
5959,55,0.04236193195278204,2,2,541,4,1,24,0
5960,20,0.6739444490730234,4,0,217,3,0,14,0
5961,47,0.5373348248430777,9,0,524,2,0,88,1
5962,18,0.44414420222011963,9,0,337,1,1,37,1
5963,47,0.6344399411683523,3,1,120,1,0,49,0
5964,62,0.8276794072035405,1,1,468,3,1,64,0
5965,49,0.4276929091162046,1,1,371,4,1,70,1
5966,45,0.6411194650519794,4,0,481,3,0,65,1
5967,38,0.9535722238351587,4,0,178,0,0,55,1
5968,63,0.8396244958615607,10,2,110,4,0,16,1
5969,30,0.42600081050240945,6,2,8,1,0,84,0
5970,44,0.644716837814743,5,0,221,2,1,13,0
5971,53,0.17707092191593976,6,1,107,3,0,15,0
5972,24,0.5605221848950899,10,0,336,3,0,25,1
5973,39,0.9813282911384428,7,1,203,1,1,80,1
5974,27,0.5183151152025223,7,0,526,4,0,72,1
5975,56,0.9276382991901473,10,0,452,4,1,30,0
5976,70,0.4073349205032607,10,2,194,4,0,67,0
5977,32,0.9988448271846312,9,1,260,2,2,23,1
5978,32,0.5792200352275578,6,1,8,2,0,21,0
5979,21,0.042268994235934554,8,0,215,4,0,48,0
5980,49,0.5867547966913881,2,2,112,2,0,65,0
5981,40,0.27457269567959663,8,0,339,3,0,5,1
5982,72,0.03248132203589471,9,0,46,4,0,76,0
5983,23,0.8208533046946633,4,1,488,2,0,62,1
5984,41,0.2757296369807559,5,0,321,3,1,98,0
5985,37,0.7965485540464985,5,2,97,3,1,45,0
5986,54,0.28821758295586697,2,0,444,2,1,28,0
5987,37,0.19432635387377428,5,2,92,4,1,47,0
5988,29,0.9739355741044274,9,1,251,4,0,85,1
5989,50,0.36164532775501956,4,1,162,2,0,98,1
5990,45,0.6013762114431604,10,0,157,2,0,13,1
5991,25,0.6099814928144716,3,2,578,0,0,70,1
5992,18,0.5604734821735018,7,1,137,3,1,94,0
5993,54,0.9146957435212146,8,2,383,4,1,36,1
5994,39,0.6744410713668685,10,1,311,1,1,95,1
5995,23,0.4037330041049302,6,1,289,3,1,45,0
5996,38,0.862380384524274,6,2,64,4,0,15,1
5997,49,0.1810628991159644,5,2,197,0,2,69,0
5998,52,0.5442367576104175,6,2,527,3,0,22,0
5999,32,0.9505503719437564,9,1,536,3,1,12,1
6000,22,0.6253976298804127,2,2,249,4,0,31,0
6001,73,0.8169684504748762,10,0,538,1,0,86,1
6002,63,0.6535607255451928,3,2,116,2,0,13,1
6003,67,0.8393708635378904,1,1,566,1,0,6,0
6004,65,0.9444878798452436,4,2,485,0,0,85,1
6005,23,0.2729217275327368,2,2,362,3,0,79,1
6006,42,0.16966108125671886,6,2,25,4,1,50,0
6007,73,0.4839907503325399,1,0,492,3,2,74,1
6008,63,0.7018624268242158,8,1,356,2,0,9,1
6009,73,0.2271912531822161,10,0,411,1,2,16,1
6010,57,0.004101450430167075,6,0,475,1,1,48,0
6011,46,0.34293511583670533,9,1,413,0,0,46,1
6012,24,0.9688593354677885,6,1,121,4,0,92,1
6013,57,0.6949674606058467,10,2,460,2,2,34,1
6014,30,0.40132544394122394,7,1,428,2,1,56,1
6015,55,0.19257609734684034,5,2,242,4,0,85,0
6016,35,0.356089673754747,8,0,402,0,0,51,1
6017,19,0.16983943330124796,8,2,251,2,1,40,1
6018,25,0.10630582131295141,10,1,74,0,0,74,0
6019,28,0.9067423725725539,9,2,111,4,0,36,1
6020,50,0.9976503383754736,6,0,359,4,0,48,1
6021,71,0.1641144395957903,1,1,167,4,0,20,0
6022,55,0.054522558878279725,9,1,249,2,0,75,0
6023,65,0.32973110714621234,3,2,212,4,0,21,1
6024,44,0.4616591807614153,9,2,442,2,1,36,0
6025,37,0.20482124707585447,7,2,45,0,0,18,1
6026,29,0.30142491179855846,3,0,17,3,0,30,1
6027,60,0.2008707356916577,9,0,349,0,2,77,1
6028,48,0.7742605684324513,7,1,219,2,1,17,1
6029,44,0.7125779432472608,7,1,397,1,1,93,1
6030,49,0.6349515157609817,7,0,97,1,0,16,0
6031,27,0.38721785707920475,2,2,4,3,0,49,1
6032,20,0.909040941314236,4,2,158,4,0,20,1
6033,62,0.96953254153502,10,0,86,0,1,98,1
6034,44,0.173639312625412,8,2,119,0,0,56,0
6035,52,0.22301264141187804,2,0,442,2,0,25,1
6036,48,0.5256310280003696,4,2,171,3,0,28,0
6037,32,0.09125056928224529,10,2,575,4,0,47,0
6038,33,0.4364483988231128,8,1,234,3,2,9,1
6039,30,0.5817912647777101,3,2,477,1,0,37,1
6040,66,0.5220735711373331,6,2,120,3,0,35,1
6041,52,0.33090858307802606,2,0,496,4,1,13,1
6042,69,0.5424458060772068,8,0,421,4,0,39,0
6043,28,0.9588009542588478,8,0,134,0,0,12,1
6044,38,0.20601740429137605,1,0,314,0,1,79,0
6045,68,0.6548313583940036,3,2,68,4,0,21,0
6046,71,0.04339669415605185,2,0,197,0,2,84,0
6047,28,0.06641640448143493,7,1,10,0,0,24,0
6048,47,0.551828224223585,7,0,129,0,0,95,1
6049,65,0.10493918032794947,4,2,109,4,0,82,1
6050,70,0.022346788426857334,8,1,26,0,1,26,0
6051,52,0.1715129976480222,3,2,399,1,0,58,0
6052,39,0.5648491709995744,9,1,319,4,0,75,1
6053,55,0.7033409545189324,5,1,193,3,0,79,1
6054,48,0.20247856414138,2,1,345,2,0,85,1
6055,31,0.6682594372081745,9,2,15,2,0,81,1
6056,41,0.18247633109922934,1,1,72,1,0,85,0
6057,67,0.6134574266312571,8,2,200,4,0,79,0
6058,66,0.41195967989579885,6,1,163,3,0,72,1
6059,49,0.6537995093336167,1,0,6,4,0,84,0
6060,53,0.9950527524792473,4,0,60,3,1,35,1
6061,49,0.937816965232562,3,1,351,3,0,89,0
6062,72,0.004281757836103628,7,1,484,4,0,17,0
6063,32,0.8854387643623057,7,0,450,0,1,33,1
6064,60,0.06649079517476653,6,0,413,2,2,83,1
6065,52,0.9530465861598449,10,2,30,0,0,14,1
6066,20,0.2818256790996847,10,0,559,2,0,37,1
6067,33,0.38203483041127095,8,2,90,0,0,19,1
6068,22,0.09163820517572785,7,1,517,4,0,81,0
6069,38,0.1122727583289096,4,2,445,4,0,39,0
6070,27,0.7267405652293196,7,1,284,3,0,58,1
6071,36,0.9443322357482916,1,2,392,1,2,25,1
6072,42,0.6107484949543095,3,2,595,4,0,34,0
6073,21,0.715850015526811,2,2,138,2,0,50,1
6074,46,0.7619697445971535,7,1,329,3,2,46,1
6075,36,0.2628142745529417,9,1,132,2,0,75,0
6076,60,0.045229630920214925,5,2,325,0,0,53,0
6077,19,0.0018727439191685846,9,1,529,1,0,28,1
6078,27,0.35064928295401865,8,2,20,4,0,84,1
6079,60,0.2414642281992161,1,1,478,0,0,73,0
6080,42,0.062317725049185646,2,2,457,3,0,10,0
6081,37,0.17952829249366675,6,0,517,2,0,6,0
6082,65,0.1244988982679478,5,0,535,1,1,7,1
6083,36,0.9148783806173704,7,2,224,4,0,57,1
6084,40,0.14026721345916893,9,1,571,2,1,14,1
6085,41,0.5376484639876792,4,2,329,4,0,28,0
6086,28,0.5931059551121646,8,0,557,4,0,37,1
6087,63,0.5434894577086338,4,0,367,2,0,88,1
6088,51,0.09905643421598798,3,2,141,4,2,26,1
6089,72,0.3187983617505512,2,0,589,3,0,65,0
6090,45,0.05127033246315327,8,2,198,1,1,98,1
6091,22,0.395669914096316,8,0,35,0,0,71,0
6092,22,0.188598931271592,3,1,465,1,2,8,0
6093,68,0.5616325332843798,1,1,571,0,0,55,1
6094,38,0.6928083938491005,6,1,437,3,0,8,1
6095,29,0.5321198602047065,5,2,590,1,1,43,0
6096,67,0.43423669661139574,8,2,190,3,0,35,0
6097,21,0.3873334208566924,6,1,96,2,1,61,0
6098,71,0.8416917680970037,4,1,503,0,0,77,0
6099,66,0.21936806506527007,10,1,366,2,1,34,1
6100,59,0.7342183395288688,10,0,149,2,0,97,0
6101,37,0.757482324740119,2,1,42,1,0,93,0
6102,55,0.4192000072707345,8,0,296,4,0,43,0
6103,42,0.29730059922563934,5,1,318,4,1,29,1
6104,31,0.47054148604597523,8,2,217,3,0,62,0
6105,28,0.0932139258926985,5,1,487,1,0,40,1
6106,49,0.04593003222908998,6,0,145,2,0,15,0
6107,28,0.11160319945189179,10,1,327,3,1,94,0
6108,35,0.18714503146222616,5,0,258,2,0,50,0
6109,44,0.504176820338043,3,1,565,3,0,93,1
6110,72,0.8491366361611221,10,0,118,0,0,25,0
6111,71,0.23564233199968698,8,0,141,3,0,6,1
6112,35,0.9351620107467781,3,1,289,3,1,78,1
6113,73,0.9549079089350034,4,1,224,2,0,43,1
6114,40,0.9589046048452052,6,2,228,4,1,37,1
6115,28,0.8375627346763238,2,2,256,2,0,35,0
6116,38,0.3638250407977206,7,2,244,1,1,8,0
6117,61,0.07268391100262306,5,0,175,2,0,71,0
6118,22,0.5688187317664949,10,0,354,4,0,73,0
6119,40,0.5586814439372337,5,2,521,1,0,85,0
6120,58,0.8499757671095955,5,2,594,4,1,17,1
6121,42,0.9959910509461052,2,1,138,1,1,69,0
6122,58,0.5081573065601476,10,2,118,2,0,49,1
6123,71,0.34520403103978425,9,0,577,4,2,43,1
6124,27,0.185901711556267,3,1,258,4,0,91,1
6125,39,0.004799824817370735,7,2,570,0,0,93,1
6126,36,0.5091136924888792,5,2,191,0,0,57,0
6127,18,0.5555186667025958,10,2,129,3,0,35,0
6128,24,0.8249384798173974,10,1,157,0,0,17,1
6129,21,0.5045769678928006,5,1,260,4,0,5,1
6130,18,0.9164683486660565,4,1,389,3,0,33,0
6131,32,0.6280834765714355,10,2,523,2,1,65,1
6132,57,0.8403362382210832,6,1,131,3,0,99,1
6133,29,0.1483017348077471,7,1,407,1,0,76,1
6134,39,0.8553361303023147,7,1,152,3,0,6,1
6135,39,0.6751438544438484,8,1,281,0,0,16,0
6136,67,0.17023303243833054,5,0,566,2,0,60,0
6137,64,0.18976355814601087,7,2,45,1,0,98,1
6138,34,0.9265006190442213,4,1,298,3,0,45,1
6139,46,0.032215360450372876,9,0,20,2,0,31,1
6140,63,0.4625349432957061,5,0,164,0,0,93,0
6141,31,0.31347528993410156,3,2,267,2,0,42,0
6142,67,0.665077439998428,5,2,100,2,1,56,0
6143,37,0.839629387568992,9,1,372,1,0,84,1
6144,67,0.36037812155656956,8,2,32,4,0,36,0
6145,65,0.4269020873228372,1,2,235,0,1,92,1
6146,50,0.9819177845014142,5,2,197,1,0,6,1
6147,72,0.7839165096792028,6,2,506,1,1,70,1
6148,60,0.8972041309317914,10,1,331,1,0,24,1
6149,32,0.43876222065162973,2,0,444,4,1,61,0
6150,29,0.23407620398411522,6,2,485,4,0,66,0
6151,57,0.4118634653864517,9,0,119,3,0,95,1
6152,71,0.7160919178315135,4,0,157,3,0,90,1
6153,37,0.10943040483597932,3,0,36,0,0,52,0
6154,47,0.27046910561650883,9,2,143,0,0,87,0
6155,55,0.046635900461590385,2,2,556,4,0,11,1
6156,20,0.43234773833813156,9,1,27,4,0,71,1
6157,45,0.8274457359796132,10,2,578,4,0,54,1
6158,73,0.0246636882980108,2,2,243,1,0,38,0
6159,43,0.675323526807166,10,2,265,4,0,91,1
6160,47,0.9324958745137396,3,0,50,1,0,73,1
6161,30,0.23692786151118228,7,1,108,1,1,71,1
6162,30,0.6936348407276481,2,0,397,0,0,92,0
6163,19,0.9751019011002003,1,1,334,2,0,95,1
6164,54,0.9622780601524632,9,2,133,3,0,38,1
6165,66,0.23492919302914328,6,2,79,3,0,47,0
6166,55,0.1003310532120687,9,0,337,0,0,25,1
6167,19,0.14828253789591594,3,0,431,0,0,16,1
6168,53,0.7020356684821422,3,0,480,4,2,36,0
6169,71,0.7257588754532756,10,1,288,4,2,51,1
6170,43,0.674236561628199,3,0,594,4,0,90,1
6171,28,0.3360783877422381,2,2,101,1,0,91,1
6172,25,0.16977693975812214,6,1,330,1,2,59,0
6173,61,0.5807610919522531,3,1,375,4,1,69,1
6174,57,0.4836804457578665,5,2,230,1,0,72,1
6175,60,0.7288341471223034,5,0,450,0,0,21,1
6176,39,0.44136007868562144,10,0,320,4,0,30,0
6177,37,0.3386396946864684,3,2,423,3,0,99,0
6178,25,0.2934785773590144,3,2,24,3,0,37,0
6179,46,0.21147032004974653,1,2,568,1,0,68,0
6180,57,0.2657463761866614,6,2,415,3,0,96,1
6181,43,0.09483043884410136,3,1,301,4,0,14,1
6182,47,0.34685701092888954,1,1,99,3,0,50,1
6183,34,0.0365698123629582,10,0,387,0,2,77,1
6184,37,0.1864138471663268,9,1,118,1,1,94,0
6185,69,0.7467704446194291,1,1,591,3,0,55,1
6186,72,0.32546898867662266,5,1,330,1,0,38,1
6187,33,0.6682370169773438,5,2,358,0,0,18,0
6188,63,0.7168841755972774,2,1,125,3,0,45,1
6189,60,0.5811853427321135,1,0,288,4,0,94,0
6190,24,0.9586977413653984,6,1,552,2,1,99,1
6191,33,0.021439866623113257,7,2,439,3,0,42,0
6192,62,0.7386526505881421,9,1,574,0,0,52,0
6193,64,0.958786643940408,8,0,340,2,1,47,0
6194,73,0.8622717293529393,10,1,203,3,0,32,1
6195,65,0.16789269180501332,3,0,178,1,1,45,0
6196,44,0.3268203062517321,9,2,345,0,0,60,1
6197,70,0.1724518398764654,1,0,104,3,2,85,1
6198,40,0.6013083638147041,6,0,312,0,0,80,1
6199,41,0.7121879819794923,10,2,85,4,2,95,1
6200,26,0.3170737693630582,2,0,440,2,0,69,1
6201,52,0.5395065739842955,10,1,479,2,0,64,1
6202,68,0.690920570071195,9,1,327,4,2,17,1
6203,37,0.42133981661104836,9,0,250,2,0,73,1
6204,54,0.8540155304554593,8,1,481,2,0,56,1
6205,59,0.7715499352878171,7,1,3,4,0,47,0
6206,34,0.06466554385057066,6,2,183,1,0,96,1
6207,64,0.621125299090829,2,0,299,2,0,92,1
6208,48,0.2353255509597496,4,1,527,1,0,88,1
6209,72,0.5575182646672753,10,0,155,0,1,44,0
6210,74,0.9568884426329662,7,0,433,0,0,46,1
6211,25,0.8790620045522501,6,1,356,2,0,41,1
6212,32,0.4045164031151317,9,2,527,0,1,88,1
6213,48,0.2915138583443534,5,2,40,4,0,27,0
6214,70,0.234405744408259,6,0,257,2,0,71,1
6215,47,0.5325148697565201,10,2,365,4,0,73,1
6216,63,0.11424845325805633,6,1,554,1,0,83,1
6217,37,0.5492750081282486,8,1,65,3,0,73,0
6218,56,0.0013336394907920157,8,2,207,3,2,62,1
6219,70,0.32384963074584483,6,2,244,2,0,50,1
6220,72,0.21993431383058126,8,0,242,4,0,91,0
6221,29,0.971218789960782,7,2,588,3,2,51,1
6222,66,0.727242319569979,1,0,380,2,0,21,1
6223,34,0.3496533804622377,5,1,222,3,0,13,0
6224,59,0.09284508653062051,10,2,20,3,0,72,1
6225,47,0.516800594690624,10,0,146,0,0,98,0
6226,46,0.2134478813260423,10,0,367,2,2,82,1
6227,36,0.5364295458983578,5,0,312,3,1,34,0
6228,63,0.8353623541788925,10,0,588,2,1,99,1
6229,28,0.6157925521013854,9,1,315,0,2,65,1
6230,51,0.6337884195450022,7,2,402,2,0,69,1
6231,67,0.5410302890628115,7,0,447,0,1,62,1
6232,24,0.9272656326314092,10,2,546,3,0,31,1
6233,61,0.9319026844206033,2,2,125,3,2,70,1
6234,51,0.5127232010735522,8,1,495,3,0,49,1
6235,37,0.3057594871435044,3,2,598,0,0,44,1
6236,67,0.4595870058794439,9,1,44,1,0,65,0
6237,55,0.18655791219561568,6,1,330,0,0,45,0
6238,41,0.6363443153180893,9,0,71,0,0,78,1
6239,27,0.5000923357822332,9,1,97,4,0,92,0
6240,49,0.10330047781327989,7,0,270,3,0,88,0
6241,69,0.19764778111961534,10,1,406,3,0,46,1
6242,32,0.4796319561995268,8,1,443,4,0,66,1
6243,54,0.8875889907188583,2,2,90,1,0,84,0
6244,37,0.5663907206310974,5,0,116,2,0,42,0
6245,20,0.6815350002084708,3,2,513,3,0,64,1
6246,54,0.3390285497439097,1,1,42,3,0,53,0
6247,74,0.5714113930442343,6,0,70,0,0,22,0
6248,57,0.4473798226380674,9,1,143,1,0,98,1
6249,25,0.6591299126231607,2,1,341,1,0,9,1
6250,57,0.05057556607901037,9,2,106,1,1,15,1
6251,61,0.49330021623895914,8,0,385,1,1,8,1
6252,73,0.29599262514396696,9,0,455,4,2,65,1
6253,40,0.32618506127790925,5,0,293,0,0,79,1
6254,57,0.9609174315580614,2,1,175,4,0,16,0
6255,28,0.18269481271138277,10,0,106,4,2,53,0
6256,63,0.3112452525785969,10,1,85,2,0,32,0
6257,25,0.5098925757308718,6,1,509,0,0,94,1
6258,46,0.8630269481496237,7,1,226,1,1,38,1
6259,47,0.41667008320637045,3,0,593,0,0,60,1
6260,73,0.743865280888171,6,2,328,1,1,69,1
6261,27,0.8563740982148024,6,1,240,2,0,10,0
6262,56,0.31001635582184894,8,2,1,3,0,37,0
6263,45,0.39275018353870994,1,0,250,4,0,51,0
6264,66,0.35655622368835627,4,0,41,2,0,28,0
6265,53,0.8328558086179211,1,0,425,4,1,38,1
6266,30,0.04434686195360116,8,0,80,1,1,76,0
6267,49,0.30842108882868,2,0,487,1,0,20,1
6268,53,0.6794085575951299,8,2,261,2,0,84,0
6269,54,0.5654434995653427,3,0,394,3,1,20,1
6270,43,0.4362893592936943,8,0,247,3,1,88,0
6271,39,0.5399482272213844,6,0,329,4,0,18,0
6272,21,0.19758458582831828,1,0,547,1,1,63,1
6273,48,0.4307166216080104,7,0,97,1,2,66,1
6274,35,0.5017029841763491,7,1,144,3,0,94,0
6275,55,0.9011891219546017,6,1,126,1,2,70,0
6276,41,0.26083516280397634,1,2,303,1,1,23,0
6277,73,0.8678285021649326,5,0,578,2,1,65,0
6278,40,0.6442414008259819,1,2,378,3,0,70,0
6279,39,0.020340831067600984,1,2,146,3,0,30,0
6280,19,0.7246313368993936,6,0,80,0,0,93,1
6281,48,0.03555187754905509,8,0,241,3,1,53,1
6282,72,0.9973811268138131,1,1,576,3,0,23,0
6283,28,0.8726366876911978,2,0,582,0,0,53,1
6284,45,0.29734374754004567,5,1,547,1,0,85,1
6285,63,0.2574112301967054,8,2,66,1,0,34,0
6286,49,0.3814410821056089,4,2,594,4,1,80,0
6287,22,0.35616696531444303,5,1,474,1,1,61,1
6288,55,0.37233781838538105,10,1,578,3,1,89,1
6289,27,0.3182765461194804,5,0,432,4,0,40,0
6290,57,0.6211334068483314,3,1,301,4,2,44,1
6291,63,0.16426366372062395,6,1,374,1,0,32,0
6292,41,0.8459812924460132,5,0,574,4,0,50,0
6293,52,0.8124024840313153,2,2,77,0,0,77,1
6294,61,0.47648320785527043,10,1,29,4,2,86,1
6295,65,0.8527299652785476,4,0,351,2,0,92,0
6296,40,0.2471450700302933,4,0,114,0,0,36,0
6297,34,0.017565455703966948,7,1,331,3,0,91,1
6298,18,0.619207925029823,7,2,504,1,0,62,0
6299,72,0.4579094069647154,9,0,153,1,2,80,1
6300,48,0.5671645462958707,10,1,534,2,0,30,0
6301,48,0.899339409018403,2,2,368,1,0,74,1
6302,59,0.9699255735659434,6,1,357,3,1,73,1
6303,74,0.634453139755603,2,0,301,4,0,91,0
6304,72,0.7640555898524384,9,0,450,1,0,54,1
6305,59,0.08380843348716427,2,0,306,3,1,83,1
6306,70,0.16071558489150561,6,1,62,0,2,36,0
6307,73,0.7332048049529766,8,0,275,3,0,62,0
6308,51,0.43136545638800194,6,1,510,2,1,68,1
6309,26,0.4459652704044057,3,2,534,3,0,81,1
6310,39,0.3086076816354366,5,2,386,1,0,32,0
6311,30,0.6073563834777438,4,2,457,4,0,76,0
6312,42,0.1851650454162026,1,2,407,3,0,84,1
6313,65,0.6269162793138956,5,0,385,2,0,43,0
6314,35,0.17379885713523968,10,0,389,0,0,84,1
6315,68,0.0638260347097136,5,1,228,2,0,49,0
6316,29,0.330357688699061,7,2,226,0,1,17,1
6317,57,0.23114034200984768,7,2,326,3,0,24,1
6318,34,0.8889916385563323,2,1,334,4,1,62,1
6319,32,0.0549534538686266,4,1,276,2,0,23,0
6320,59,0.17661369257412285,1,1,229,4,0,79,1
6321,32,0.5487196055830494,5,1,156,3,0,95,0
6322,32,0.4810671908474736,5,2,12,4,0,84,0
6323,72,0.04585201837470154,4,0,502,4,1,13,0
6324,56,0.007252428015144474,10,2,196,2,0,81,1
6325,30,0.9880679419611499,7,1,102,3,2,23,0
6326,34,0.6588347003588382,6,0,169,4,0,98,1
6327,49,0.3654061309015568,10,2,108,0,0,59,1
6328,26,0.4704322476632413,3,1,375,1,0,43,0
6329,57,0.26655012045428694,2,0,125,0,0,21,0
6330,37,0.34487378369320976,4,0,384,4,0,66,0
6331,43,0.649044467268214,9,1,147,3,0,98,1
6332,44,0.8828117988673707,10,0,0,0,1,97,1
6333,38,0.18413002308118487,5,2,551,3,0,64,1
6334,35,0.8403615053853187,1,2,6,0,1,46,1
6335,30,0.12155662951826907,3,2,162,3,0,6,0
6336,33,0.2149922235883912,9,0,435,4,0,54,1
6337,26,0.03717528804964598,7,0,433,2,0,71,0
6338,29,0.14081186209299945,3,1,324,0,0,24,1
6339,61,0.9173031454640506,1,1,156,3,1,5,0
6340,55,0.4594387466183786,4,0,113,0,1,9,1
6341,36,0.07766586177835355,9,2,111,3,1,43,0
6342,24,0.9597268380389613,7,0,454,3,0,91,1
6343,74,0.8789923077586501,5,2,72,2,2,22,1
6344,52,0.7546825208681412,6,1,192,3,0,72,1
6345,65,0.9334727919475578,1,0,474,0,0,94,0
6346,35,0.22012942083576414,7,0,272,4,2,26,1
6347,33,0.8363692930100863,5,0,93,1,2,34,1
6348,72,0.6899911963543062,7,2,514,3,0,94,0
6349,56,0.8697592495676884,5,1,219,1,0,5,1
6350,21,0.7969115657426298,5,2,4,4,0,74,1
6351,42,0.346495063176825,3,1,193,1,0,85,0
6352,49,0.7743985370172556,5,2,53,3,1,99,1
6353,57,0.2624563029848903,8,1,208,0,0,55,1
6354,30,0.32859216302805483,8,2,587,2,0,72,1
6355,62,0.10790571722297615,2,0,496,3,0,78,0
6356,34,0.9350766159804688,1,2,454,3,1,65,1
6357,66,0.29100336340028155,2,0,79,2,0,52,1
6358,54,0.5206224651714518,7,0,7,2,2,57,0
6359,23,0.39133283646619266,3,0,90,2,1,38,0
6360,36,0.9599281205835015,8,2,345,2,0,90,1
6361,30,0.3350491709384824,4,0,350,2,0,90,1
6362,74,0.778545821422689,10,2,209,3,0,11,1
6363,43,0.85541615463118,10,1,257,1,0,43,1
6364,31,0.4356064974809659,8,2,40,0,2,41,0
6365,48,0.37817181445293124,2,2,303,3,0,67,0
6366,71,0.747745820932628,5,2,240,4,1,59,0
6367,21,0.9128959803062341,6,1,533,3,0,19,1
6368,56,0.7549317330722383,1,1,244,3,0,87,1
6369,25,0.2271263655918656,1,1,590,1,0,78,0
6370,42,0.8883077474377054,9,0,303,2,1,66,1
6371,30,0.3875816674368331,5,2,534,4,0,72,1
6372,49,0.5762294117779343,4,2,110,1,0,54,0
6373,55,0.831435619292711,1,0,129,0,0,45,1
6374,55,0.1883947674004922,3,0,361,4,0,65,0
6375,73,0.7845101356775531,4,2,259,4,0,29,0
6376,45,0.5961627979106775,5,0,530,1,1,32,1
6377,70,0.8933416418276082,10,0,560,4,0,86,1
6378,47,0.17197040184354295,5,1,585,3,0,39,1
6379,20,0.42068223704092844,10,0,213,3,0,87,0
6380,45,0.8328430928668374,8,0,52,2,0,57,0
6381,20,0.019231703456760174,3,2,189,1,1,88,1
6382,62,0.11220136676564285,7,0,490,3,1,43,1
6383,71,0.9905652127567347,6,0,143,4,1,63,0
6384,51,0.28039417859035054,10,0,179,4,1,69,0
6385,33,0.9755431937239534,10,1,518,3,0,5,0
6386,39,0.1825315510086739,10,2,67,1,2,49,0
6387,49,0.3610944430073356,6,1,107,1,0,23,1
6388,55,0.7528694445035706,10,0,184,0,1,52,1
6389,25,0.6577784072381785,9,2,150,1,0,53,0
6390,72,0.5811223999290556,7,2,589,3,0,77,1
6391,25,0.5298991758050076,7,0,474,0,0,18,0
6392,74,0.8434404436647402,1,1,101,4,0,71,0
6393,23,0.23494856283339272,1,0,138,3,0,34,0
6394,31,0.4424709269935184,9,1,387,2,0,69,1
6395,49,0.15545229215645728,9,0,488,2,0,73,0
6396,52,0.5959415957307044,10,2,57,1,1,91,1
6397,27,0.2505444242713202,3,2,87,0,0,10,0
6398,20,0.3338420643433858,8,1,121,0,0,88,0
6399,29,0.47125071662352813,9,0,243,4,1,50,0
6400,66,0.026770585703127847,1,1,66,1,0,46,0
6401,48,0.09193793592083765,3,2,293,0,0,76,0
6402,46,0.6859292207082196,6,2,129,3,2,65,1
6403,22,0.42896998071750725,4,1,39,4,0,35,0
6404,69,0.8647902219998954,8,1,211,0,0,83,0
6405,42,0.6946720036441995,9,1,55,2,0,30,1
6406,58,0.008100941647322446,7,1,290,2,1,62,1
6407,48,0.6167123307671348,1,1,351,0,0,37,1
6408,38,0.09372486605971642,2,0,121,2,0,56,1
6409,37,0.7809331797904943,1,1,94,3,0,36,1
6410,56,0.991507688278502,9,1,427,4,0,58,1
6411,39,0.5311987942415115,4,2,448,3,0,5,1
6412,21,0.6827795001941304,10,2,343,2,0,9,0
6413,30,0.23731416089475155,8,0,547,0,0,26,1
6414,62,0.43759774375379357,5,1,2,0,0,99,0
6415,59,0.8560953322363837,5,1,29,4,1,9,0
6416,67,0.16742294774625122,5,2,254,2,0,12,0
6417,66,0.2655356056137621,5,2,44,2,0,74,1
6418,37,0.4454336752860302,3,2,176,2,0,67,1
6419,69,0.712248891844014,6,1,221,1,0,14,0
6420,30,0.3758839547956738,1,1,121,0,0,66,1
6421,34,0.9277322797830039,8,0,274,2,0,44,1
6422,71,0.09445705126871917,4,2,311,4,0,51,0
6423,53,0.3708041975448475,6,2,417,1,0,84,0
6424,50,0.7089541234284219,2,2,328,2,1,60,1
6425,18,0.22598676566149245,2,2,102,0,0,32,0
6426,32,0.656413134229673,8,2,281,1,0,60,1
6427,30,0.16421695822734594,1,1,244,3,0,5,0
6428,34,0.05598028486168638,8,1,132,4,1,56,1
6429,41,0.12101571674864886,10,2,340,0,0,86,1
6430,25,0.9299847831341347,10,2,21,3,1,66,1
6431,67,0.5517508829395513,1,1,149,0,0,46,0
6432,44,0.796345775479649,9,1,568,4,0,51,1
6433,62,0.3326545009050512,1,0,166,2,0,41,0
6434,40,0.5926586478854466,4,1,344,3,0,15,0
6435,63,0.4949521337049916,9,0,460,3,0,71,0
6436,25,0.945737959402294,1,2,259,1,1,33,0
6437,25,0.7475746360541103,9,2,199,2,0,8,1
6438,43,0.730542631496579,8,2,4,4,0,99,1
6439,64,0.04635326943427953,5,1,299,1,0,15,0
6440,30,0.5496696690036911,6,1,535,3,2,34,1
6441,56,0.46699145390181485,5,2,235,0,0,83,0
6442,54,0.9278422666061945,4,2,539,4,0,83,1
6443,66,0.25734198818953224,10,0,151,1,0,62,0
6444,45,0.2698334532910943,4,1,245,2,0,36,0
6445,42,0.4113462488815004,10,1,4,0,1,33,1
6446,33,0.24336971340637603,8,0,12,1,0,47,0
6447,72,0.1291839178087495,8,2,566,4,0,96,1
6448,19,0.8574148466508008,9,2,464,0,0,89,1
6449,71,0.5582765244039158,3,1,285,1,0,43,0
6450,35,0.8613627189565668,10,1,338,1,0,15,1
6451,34,0.8311347654036959,8,2,213,4,0,31,1
6452,47,0.2820423547896711,3,0,112,2,1,28,1
6453,56,0.547737444324274,2,0,337,0,1,41,1
6454,30,0.08321770274007045,2,0,89,1,1,69,0
6455,49,0.9152518840307584,9,1,475,4,1,36,1
6456,67,0.4042627150651531,4,0,29,1,0,57,0
6457,46,0.39367618388902137,5,1,539,4,0,5,0
6458,63,0.3027553706179532,2,1,467,4,1,60,0
6459,47,0.4606637447107038,9,2,387,1,0,38,0
6460,35,0.25175938654544805,7,2,579,4,0,86,1
6461,30,0.37485227279680455,3,0,356,0,1,33,0
6462,60,0.7999470485848819,6,0,545,4,2,10,1
6463,38,0.8342555035851719,7,1,458,2,0,61,0
6464,47,0.30418247762851613,6,2,470,2,0,99,1
6465,38,0.4690144305527879,10,2,226,4,0,18,0
6466,65,0.8738197762800523,10,1,572,0,0,79,1
6467,72,0.052673331829697134,6,0,190,3,1,73,1
6468,34,0.8891449619957854,8,0,1,3,0,66,1
6469,57,0.2191843456523317,8,1,117,0,0,90,0
6470,36,0.6785392442143758,5,2,307,2,2,55,1
6471,69,0.5825516963846002,4,1,563,4,0,17,1
6472,32,0.5529407481892521,5,1,14,1,0,80,1
6473,26,0.8593602247528214,9,0,423,4,0,8,1
6474,69,0.10157214364466127,10,2,478,4,1,42,1
6475,27,0.34702802532563604,6,0,95,3,1,8,0
6476,61,0.5382527463447656,3,0,54,4,0,34,0
6477,48,0.8112888539460398,3,2,277,3,0,58,1
6478,70,0.2164430834116715,1,0,412,1,2,69,1
6479,40,0.8029298413742763,5,1,244,4,0,65,0
6480,69,0.39963848249393574,6,1,395,0,0,53,0
6481,47,0.1889138564336954,8,2,470,4,0,35,0
6482,50,0.7589864404434826,9,1,37,0,0,46,1
6483,74,0.09089890147454782,7,1,139,3,0,54,0
6484,69,0.5147673740754429,1,1,182,4,2,27,0
6485,26,0.06387578386188841,7,1,212,3,0,82,0
6486,71,0.35641785515778757,10,0,125,0,1,85,0
6487,64,0.6010767990063927,9,1,139,3,1,64,1
6488,18,0.5561155414872131,4,2,478,2,0,36,0
6489,61,0.4046554179046665,7,0,520,0,2,60,0
6490,52,0.4290479939721157,9,1,462,3,0,60,1
6491,28,0.22676955335076654,1,1,31,4,0,91,0
6492,51,0.4558825884241029,10,2,234,3,0,38,0
6493,33,0.9532548557208342,9,0,72,1,0,45,0
6494,26,0.8504529177837904,4,1,471,0,0,43,0
6495,49,0.1452328690763438,8,2,593,3,0,90,1
6496,32,0.02978078732092093,3,0,291,2,0,46,1
6497,29,0.9335243127166306,2,0,287,1,0,70,1
6498,50,0.5267497498807476,8,1,212,0,1,24,1
6499,62,0.5378378231493077,8,2,166,1,1,18,1
6500,31,0.7807179957065223,3,2,48,4,0,42,1
6501,74,0.31468897387132655,8,1,220,2,1,41,1
6502,74,0.48190756883600216,6,1,401,4,0,41,1
6503,25,0.9686629131467376,10,1,288,3,0,16,1
6504,25,0.6721486869324071,9,2,178,1,0,96,1
6505,44,0.15374503199578593,10,0,170,4,1,60,1
6506,29,0.1332267479843533,6,1,3,3,1,12,0
6507,18,0.2042647583330054,8,1,335,2,0,97,0
6508,60,0.7667116744207175,2,0,194,4,0,25,1
6509,57,0.29537700384061605,1,0,463,1,0,43,0
6510,59,0.021388846675079787,10,2,556,4,1,52,0
6511,68,0.9441743635056619,10,1,466,2,2,22,1
6512,28,0.16971341639491067,2,2,343,3,0,67,0
6513,56,0.009558186148068581,4,0,207,4,0,87,0
6514,60,0.23713160238332298,10,1,502,4,0,78,1
6515,48,0.2350287871181337,9,2,129,0,2,13,1
6516,34,0.42200525084572305,7,2,0,3,2,91,1
6517,50,0.9203898315000368,9,0,486,0,2,34,1
6518,49,0.8791849177790979,9,1,447,0,0,90,1
6519,46,0.4568945549824279,9,2,322,2,0,63,0
6520,38,0.4108999049918065,8,2,23,2,1,59,0
6521,38,0.5550090864748513,6,0,376,1,1,97,1
6522,57,0.24345401197176575,10,1,155,3,0,74,0
6523,40,0.05218499196636284,7,0,271,3,1,54,0
6524,73,0.9392241361712067,2,2,92,2,2,65,1
6525,23,0.18669898487717274,1,1,523,2,1,39,1
6526,39,0.1984007292457164,5,0,120,0,1,18,0
6527,67,0.4724603288539476,8,1,451,2,0,73,1
6528,55,0.4916133448403307,3,1,586,4,1,50,1
6529,54,0.018434209700741944,7,1,321,3,0,86,1
6530,62,0.1479547387739707,5,2,30,1,0,39,0
6531,68,0.37815481856074173,10,1,433,0,0,98,1
6532,71,0.6837306935105391,8,0,128,4,0,75,1
6533,25,0.22841845683193585,6,1,452,2,0,46,0
6534,58,0.42301444624176265,6,1,435,1,0,57,1
6535,66,0.5573450647164668,7,2,506,2,0,23,1
6536,52,0.888592494623292,7,0,316,4,0,49,1
6537,68,0.3260705023271233,4,1,463,1,0,58,0
6538,28,0.13355826586348352,10,2,327,2,1,68,1
6539,41,0.4892722258976082,10,2,108,4,0,79,1
6540,66,0.7467216016840621,10,1,525,4,1,45,0
6541,38,0.10985975705273343,8,1,474,1,0,21,1
6542,68,0.4246834916969604,6,1,391,4,0,15,0
6543,19,0.017785141262483428,8,2,112,2,0,96,0
6544,57,0.033559181647251135,7,1,285,1,1,7,0
6545,36,0.4829533632166656,1,2,346,0,0,14,1
6546,56,0.29819729815092944,4,0,260,4,0,28,0
6547,45,0.8451072990054121,7,1,306,2,1,60,1
6548,34,0.6021543061264543,9,0,33,1,0,30,1
6549,23,0.45393296174299036,2,0,168,0,0,73,0
6550,36,0.40793537105429634,5,0,344,0,0,28,1
6551,73,0.49724548018956327,9,2,145,3,0,48,1
6552,55,0.04043883121266134,9,2,531,3,0,30,0
6553,45,0.8927933564206599,6,2,537,1,2,75,1
6554,19,0.9983031557339583,7,2,245,4,0,80,1
6555,55,0.18148712485869867,9,0,340,2,0,61,1
6556,72,0.12038296477461974,10,2,553,4,0,40,0
6557,54,0.14357746344859523,8,0,80,2,0,21,1
6558,68,0.6610270582343671,10,0,190,2,2,84,0
6559,69,0.6614408384507747,6,2,282,3,2,99,1
6560,21,0.8479241622784109,6,0,488,3,1,22,0
6561,39,0.7518263884262533,7,2,34,4,0,70,0
6562,43,0.44968967336933974,7,0,293,1,1,14,1
6563,66,0.6128553615653188,2,1,41,2,0,65,1
6564,60,0.6882846703680079,9,2,169,3,0,43,0
6565,53,0.5127364702852252,4,0,568,1,0,18,0
6566,30,0.47565098445163667,10,2,565,3,0,51,1
6567,69,0.6450974456426533,9,0,393,2,2,14,0
6568,49,0.5574745489756537,10,2,187,0,2,59,1
6569,34,0.6439423053359103,3,1,295,3,2,96,1
6570,58,0.6128547739633639,5,1,384,1,0,28,0
6571,53,0.7191965605136547,5,2,597,4,0,44,1
6572,72,0.6428035087828761,7,2,63,4,2,67,1
6573,63,0.5197424864372673,4,0,80,2,0,38,1
6574,36,0.6817968112843865,4,0,184,0,0,53,0
6575,52,0.44948196518542805,1,2,460,3,0,67,1
6576,63,0.24167122597260104,6,1,344,3,0,13,1
6577,57,0.0014182201339154599,4,1,537,0,1,51,0
6578,73,0.5599641471458432,10,2,237,2,0,97,1
6579,45,0.590655226608641,10,0,295,2,0,49,1
6580,18,0.9720489647757143,5,2,486,1,0,40,1
6581,59,0.36147833409427554,9,2,368,1,0,13,1
6582,35,0.39413324282831175,4,1,298,1,0,15,0
6583,65,0.20179958134219023,1,1,89,2,0,89,0
6584,57,0.07053429523732191,9,0,439,3,2,81,0
6585,50,0.7728044928617406,5,0,528,4,1,28,1
6586,29,0.24968106433932502,10,2,87,2,0,5,0
6587,25,0.6089048610300379,7,2,23,0,1,65,1
6588,41,0.6877730355454815,3,2,331,4,1,89,1
6589,33,0.4712366872916477,4,2,57,2,0,73,1
6590,67,0.8763521130271916,10,1,463,2,0,25,0
6591,21,0.44379484097972877,9,0,188,1,1,8,0
6592,55,0.2849086230417651,10,0,463,3,0,62,1
6593,61,0.8960155229616223,1,0,221,3,0,76,1
6594,44,0.8615642842499565,5,0,352,4,1,97,0
6595,26,0.164039947076413,8,1,50,2,0,11,0
6596,64,0.02596101835392095,10,2,87,1,1,5,0
6597,33,0.08998555634962069,7,0,221,0,1,73,1
6598,73,0.28654739855381706,4,0,487,2,1,81,0
6599,29,0.9722598017417107,7,2,166,1,0,68,1
6600,48,0.558516153160825,1,1,100,0,2,94,0
6601,41,0.3732617320292688,6,1,423,0,0,80,0
6602,72,0.8887160946127464,9,0,524,4,1,12,1
6603,31,0.45313633147849963,3,0,146,3,0,64,0
6604,62,0.3152386284010211,4,0,261,3,0,38,1
6605,42,0.9412195287456574,8,1,145,4,0,90,1
6606,51,0.849517666192678,5,0,487,2,0,13,0
6607,20,0.843668375419441,5,2,520,1,0,77,1
6608,41,0.5122847430502131,1,1,80,3,0,49,0
6609,71,0.789438398815455,6,1,579,4,0,86,1
6610,59,0.17935335926455187,2,2,125,3,0,21,0
6611,26,0.5732229575562436,1,2,561,3,0,11,0
6612,43,0.9838459228475457,6,1,581,3,0,55,1
6613,37,0.29095843051796166,5,0,138,2,0,20,0
6614,57,0.7943523292476752,5,1,138,4,1,61,1
6615,27,0.49047840720806724,9,0,71,3,0,96,0
6616,36,0.03980568322208733,10,2,244,3,0,29,0
6617,20,0.7630193978156674,10,0,578,4,0,26,1
6618,41,0.1685691443921128,3,2,209,0,0,59,0
6619,22,0.6314735671327502,1,0,193,2,0,38,1
6620,20,0.0856641940469729,8,0,537,2,0,19,0
6621,44,0.9468673974959648,5,2,331,1,0,20,1
6622,33,0.2917238871803609,5,0,510,1,0,20,0
6623,66,0.2264646916773949,8,1,292,0,0,42,0
6624,32,0.1291364040663343,8,0,35,1,0,90,0
6625,52,0.9460021933390478,2,1,527,3,0,97,0
6626,29,0.7119037424413052,3,2,77,3,0,36,0
6627,58,0.7416608887180887,10,0,20,1,1,47,1
6628,70,0.4994045613802446,10,0,244,2,0,92,1
6629,61,0.4747277852704834,1,1,394,0,1,54,1
6630,43,0.11002124299147664,3,1,53,3,2,91,0
6631,64,0.5598410955839918,4,2,92,0,2,61,1
6632,51,0.24691649510879043,7,1,292,1,0,42,0
6633,40,0.9771453328004058,9,1,375,4,0,27,1
6634,48,0.7965809400151473,5,1,175,0,0,93,1
6635,67,0.4129920601928876,1,0,189,0,1,94,0
6636,37,0.15134125869153303,2,0,191,1,0,40,0
6637,29,0.785331691138784,10,0,67,1,0,54,1
6638,40,0.12205376708131599,2,0,323,3,0,17,0
6639,21,0.1893337534970705,9,0,154,4,0,8,0
6640,40,0.21152051774422742,10,1,453,4,1,40,0
6641,65,0.5568906382730944,7,1,225,0,0,67,0
6642,72,0.7870566539903663,2,0,232,4,0,88,1
6643,65,0.3143148787246922,1,0,507,1,0,97,1
6644,18,0.08466981427528941,5,2,103,1,0,83,1
6645,71,0.4645384635244192,1,2,465,1,0,58,1
6646,42,0.7481102411599355,9,1,427,0,0,83,1
6647,19,0.2216638430873883,3,2,441,2,1,81,0
6648,47,0.21992454803937422,2,1,125,1,1,64,1
6649,20,0.9472270273467108,6,2,35,4,0,18,0
6650,38,0.9541537271191779,3,0,237,4,1,64,0
6651,42,0.9904657320615764,5,0,241,1,0,64,1
6652,37,0.8076596015747801,10,1,132,2,0,26,1
6653,66,0.18818416916794556,8,1,226,0,0,69,1
6654,69,0.21198152079926136,10,1,402,1,0,69,1
6655,39,0.340225241522392,2,1,395,0,0,35,0
6656,38,0.31813253133349084,5,2,89,2,0,69,1
6657,50,0.9565277490780091,8,0,254,1,0,92,1
6658,69,0.7890739828816936,1,2,82,1,0,26,1
6659,55,0.7240087921615539,10,0,499,1,0,91,0
6660,32,0.18596322405813182,10,0,308,3,0,70,1
6661,63,0.9095255593623296,4,2,531,1,0,90,1
6662,69,0.8278703795061738,5,1,83,1,0,77,1
6663,32,0.1636418413279237,10,2,26,2,2,8,1
6664,63,0.8711703319609725,3,2,569,2,1,93,1
6665,42,0.2722475363704713,2,2,378,3,0,83,1
6666,38,0.08086974583210604,3,0,329,1,0,92,0
6667,41,0.65682230651421,5,1,392,4,0,11,1
6668,74,0.6538046593843306,7,0,216,0,1,76,1
6669,22,0.09493200956561809,2,2,380,1,0,31,0
6670,23,0.3188518089365824,7,2,507,3,0,95,1
6671,66,0.9928144622555386,6,0,282,4,1,49,1
6672,60,0.6784266670087369,7,0,213,2,0,65,0
6673,65,0.7300751666033292,7,1,155,0,0,98,1
6674,61,0.21291728560430567,9,2,529,3,1,43,0
6675,64,0.07878207100391432,7,0,158,2,1,97,0
6676,40,0.27690168974093765,6,0,40,1,0,9,1
6677,21,0.24889838519319196,10,0,504,3,1,86,1
6678,44,0.2345441007480531,8,0,518,1,0,83,1
6679,35,0.19275432188703956,7,2,4,3,0,94,0
6680,38,0.5747556906554043,6,1,20,3,0,59,0
6681,45,0.32810347584182176,4,0,241,1,0,6,1
6682,52,0.8203450150475304,7,0,105,3,0,99,1
6683,39,0.183947417847384,8,1,342,2,0,29,0
6684,57,0.4646270708685445,8,2,416,2,1,93,1
6685,40,0.013657836426079983,4,0,37,0,0,36,0
6686,20,0.48168232245519205,10,1,598,0,0,62,0
6687,57,0.05583822087647439,9,1,335,3,0,26,0
6688,67,0.9777235118726436,3,2,472,2,0,56,0
6689,27,0.7905921286504128,9,1,112,1,0,78,1
6690,42,0.4901114766364554,3,2,250,3,0,65,1
6691,69,0.08658735817935026,7,1,344,1,0,80,1
6692,66,0.5924454407904143,4,0,70,4,0,25,0
6693,25,0.7587637507018775,5,2,263,0,1,66,0
6694,72,0.1907172530047453,3,1,580,3,1,19,0
6695,28,0.5682083407874908,2,0,383,3,0,15,1
6696,22,0.814210898382868,8,1,390,1,0,50,1
6697,62,0.7682477776463164,7,0,597,0,0,75,1
6698,70,0.8029920178671529,7,2,561,1,0,92,1
6699,72,0.8793234248697198,8,0,472,1,0,34,1
6700,54,0.9376821021594702,1,1,510,0,1,18,1
6701,73,0.40552115520353593,8,0,133,4,0,44,0
6702,62,0.5687691025228773,10,0,388,2,2,74,1
6703,55,0.7906595260456108,5,2,60,2,0,54,1
6704,46,0.6971398139457832,8,0,469,4,0,50,0
6705,22,0.9955202282643788,9,0,350,0,2,76,1
6706,26,0.01367765110464414,2,1,57,3,0,40,0
6707,65,0.3551332153157907,3,1,184,0,1,60,1
6708,19,0.28102792627020245,6,2,202,1,0,16,0
6709,18,0.2623158501655346,9,2,31,0,1,73,0
6710,57,0.22252978249888578,10,2,168,2,0,81,0
6711,68,0.7091238408152291,10,1,21,3,0,23,0
6712,47,0.08475947327532185,8,0,78,4,0,26,1
6713,28,0.7416088339433383,6,2,135,0,0,16,1
6714,45,0.6934258420162734,5,1,301,3,0,36,0
6715,61,0.2508041325008964,3,1,386,3,2,42,0
6716,29,0.25283378316516125,4,2,588,2,0,65,1
6717,56,0.6288605853445022,7,1,541,1,0,42,1
6718,43,0.7621711054836778,7,0,283,3,0,85,0
6719,30,0.8764856130873655,3,1,328,3,1,94,0
6720,25,0.8521395638544758,4,1,459,0,1,84,1
6721,71,0.9648829941638531,3,0,152,4,0,16,1
6722,45,0.5813848953365112,2,2,486,0,0,50,1
6723,47,0.9086555613403596,6,1,594,2,1,84,1
6724,26,0.8085132732604108,7,0,190,3,0,73,1
6725,56,0.8946676243140136,4,2,51,1,0,76,1
6726,48,0.011626601285366633,5,0,594,3,0,75,1
6727,38,0.965902991865811,8,1,340,1,0,95,1
6728,73,0.4735301628464783,9,0,524,1,0,30,1
6729,64,0.7981829895748429,7,2,16,1,0,81,1
6730,51,0.12720411933778086,10,2,241,4,0,50,0
6731,72,0.3959410958139741,1,2,339,0,0,21,0
6732,48,0.2714606630209909,3,0,410,2,0,11,0
6733,69,0.291658770500937,5,0,293,4,0,77,1
6734,42,0.12325561995088175,3,2,27,4,0,78,1
6735,29,0.805763832543007,1,2,409,1,0,68,1
6736,18,0.00924231458107816,2,2,358,4,0,46,1
6737,72,0.3125054569852025,8,1,415,2,0,57,1
6738,39,0.17441054321641503,7,1,181,2,0,18,1
6739,57,0.5890389406083405,10,1,339,3,0,41,0
6740,54,0.25425240261454385,3,2,352,4,1,17,0
6741,64,0.25899845452809966,4,1,68,3,0,76,1
6742,18,0.4883381439953187,3,2,476,2,2,56,1
6743,18,0.6526890393409257,4,0,324,4,0,78,0
6744,74,0.12130470456516362,8,2,493,1,0,37,1
6745,59,0.17551145246549615,9,2,294,1,0,24,1
6746,71,0.2471747445945176,7,1,208,4,2,72,1
6747,59,0.9737482141179605,9,0,156,3,0,5,1
6748,38,0.39715249994292035,9,0,74,3,0,87,0
6749,32,0.5989900906310265,7,0,286,1,0,92,0
6750,34,0.24154281271597788,7,1,230,3,0,65,1
6751,39,0.4904595251574879,8,1,576,1,0,58,1
6752,55,0.07411917438595805,10,1,270,0,0,79,1
6753,52,0.03474214592232694,3,1,82,1,0,90,0
6754,62,0.4687335268214602,8,1,585,0,1,41,1
6755,33,0.39865928751841206,1,2,264,4,0,71,0
6756,25,0.13688031969182768,6,0,268,0,0,85,1
6757,64,0.6876014289207337,2,1,300,2,2,44,1
6758,34,0.9929034908992644,7,0,89,3,0,24,1
6759,34,0.39564682119671246,3,1,359,0,0,39,0
6760,71,0.6245586359173945,10,2,299,2,0,44,1
6761,43,0.9629759423644857,5,0,1,2,0,83,1
6762,30,0.8315349724468752,10,1,412,3,0,79,1
6763,34,0.46355222330268575,2,2,175,1,0,17,0
6764,55,0.7374894844599194,1,2,124,2,0,94,1
6765,34,0.12813504025052402,5,0,578,0,1,27,1
6766,65,0.5121038554637992,9,1,177,3,1,17,0
6767,31,0.27906027717993653,9,2,4,0,1,52,0
6768,62,0.1611636878961611,7,2,116,1,2,54,1
6769,23,0.42628090625453485,9,2,430,3,1,84,1
6770,52,0.13101455443361443,4,0,389,2,0,82,0
6771,63,0.6989851081744856,3,0,478,0,0,56,1
6772,31,0.4562400440533355,4,1,470,0,0,97,0
6773,64,0.5311446325646638,7,1,349,2,0,96,1
6774,25,0.146375938668157,8,0,83,2,0,31,1
6775,32,0.13977166109349448,2,0,226,1,0,42,0
6776,71,0.5834154352601241,5,0,452,1,1,81,1
6777,44,0.9850097478294463,5,2,446,2,0,71,1
6778,30,0.09625058323772562,9,0,110,3,0,73,0
6779,66,0.28573142856578126,3,1,322,2,0,63,1
6780,48,0.8694591165378875,6,2,523,2,0,84,1
6781,70,0.07227201225523694,10,0,538,4,0,35,0
6782,73,0.8758857213669513,5,1,104,3,2,90,1
6783,52,0.5242859833747512,2,0,85,3,2,7,1
6784,23,0.40826677392642585,2,1,502,1,0,73,1
6785,22,0.30968056435145586,4,2,505,1,2,71,1
6786,39,0.2971171581278419,4,2,155,1,0,83,0
6787,66,0.3058025824494788,7,1,495,0,0,19,1
6788,40,0.8848030809601958,1,1,385,3,0,31,1
6789,42,0.7237952301747855,6,2,462,4,1,81,1
6790,51,0.6697230078311506,9,2,542,1,0,22,1
6791,43,0.7987491489520008,2,1,112,1,0,14,0
6792,64,0.257114663004145,5,1,445,1,0,36,1
6793,22,0.6180428120817557,10,0,286,1,0,72,1
6794,43,0.46006623895795096,10,0,200,1,0,70,1
6795,37,0.7824416352001934,4,2,378,0,1,34,1
6796,23,0.3092561104732855,4,2,512,4,0,56,0
6797,23,0.6431786168698957,8,0,264,3,2,99,0
6798,67,0.8822124118173135,6,0,187,4,2,61,1
6799,35,0.4021504761949287,7,2,356,2,0,50,0
6800,21,0.06662208736746145,9,2,240,3,0,7,0
6801,34,0.5160508223417928,3,1,192,1,0,67,0
6802,74,0.34597248780702594,2,1,109,2,0,48,0
6803,31,0.672225380547175,3,2,498,2,0,73,1
6804,31,0.9510329247486061,8,0,64,2,0,82,0
6805,30,0.485608317996847,9,1,64,2,1,59,1
6806,24,0.46619023015553385,10,2,316,1,0,62,0
6807,61,0.6545848001914603,5,0,94,2,0,66,0
6808,72,0.10349750359356769,8,0,458,4,0,11,1
6809,32,0.25350618892501464,7,2,394,1,2,83,0
6810,36,0.9189793255003985,9,1,195,2,0,23,0
6811,60,0.6699426133637663,4,1,549,2,0,23,0
6812,64,0.013444043983416254,10,2,38,4,0,85,1
6813,61,0.20462547255901986,3,0,148,0,0,52,0
6814,52,0.682837266028899,9,1,375,0,1,81,1
6815,34,0.7643992025625742,8,2,365,4,0,61,0
6816,52,0.8398595726740419,7,1,455,0,0,25,1
6817,36,0.2921768033820449,1,2,275,3,1,5,0
6818,37,0.9310285962775626,2,1,554,3,0,86,1
6819,53,0.5529468935778924,9,1,509,3,1,28,1
6820,52,0.6965390223878929,5,1,237,0,1,34,1
6821,49,0.596738862779908,1,2,404,3,1,66,1
6822,65,0.12274005467462046,9,2,162,3,2,75,1
6823,61,0.9631146593848798,1,0,319,0,0,31,0
6824,57,0.12287557989415265,8,1,68,4,0,56,1
6825,41,0.2548819564111836,5,1,108,1,0,31,0
6826,34,0.8136278802229802,6,2,179,3,0,71,1
6827,24,0.6185969615011014,1,1,131,0,0,84,1
6828,60,0.838149165376357,2,2,518,1,1,8,1
6829,67,0.5157361883740449,7,0,454,1,0,49,1
6830,18,0.37699323536663487,2,1,407,2,0,61,1
6831,52,0.9218454995477849,5,2,184,1,0,5,0
6832,49,0.03625231751479485,9,2,456,3,1,48,0
6833,53,0.8561302203530459,5,1,504,4,0,94,1
6834,30,0.23081778518778162,3,0,509,3,0,71,0
6835,23,0.8487363277539678,6,2,289,2,0,8,0
6836,31,0.1391966134168856,7,1,244,1,0,37,1
6837,54,0.5802189636905405,10,0,37,2,2,54,0
6838,65,0.888107919011472,10,2,114,3,2,9,1
6839,32,0.4735396468988905,8,0,497,3,0,97,0
6840,64,0.7465666738033929,3,2,336,3,0,56,0
6841,21,0.8046716178555584,4,1,458,4,1,15,0
6842,57,0.7364942087167792,10,1,118,3,0,7,1
6843,33,0.9253297368745983,4,1,55,3,0,22,0
6844,45,0.44683423051992865,2,0,423,1,0,34,0
6845,33,0.17312543916515577,7,0,119,4,0,85,1
6846,21,0.047811063702479784,4,1,49,1,2,50,0
6847,62,0.2464598696375051,4,2,364,2,0,98,1
6848,43,0.1431975038802421,8,0,372,0,1,98,0
6849,45,0.5579487414344805,6,0,361,1,0,21,0
6850,49,0.184945337211732,6,2,81,4,0,43,1
6851,62,0.03893370728937118,9,2,560,1,0,84,1
6852,19,0.03598982886866786,4,1,47,0,1,37,1
6853,48,0.8315694983648616,9,0,237,1,0,70,1
6854,20,0.5914499314430248,1,2,381,0,0,70,0
6855,71,0.35808530189337817,9,2,388,4,0,92,1
6856,25,0.8942280427402469,1,1,334,1,0,9,0
6857,41,0.0701966114077136,7,1,186,4,0,40,1
6858,32,0.9803220727278259,6,0,119,4,1,7,1
6859,60,0.616291790254461,7,2,356,2,0,36,1
6860,48,0.18346425396884847,9,1,362,2,1,18,1
6861,26,0.6790690989769685,10,0,590,1,0,42,1
6862,56,0.7633812597835626,4,1,162,1,0,9,1
6863,62,0.4293427833707745,9,0,7,4,0,50,0
6864,19,0.8616326062455474,3,2,316,2,1,94,0
6865,25,0.1507324072964703,10,1,26,1,1,60,0
6866,24,0.27883758357760835,9,0,275,1,0,85,0
6867,73,0.09349236158398977,1,0,471,1,1,64,0
6868,61,0.21087784060735215,5,2,476,2,0,87,0
6869,68,0.23872881191114503,10,1,177,1,0,79,1
6870,56,0.9176331909217101,5,0,551,4,0,11,1
6871,59,0.0781096887511562,1,0,359,1,0,17,0
6872,74,0.42741512018770944,1,0,235,3,0,29,0
6873,33,0.532398687226913,3,0,32,0,0,16,0
6874,52,0.8986930538021608,9,1,540,4,0,35,1
6875,47,0.9976962186612135,7,1,544,1,0,96,1
6876,27,0.7533881149198358,6,0,99,3,0,19,0
6877,55,0.9707909905690295,9,1,329,2,1,15,1
6878,35,0.7871011325358738,4,1,64,4,0,36,1
6879,67,0.9632026409714166,4,2,121,4,0,84,1
6880,22,0.7072707259444552,3,2,554,1,2,13,1
6881,70,0.07976342545107107,5,0,475,2,1,56,1
6882,46,0.4019201869926765,5,2,126,1,2,45,0
6883,56,0.6465972838024704,10,1,185,3,0,16,1
6884,51,0.350718509454251,7,0,90,0,0,87,0
6885,60,0.2733839181137786,7,2,554,2,0,82,1
6886,62,0.577399267133091,6,0,45,0,0,16,1
6887,40,0.9335018767024349,4,0,24,3,0,68,1
6888,22,0.03498187351615356,7,2,348,4,0,92,0
6889,47,0.7692312035414377,2,1,434,3,0,77,1
6890,23,0.7227272780446271,9,1,329,0,1,89,1
6891,73,0.9639534253882871,7,2,293,2,0,16,1
6892,63,0.9307112223325436,2,2,245,1,1,41,1
6893,61,0.7622325620441929,10,2,165,0,2,9,0
6894,21,0.5204087646825987,2,2,256,2,1,13,0
6895,46,0.20426755323351986,6,0,351,0,0,61,0
6896,40,0.5452357183255744,7,1,188,4,0,24,0
6897,23,0.7653519939196538,9,1,274,4,0,74,1
6898,49,0.8956692126378931,4,2,33,1,0,17,1
6899,59,0.7897120092105491,8,1,555,4,1,84,1
6900,35,0.19526693519105398,10,1,489,3,0,88,0
6901,32,0.5996863142280594,2,1,498,1,1,9,0
6902,57,0.332173459531357,6,2,244,0,1,47,0
6903,49,0.009205667390642991,4,2,253,3,0,85,0
6904,26,0.20022093578866607,8,1,108,2,0,58,1
6905,54,0.11322064993344927,9,2,322,0,0,66,1
6906,27,0.8427191235394685,2,1,113,4,0,14,1
6907,37,0.258506252147812,7,2,484,0,0,34,1
6908,23,0.2846979688875555,7,1,277,4,1,11,0
6909,65,0.9599365717988843,8,2,28,3,0,61,1
6910,73,0.37908672304885216,5,1,397,3,0,15,0
6911,20,0.009585640144394558,3,2,221,3,0,76,0
6912,59,0.28384614834613653,1,2,317,1,0,55,0
6913,28,0.11929958060181245,4,1,270,4,1,68,0
6914,60,0.10280856173585395,3,0,397,0,1,35,0
6915,34,0.07748729013574951,2,1,450,0,0,5,0
6916,49,0.5932594701753773,6,1,342,0,2,93,1
6917,21,0.18934772362985863,7,0,380,1,0,62,0
6918,21,0.36124279404101045,10,2,375,1,0,96,1
6919,34,0.8620177161300168,7,0,339,4,0,91,1
6920,58,0.42433813979627566,8,1,6,1,0,55,0
6921,36,0.9156913500516376,2,0,272,3,0,97,1
6922,22,0.49793805339560626,10,2,287,0,1,26,1
6923,49,0.39883661483975574,6,1,183,3,0,78,1
6924,39,0.7503889270907016,6,1,569,1,1,50,1
6925,73,0.0731750987680021,10,2,185,0,0,21,0
6926,23,0.08947838298241739,1,2,479,2,2,17,1
6927,52,0.6519737139229607,2,1,256,3,1,84,1
6928,39,0.48694071323924826,9,2,503,2,0,80,0
6929,18,0.7904152503192102,8,0,109,4,0,83,1
6930,37,0.9162708373435314,4,0,578,3,1,43,1
6931,39,0.38836687767154754,6,0,147,0,0,23,1
6932,65,0.5964100265846463,2,0,213,0,0,89,1
6933,72,0.5006966277953099,5,2,573,2,1,65,1
6934,28,0.9816106556424329,2,0,567,0,2,9,0
6935,30,0.8310844073565952,5,0,436,3,1,61,1
6936,59,0.9117377082773536,7,1,333,1,1,51,1
6937,20,0.2543400875776042,7,2,428,1,0,83,0
6938,26,0.7725264231625943,9,2,95,0,0,36,1
6939,29,0.2654732249976489,3,2,47,4,0,5,0
6940,40,0.2087425334283899,4,1,277,3,0,83,1
6941,31,0.9442661596555508,9,1,202,4,0,39,1
6942,50,0.019304416717866646,8,2,198,2,1,88,1
6943,35,0.9653887036634297,7,0,507,0,0,35,1
6944,66,0.1492618969888062,8,1,328,2,0,24,0
6945,58,0.8194380817932682,9,1,123,4,0,51,1
6946,26,0.2759225530681031,4,1,199,3,0,28,0
6947,40,0.3507023274307274,5,2,74,4,0,44,0
6948,27,0.21675771132198496,9,0,156,1,1,78,0
6949,36,0.5855140424810796,7,1,133,4,0,82,1
6950,64,0.3480955475078741,4,1,311,4,1,68,0
6951,22,0.6573930394946632,6,2,119,4,0,97,1
6952,64,0.015647317942065975,1,0,11,4,0,77,0
6953,69,0.06437488351503962,1,1,544,3,0,14,0
6954,40,0.09966115273124865,9,2,119,0,0,65,0
6955,47,0.41899368531023107,8,2,82,3,0,6,0
6956,42,0.8147961726599761,1,1,227,2,1,27,1
6957,45,0.8881779103783827,2,2,185,1,1,86,1
6958,51,0.24481074006090076,4,2,210,0,2,69,1
6959,62,0.574369724239014,1,1,42,1,1,62,1
6960,73,0.7683649926926005,2,2,508,1,2,15,1
6961,65,0.2888294299196087,5,0,72,0,0,40,1
6962,64,0.4090077367362732,8,0,18,0,0,67,0
6963,42,0.5239742026857139,6,1,164,2,0,40,1
6964,27,0.1348748464080477,6,0,266,3,0,61,0
6965,31,0.025982293725780314,4,0,439,0,0,92,0
6966,59,0.15280580931828325,2,1,127,2,1,93,0
6967,74,0.6268536212535334,3,2,452,4,0,27,0
6968,63,0.07361826153368167,6,0,300,0,0,58,1
6969,47,0.1896963648501283,6,2,317,3,1,67,0
6970,72,0.3378538856953037,5,1,33,4,0,90,1
6971,58,0.07787006430636634,6,0,97,4,0,37,1
6972,42,0.19169927116163443,6,1,209,4,0,51,1
6973,31,0.9112697889835111,1,2,315,4,0,23,0
6974,52,0.01929913222698476,6,1,319,1,0,38,0
6975,69,0.6534319241743621,5,0,434,3,1,27,1
6976,65,0.3844089309151849,8,1,255,2,1,94,0
6977,51,0.6726487394323711,9,1,553,0,0,90,1
6978,27,0.5886917203634046,6,1,404,2,0,71,0
6979,52,0.22349875435464428,10,2,453,1,0,8,1
6980,28,0.8472094875733885,4,2,188,4,1,79,1
6981,28,0.4919403826093567,3,2,573,0,0,88,1
6982,38,0.8225360189134717,10,2,387,3,0,57,1
6983,38,0.4060125361882192,1,0,142,0,1,19,0
6984,39,0.984685553915239,7,2,221,0,1,93,1
6985,62,0.7704893585012963,5,2,439,2,1,21,1
6986,24,0.9659502051125735,4,0,531,4,0,26,0
6987,72,0.5143264789098588,9,2,279,3,0,38,0
6988,34,0.4736911322907005,7,1,247,0,0,37,0
6989,19,0.7554538093252579,10,2,115,1,0,29,1
6990,29,0.8802912630134302,8,0,404,1,0,18,1
6991,74,0.964145795865558,4,1,254,4,1,54,1
6992,59,0.3245519060324997,10,0,296,0,0,34,0
6993,35,0.7987045738426389,10,1,524,4,0,90,1
6994,71,0.2106455976355367,8,1,557,0,1,26,1
6995,28,0.5455743467454452,4,1,333,3,1,87,1
6996,33,0.17984814840919916,1,0,70,1,0,8,0
6997,66,0.34739736175033886,8,1,58,2,0,76,0
6998,68,0.9313583672064593,1,1,50,4,1,49,1
6999,35,0.14609069977308609,3,1,15,3,0,78,1
7000,52,0.6324008951351965,7,1,503,1,0,32,0
7001,70,0.5929542729274033,3,1,50,3,1,58,1
7002,43,0.12073835270898647,8,2,127,2,0,62,1
7003,33,0.32597904376881215,5,0,169,0,2,89,1
7004,23,0.5629815045152657,3,1,579,0,0,69,1
7005,74,0.18717860898849026,5,1,179,3,0,41,1
7006,61,0.8006236564128154,5,1,327,3,0,58,1
7007,60,0.9721565095347499,8,1,300,4,0,15,0
7008,64,0.21475939996247206,9,1,250,3,0,20,1
7009,64,0.18691196479057592,6,2,517,0,0,82,1
7010,65,0.45493507179744463,10,2,261,3,0,69,0
7011,59,0.7477652771400322,3,1,90,1,1,99,0
7012,29,0.2816006102352514,2,1,193,1,0,48,0
7013,30,0.019879908697280402,3,1,328,0,0,47,0
7014,21,0.541220628032894,9,0,63,3,0,80,0
7015,56,0.9566005677673076,7,0,293,3,1,31,1
7016,71,0.39127685540694557,9,2,225,3,2,85,1
7017,19,0.4201345541831004,6,2,444,1,0,84,1
7018,43,0.9689017171140379,8,0,333,0,1,5,1
7019,44,0.6946076116267283,10,1,62,4,0,34,0
7020,44,0.7191719228421252,9,2,496,1,0,68,1
7021,32,0.5627020053710676,3,1,582,0,0,41,1
7022,25,0.9746092108632416,7,1,531,0,1,27,1
7023,24,0.6888664844255561,9,2,458,4,0,31,0
7024,64,0.8950327516051695,2,0,332,2,2,84,1
7025,72,0.6993788657332212,7,0,244,4,2,92,1
7026,63,0.735115824840396,5,0,63,4,0,32,0
7027,57,0.2904109221422465,8,1,265,0,0,34,1
7028,29,0.303478698013819,4,1,161,2,0,94,0
7029,30,0.7829846495760292,1,1,44,2,1,92,1
7030,60,0.2967062891698996,10,0,24,3,0,99,0
7031,34,0.5627700708015316,8,1,299,4,0,93,1
7032,34,0.24935231090670196,6,2,224,4,0,55,0
7033,73,0.8169833808090694,8,1,73,2,0,6,0
7034,53,0.11050135122769,3,2,115,2,2,75,1
7035,38,0.8294466397616644,8,0,151,2,0,91,1
7036,25,0.6027298005076018,8,1,580,0,0,97,1
7037,22,0.18690953482707728,1,1,90,0,0,39,0
7038,43,0.5420353855061182,4,0,561,0,0,98,0
7039,33,0.28249883684734045,7,1,288,4,0,33,0
7040,53,0.3234673347304966,1,2,91,2,0,35,0
7041,45,0.35152804159688034,3,0,386,0,0,46,0
7042,71,0.06331924697232094,3,2,414,3,0,70,1
7043,46,0.9859616844014174,6,0,540,2,0,55,0
7044,64,0.031534628131224096,5,2,171,2,0,83,0
7045,29,0.6624968731842784,7,2,371,2,1,20,1
7046,54,0.37122764775743056,3,2,497,0,0,12,1
7047,47,0.6460102909466989,1,1,235,1,0,65,1
7048,40,0.3562482530875838,3,1,41,3,0,96,1
7049,33,0.6737506462588587,8,1,148,3,2,44,1
7050,31,0.7292355094683608,5,1,477,1,0,85,1
7051,27,0.6905526403996448,3,1,119,3,0,61,1
7052,24,0.11396198135815228,8,2,528,0,2,82,0
7053,62,0.6568932346546846,6,1,540,2,0,89,0
7054,69,0.2799875494540973,3,2,47,1,1,54,1
7055,54,0.028801370569333518,5,0,385,2,0,31,1
7056,46,0.41483067188895395,1,2,127,3,1,89,0
7057,20,0.43354310280380104,6,1,501,4,0,36,0
7058,32,0.4671741333524465,9,0,446,3,2,84,1
7059,53,0.7048241653907162,7,1,579,3,1,32,1
7060,64,0.3088438091424591,8,0,38,1,0,33,1
7061,63,0.3152805131039226,6,2,472,2,1,53,0
7062,69,0.060552256241260594,5,0,132,1,2,40,1
7063,36,0.686821215992296,6,1,118,0,0,28,1
7064,30,0.567826091399584,7,0,323,2,2,89,1
7065,59,0.34942511269378806,9,2,51,0,0,43,1
7066,38,0.7051889789173547,8,0,135,0,0,54,1
7067,54,0.5373577492268772,5,2,403,1,0,12,0
7068,44,0.46924494587053966,7,0,168,3,1,96,1
7069,72,0.5113245436611265,8,2,581,4,2,86,1
7070,69,0.6363481252670565,1,2,547,3,1,87,1
7071,46,0.6600026045745995,8,2,516,3,0,23,0
7072,37,0.28895781914071716,7,2,359,2,2,42,0
7073,42,0.14074336339115323,2,1,236,1,0,48,0
7074,23,0.15663418119051875,2,2,67,2,0,30,0
7075,53,0.6393908859030016,6,1,149,4,0,74,1
7076,19,0.872873285767126,3,2,480,1,2,53,1
7077,39,0.4094962783455518,1,0,414,3,0,30,0
7078,49,0.16952016032946238,8,0,220,0,0,96,0
7079,33,0.7566024982938546,7,1,260,3,0,36,1
7080,35,0.8324894744194485,4,0,265,3,0,38,1
7081,22,0.8805824431209666,1,2,458,1,0,49,1
7082,71,0.6068314289137332,2,0,55,3,0,41,0
7083,53,0.8607285593880847,9,1,407,4,0,93,1
7084,47,0.015414958448407678,4,0,468,3,0,90,1
7085,62,0.10723580176952352,3,1,242,0,1,99,0
7086,36,0.09257606705209875,8,2,513,1,0,10,0
7087,40,0.712604684254733,4,2,168,4,0,35,1
7088,51,0.06958178354357902,7,0,574,1,1,69,1
7089,30,0.49636437246630705,5,0,432,0,0,13,0
7090,60,0.4727068986362891,5,0,577,2,0,80,0
7091,71,0.31070352355824093,6,2,284,4,0,25,0
7092,46,0.8704051699420998,4,0,453,0,0,71,1
7093,53,0.170433201879996,2,2,187,2,0,46,0
7094,39,0.35246278439923984,6,1,295,0,0,50,0
7095,69,0.7741715000229291,5,0,522,2,0,9,0
7096,69,0.030422314393284244,3,0,381,2,0,41,0
7097,64,0.6729504002463687,4,1,342,1,1,81,1
7098,53,0.8163977263615706,3,1,222,3,0,33,1
7099,26,0.9322678388381672,3,1,334,3,0,96,0
7100,56,0.8762966404914849,4,1,456,0,1,53,1
7101,68,0.31938411683368517,2,2,447,2,0,29,0
7102,36,0.5863641413229526,4,0,336,3,0,14,1
7103,55,0.07729349315046585,10,2,354,0,1,19,0
7104,23,0.2578700035480086,2,2,355,0,1,34,0
7105,69,0.09422237874750738,10,1,231,4,0,81,1
7106,64,0.31518729015396385,8,0,266,1,1,63,1
7107,32,0.875187213458729,10,2,189,1,0,59,1
7108,74,0.3471668396742926,5,2,47,2,0,59,1
7109,37,0.5618981030014264,7,1,283,3,0,73,1
7110,26,0.4333808481149408,4,0,54,2,1,18,0
7111,49,0.4589165242987353,10,0,338,3,0,78,1
7112,21,0.9695720518365583,6,0,118,3,0,99,0
7113,67,0.29615446826385794,10,2,1,3,0,60,0
7114,35,0.6273244695231713,4,1,223,3,0,65,1
7115,22,0.42006266957944705,6,0,202,3,0,9,0
7116,37,0.06114618104768621,1,2,10,4,1,10,0
7117,40,0.48933083162423596,6,2,258,4,0,17,1
7118,28,0.8133433290451083,6,0,297,3,0,44,1
7119,54,0.09875296868168837,2,1,196,0,0,63,1
7120,39,0.06959184739630897,10,1,414,0,0,17,0
7121,21,0.15363152039326666,10,0,332,1,0,50,1
7122,46,0.7644001113893061,9,2,152,3,0,27,1
7123,61,0.723995384144738,6,1,375,0,2,25,0
7124,51,0.5650177689061106,7,2,133,1,0,76,1
7125,30,0.4682264040926324,2,2,115,0,0,38,0
7126,59,0.8883258147026221,2,1,66,1,0,57,0
7127,26,0.7666978238334825,2,2,255,2,0,99,0
7128,59,0.8119422513018052,10,2,552,0,0,35,1
7129,48,0.8132623013506542,9,0,187,3,1,88,1
7130,24,0.642717154745558,3,1,38,3,1,70,1
7131,21,0.45801462431594586,4,2,479,4,0,92,1
7132,36,0.8646777525856504,1,1,326,2,1,79,0
7133,59,0.9260074176032507,1,1,129,2,1,72,0
7134,47,0.023806043258343013,4,2,62,0,0,30,1
7135,48,0.0515548732662513,2,1,96,1,0,18,0
7136,52,0.9587432969084373,8,0,411,4,0,88,1
7137,74,0.27716061384419477,4,0,529,2,0,29,0
7138,38,0.8733694396494187,3,2,445,2,0,78,1
7139,48,0.3887951189614026,3,1,235,3,1,68,0
7140,36,0.1191000576093556,6,2,571,3,0,73,0
7141,48,0.08044320020933426,6,1,84,1,0,72,1
7142,70,0.15650789908045648,6,2,354,0,0,24,1
7143,49,0.24989319486736472,6,2,401,1,0,91,0
7144,19,0.4885183539308262,8,1,165,0,0,47,1
7145,69,0.7014979005657835,8,0,227,4,1,9,0
7146,27,0.9863985764852999,9,2,366,2,1,97,1
7147,19,0.44150674328917106,1,0,409,1,1,97,1
7148,19,0.5181849423431099,10,1,59,0,0,36,1
7149,41,0.5218157013832556,8,2,163,4,1,90,1
7150,34,0.5394343554879361,5,1,229,1,0,49,1
7151,49,0.5177406571044623,3,0,593,2,0,47,1
7152,33,0.008774755061917827,10,1,156,4,0,75,1
7153,33,0.0017248221098407068,3,2,373,3,0,26,1
7154,63,0.09766631812612292,6,0,241,2,0,45,1
7155,56,0.10155660342917883,8,2,167,3,0,62,0
7156,70,0.7048969089547961,10,0,120,4,0,63,0
7157,48,0.20491603251599977,2,1,1,4,0,32,1
7158,60,0.8947141047556129,9,1,117,3,0,89,1
7159,41,0.9286063295770195,5,2,506,0,0,59,1
7160,18,0.9758933378958987,5,2,373,4,0,55,1
7161,28,0.9390813048870201,1,2,107,1,0,40,1
7162,72,0.27188832191852463,6,0,298,1,0,72,1
7163,38,0.5097768447035125,5,0,432,4,1,47,0
7164,21,0.175454970196941,7,2,111,3,0,10,0
7165,24,0.8062096551724331,7,0,405,3,0,87,1
7166,43,0.8884317051440961,4,0,499,2,0,55,1
7167,64,0.8512888392975149,5,1,18,3,0,57,1
7168,67,0.4333669486968349,10,1,19,0,0,15,0
7169,29,0.758673884686781,8,1,560,0,1,54,1
7170,48,0.09757916957626944,2,2,505,1,0,21,0
7171,34,0.04024477061925069,1,1,153,4,0,50,1
7172,50,0.7532364143087609,6,1,514,1,1,86,1
7173,28,0.4253552743286837,4,0,477,4,0,50,1
7174,45,0.9955492647395692,10,1,383,1,2,81,1
7175,49,0.0972542158555324,3,0,197,4,0,45,0
7176,18,0.8556276815352337,7,1,178,4,1,55,1
7177,64,0.4799830655289917,8,2,527,1,0,15,1
7178,45,0.827150195503877,4,2,46,2,0,55,1
7179,70,0.8171272821701449,10,1,557,0,1,31,1
7180,59,0.9159920013620774,6,1,182,3,0,53,1
7181,24,0.2978500112861028,2,1,353,0,0,20,0
7182,19,0.9497993534620031,8,2,486,3,0,54,1
7183,59,0.15166696035762028,6,0,215,4,0,19,0
7184,41,0.08196877759349053,9,0,422,1,0,58,0
7185,21,0.43161551737234916,6,1,8,1,1,18,0
7186,61,0.8283229686418426,6,2,212,3,0,83,0
7187,36,0.4734211306334456,2,0,138,1,0,86,1
7188,43,0.8292866775305141,5,1,320,1,1,80,1
7189,28,0.7296868057943052,9,2,90,1,0,30,0
7190,57,0.20942838613893355,1,2,314,0,0,44,1
7191,67,0.9488816248994638,4,0,111,1,0,22,1
7192,60,0.060781168629403415,10,2,112,2,0,30,0
7193,28,0.8982797075437949,10,1,373,3,0,22,0
7194,62,0.304443448990374,3,1,262,0,0,5,0
7195,20,0.5001480831643993,1,0,367,0,1,20,0
7196,29,0.4223518727007345,1,2,377,4,0,25,0
7197,20,0.17183455691691618,1,0,595,4,0,76,0
7198,59,0.35814686640169313,1,0,556,1,0,70,1
7199,44,0.19293443629279527,2,2,44,0,0,87,0
7200,66,0.20388647546052385,5,0,270,0,0,97,0
7201,71,0.18705683602638035,2,2,494,1,0,98,1
7202,19,0.48901738034659425,4,1,246,3,0,7,1
7203,66,0.7979313675113155,9,0,173,0,0,12,0
7204,33,0.568970033761241,3,2,35,4,2,22,1
7205,19,0.8932065885508419,2,2,301,1,0,94,0
7206,71,0.6365444885767242,4,2,157,0,1,29,1
7207,47,0.6893401156326044,9,0,32,4,0,76,1
7208,37,0.6676072297270031,4,1,381,2,0,22,1
7209,55,0.44945919318374117,5,0,423,0,0,28,0
7210,45,0.6893388222000828,4,1,294,1,0,73,1
7211,42,0.06970774646896116,8,0,594,4,0,30,1
7212,49,0.8598514719156631,4,0,414,0,1,78,1
7213,27,0.7778121434439174,2,0,318,4,0,15,1
7214,59,0.2452299582316788,4,1,24,1,0,8,0
7215,57,0.7680324542540824,2,2,552,0,0,14,1
7216,50,0.012642601400018494,9,0,433,1,0,16,0
7217,30,0.21724657248088042,8,0,58,3,1,78,1
7218,73,0.06513723867089594,9,1,176,0,0,16,1
7219,58,0.7802269166178947,4,0,541,0,0,9,0
7220,71,0.7558741511783872,1,2,44,4,0,95,0
7221,59,0.8136360238018306,3,2,451,0,1,9,1
7222,64,0.004481693325528835,7,1,308,3,0,27,0
7223,54,0.501232726678408,1,1,153,4,0,60,1
7224,71,0.7048361975173365,8,2,551,4,1,92,0
7225,33,0.15540112873901546,9,2,139,2,2,50,1
7226,62,0.6497907275126247,8,2,581,0,1,6,1
7227,39,0.08411009930968572,5,1,384,2,2,98,1
7228,74,0.18132585610431318,9,2,32,3,0,78,0
7229,37,0.475796814994601,4,2,370,0,0,5,0
7230,67,0.653565152681102,9,2,177,2,0,17,1
7231,60,0.1458691269538961,1,0,359,2,1,64,1
7232,44,0.1852233308309379,3,1,435,4,1,40,1
7233,58,0.204446367065663,4,1,5,2,0,66,0
7234,33,0.23870080469897847,10,1,230,2,0,67,0
7235,51,0.22655384852629123,1,1,400,0,0,71,0
7236,49,0.39514910849763674,6,0,22,0,1,20,0
7237,43,0.6537896508367229,4,0,160,4,0,82,1
7238,42,0.43803178313446967,4,0,193,0,0,44,1
7239,19,0.7759739087498881,1,0,265,3,0,52,0
7240,29,0.7192685059486148,5,0,82,4,0,50,1
7241,57,0.12652691404907568,9,1,167,3,2,9,0
7242,26,0.04884162332074393,6,1,554,0,0,29,1
7243,29,0.8779415639996061,8,1,343,0,1,42,1
7244,43,0.07983106656287342,4,0,11,4,0,58,1
7245,26,0.14833918071971308,9,2,533,2,0,97,1
7246,27,0.02213327555811806,7,1,529,1,1,85,1
7247,49,0.6283363652986538,7,1,449,1,1,77,1
7248,74,0.5823705631583486,8,2,573,0,1,86,1
7249,51,0.9869036664352556,2,0,590,3,0,80,1
7250,65,0.886932396317172,6,2,489,4,1,49,1
7251,37,0.4108431774809097,7,2,166,2,2,43,1
7252,56,0.371585840912535,3,1,464,0,0,32,0
7253,19,0.2968520342799851,8,1,6,3,0,57,0
7254,18,0.15240692003788137,1,0,162,0,0,58,0
7255,68,0.13808365660200905,1,2,194,1,1,24,0
7256,53,0.13228370800960543,10,0,318,0,0,59,0
7257,41,0.11411475718677855,3,2,129,3,0,69,1
7258,71,0.24051204240553692,6,1,108,1,0,80,0
7259,44,0.3066686303131164,7,2,218,0,0,26,1
7260,19,0.9615789710389159,2,0,505,1,1,55,0
7261,48,0.5784732510018857,6,2,428,4,1,76,1
7262,74,0.987595774513281,5,0,243,3,1,16,1
7263,31,0.37246694782567324,6,2,437,3,1,63,0
7264,19,0.45762663258944103,1,1,306,4,0,58,0
7265,46,0.32457865916527917,10,1,596,3,1,57,1
7266,32,0.18288765089655268,7,0,254,3,0,92,1
7267,29,0.14316470777757917,8,1,326,0,1,42,0
7268,54,0.9450791978078319,7,2,408,2,0,96,1
7269,45,0.9868106817987558,9,2,0,0,0,16,0
7270,37,0.04490949650873155,1,1,193,4,0,99,0
7271,56,0.15034587473176653,10,0,363,4,2,96,1
7272,41,0.4235240923010226,9,2,121,2,0,77,1
7273,38,0.18633347634440733,3,0,363,0,0,90,1
7274,27,0.3638803936268833,2,2,3,0,0,11,1
7275,63,0.12909634985963336,6,0,148,0,0,72,0
7276,31,0.45651175672179023,5,0,60,1,1,33,0
7277,54,0.2716946161692593,4,2,116,1,0,49,0
7278,35,0.3519050557586608,4,2,237,0,0,14,1
7279,41,0.09431265146274759,8,0,137,1,0,89,1
7280,31,0.4281280507101417,10,2,457,0,0,8,1
7281,51,0.9832576109615698,3,1,484,4,0,28,1
7282,29,0.3288330468811903,1,2,81,0,0,89,0
7283,39,0.876429274842435,5,0,586,1,0,86,1
7284,73,0.8431991416236851,8,2,46,2,2,30,0
7285,23,0.9520584182972106,3,2,343,4,0,60,1
7286,53,0.7901095122670945,2,0,338,3,0,76,0
7287,62,0.659596827058815,1,2,235,2,0,27,1
7288,53,0.8565844442274576,4,0,463,2,0,13,0
7289,39,0.07564468065734964,2,0,375,3,0,29,0
7290,31,0.4628306571988078,8,0,122,4,0,36,0
7291,33,0.9892562386150588,10,0,245,3,1,11,1
7292,53,0.7696001512947322,9,1,253,4,0,63,1
7293,73,0.9620753780372231,10,1,565,4,0,63,1
7294,42,0.7796343561334791,1,0,280,4,0,99,1
7295,49,0.8748819674421442,2,2,66,2,1,66,0
7296,50,0.706529632303191,6,1,532,4,0,21,0
7297,62,0.7605020044172398,10,0,533,3,1,39,1
7298,53,0.5231780098395007,7,1,174,2,2,90,1
7299,37,0.9242377008141329,2,0,190,4,0,62,1
7300,35,0.8250389106233617,8,1,284,1,1,33,1
7301,55,0.8438849656656322,10,0,304,1,1,67,1
7302,20,0.6730091009630523,9,1,406,4,0,60,1
7303,40,0.304579947087249,8,1,331,1,0,67,1
7304,49,0.03562979539013933,9,2,304,0,1,86,1
7305,62,0.9356551294095445,6,1,550,2,0,51,0
7306,33,0.5861203488054969,7,2,336,0,0,78,0
7307,22,0.29814297114814026,6,1,29,2,1,19,1
7308,21,0.1491351078475378,7,0,439,3,2,61,0
7309,38,0.8295231655007547,3,2,257,1,0,11,0
7310,57,0.8365201944475789,4,1,562,1,0,82,1
7311,68,0.8145079681305315,9,2,233,1,1,94,1
7312,31,0.6450826919667862,3,0,25,4,1,22,0
7313,56,0.3660153875918759,2,0,522,2,1,86,0
7314,48,0.304070284780257,7,0,383,4,0,10,1
7315,31,0.008554770118170185,6,0,535,1,0,47,0
7316,23,0.8336075586882403,3,0,392,3,0,93,1
7317,29,0.08743269749364246,6,2,461,1,0,61,1
7318,33,0.6307549980407676,7,2,137,4,1,45,1
7319,34,0.5040749468400884,6,1,109,1,0,80,1
7320,62,0.5266893589263512,1,1,474,0,0,55,0
7321,40,0.9267128453077733,1,0,327,0,0,65,1
7322,31,0.03161501127124211,9,0,205,4,0,98,1
7323,24,0.7733922246287723,6,2,70,0,0,23,1
7324,63,0.05205239836730713,2,0,209,2,0,25,0
7325,49,0.0381536059353772,1,0,184,2,0,84,0
7326,32,0.42981769814138193,2,0,382,4,0,39,0
7327,61,0.06307517434296672,8,1,398,0,0,75,0
7328,34,0.789143951292912,5,2,544,2,0,58,1
7329,58,0.5295630936483372,7,1,313,0,0,87,1
7330,71,0.029038782659774443,7,0,227,1,2,30,1
7331,64,0.04050068648191951,2,0,145,0,0,45,0
7332,61,0.6126685297394794,4,1,21,0,0,86,1
7333,51,0.8061118176584049,2,1,299,4,0,16,1
7334,22,0.43779953127477356,7,2,264,1,2,9,0
7335,62,0.5545806715356244,5,0,49,2,0,30,0
7336,44,0.7998294540499016,1,0,374,2,0,9,0
7337,69,0.6105061740418192,2,1,60,0,1,42,1
7338,40,0.22476023765881947,6,2,18,3,1,86,0
7339,57,0.6130520258694786,4,2,307,3,2,10,0
7340,31,0.6282794590652135,7,0,536,2,1,5,1
7341,32,0.7341069808811267,2,0,206,0,0,79,1
7342,60,0.6208741875568012,2,1,324,0,0,84,0
7343,50,0.969242130458038,6,0,74,1,0,94,1
7344,70,0.19728830871706848,8,1,417,4,1,43,0
7345,48,0.9510906795670763,1,0,327,3,0,53,0
7346,52,0.5383394903500163,5,0,280,0,1,86,1
7347,34,0.671956140494912,1,0,74,2,0,41,0
7348,45,0.09946159745218985,6,2,575,3,0,94,1
7349,36,0.380575941378107,7,0,593,4,0,5,1
7350,63,0.7693791464631726,6,0,240,0,2,95,1
7351,71,0.7069110150989903,9,2,4,3,0,41,0
7352,40,0.040139388165410184,3,2,214,0,1,90,0
7353,49,0.5465942634972446,8,0,578,4,0,23,0
7354,57,0.08827819296840944,3,2,486,1,0,81,1
7355,30,0.9958564291781623,7,2,356,3,0,41,1
7356,37,0.8972965885332946,5,2,393,4,1,60,1
7357,52,0.021080660428536957,1,2,154,1,0,71,0
7358,22,0.8586495789026308,4,1,390,1,0,95,1
7359,26,0.9194296005584076,9,0,368,4,1,39,1
7360,46,0.3535482225634551,8,1,28,2,0,77,1
7361,23,0.7195016550477659,3,0,422,4,0,88,0
7362,42,0.4421037462077789,2,2,8,0,0,30,0
7363,48,0.6552324845763441,9,1,199,2,0,50,0
7364,39,0.34031740429819146,1,2,444,1,0,39,0
7365,19,0.32255923663326835,9,2,333,3,0,89,0
7366,62,0.42443388885757904,7,2,229,1,2,26,1
7367,22,0.14556775865250116,2,0,392,3,2,18,1
7368,44,0.8311389644353826,5,2,307,3,0,33,1
7369,42,0.34869789536163665,2,0,330,4,0,62,1
7370,25,0.40014955390584517,5,0,359,4,0,35,0
7371,72,0.8940546127021446,7,2,586,1,0,21,1
7372,18,0.49662381406317135,5,0,182,4,0,27,0
7373,37,0.5442539093508629,2,1,386,1,2,63,0
7374,61,0.9564981247770985,5,0,108,4,0,40,1
7375,40,0.8867263831449892,10,2,338,4,0,93,1
7376,49,0.1694667088884395,6,2,199,3,2,86,1
7377,28,0.47321502991810505,5,1,180,2,1,63,1
7378,56,0.9712962274285455,2,1,539,4,0,84,1
7379,64,0.3723662982286027,6,0,564,4,0,6,1
7380,71,0.37157310851620007,6,0,436,1,0,94,0
7381,41,0.19503023178915435,2,1,39,3,1,16,1
7382,28,0.11432311411912521,4,2,221,3,2,14,0
7383,46,0.7403047907559818,7,2,296,2,0,97,1
7384,71,0.7700304687015165,1,1,28,2,0,6,0
7385,43,0.9690129635029999,1,1,201,2,0,20,0
7386,33,0.773418210905363,6,2,484,4,0,40,1
7387,52,0.2433524940335987,7,2,129,1,0,53,1
7388,37,0.04011657828851545,5,0,47,0,2,40,1
7389,63,0.9854373843696602,10,1,415,1,0,90,1
7390,20,0.34045069554360574,8,1,599,3,1,10,1
7391,18,0.31197154243242076,4,1,570,2,0,99,1
7392,70,0.9059552097493825,3,2,456,0,1,6,1
7393,64,0.5850998985449861,7,0,48,3,1,32,1
7394,18,0.21487117384913457,4,2,75,2,0,11,0
7395,34,0.8890962427162395,1,1,545,0,0,25,0
7396,19,0.9933608550547434,8,1,247,1,0,66,1
7397,46,0.08667856115083072,5,1,289,3,1,93,0
7398,37,0.8622516283024872,8,1,534,4,0,86,1
7399,23,0.390515697684394,8,1,530,0,0,45,1
7400,25,0.5240724465067044,5,2,435,0,0,47,0
7401,46,0.9148159757649807,8,0,382,1,0,81,1
7402,65,0.9733791957751172,7,1,95,1,0,12,1
7403,68,0.2621639104087994,3,1,250,3,1,18,1
7404,50,0.21285077095991378,4,1,240,4,0,85,0
7405,20,0.08051655859151186,7,2,304,2,0,81,0
7406,52,0.561797852662138,4,2,556,0,1,15,0
7407,22,0.013604395450668272,6,1,587,0,0,14,1
7408,44,0.41189829760993657,2,1,571,3,1,85,1
7409,61,0.07338401665200855,2,1,439,2,1,33,0
7410,29,0.405225782929334,3,1,487,2,1,59,0
7411,37,0.039932189265609264,10,1,497,2,1,6,1
7412,62,0.8352172606087689,7,2,131,3,0,5,1
7413,37,0.20973899393856588,3,1,401,0,1,51,1
7414,26,0.328308710357912,3,1,375,1,1,95,1
7415,56,0.8700479966063919,4,1,566,0,0,87,0
7416,21,0.7462660613322051,10,2,542,1,0,22,1
7417,68,0.21903836164205848,6,1,370,1,0,39,0
7418,71,0.07189941865749605,1,2,411,3,0,77,0
7419,36,0.7156737768553395,6,0,154,2,1,66,1
7420,55,0.39070255068810933,8,2,244,3,2,29,0
7421,44,0.7660799991182212,8,1,541,1,0,90,1
7422,62,0.4452947723752104,6,2,560,0,1,81,1
7423,60,0.3460024129722764,6,1,74,1,0,33,0
7424,30,0.4512054082123965,3,2,205,3,1,90,0
7425,30,0.7485589856706767,2,2,427,0,0,84,1
7426,74,0.9022202865403741,7,0,420,2,1,23,0
7427,39,0.049767196588575535,8,2,148,3,1,76,0
7428,45,0.5241115412269551,10,0,87,4,2,80,1
7429,69,0.0328354290838776,6,0,505,1,1,70,1
7430,64,0.4684095450243587,5,2,167,2,0,73,1
7431,70,0.8852828290969004,4,2,188,2,0,82,0
7432,62,0.36159026642030967,1,2,113,0,1,84,0
7433,39,0.9324504210806432,9,0,12,3,0,14,1
7434,60,0.6306084716506094,10,1,156,1,1,76,0
7435,36,0.9341553437930064,4,1,180,4,0,29,0
7436,25,0.7571666254125197,2,0,319,1,0,31,1
7437,69,0.10343516664876229,4,0,291,3,0,65,0
7438,25,0.23115136756267707,5,2,476,2,0,14,0
7439,59,0.3941704545835062,2,2,432,4,0,40,1
7440,43,0.17010688201207602,7,1,168,0,1,43,1
7441,65,0.4949116047766605,3,1,401,3,0,11,0
7442,68,0.4713681557014906,8,1,157,1,0,19,0
7443,43,0.9562591980273812,4,2,383,3,1,17,1
7444,40,0.43372788289597775,5,2,397,0,0,37,0
7445,60,0.7856268042879978,3,0,55,1,0,70,1
7446,30,0.9419105448514798,5,2,72,4,1,15,1
7447,45,0.8769888309739855,9,1,472,1,2,25,1
7448,26,0.20866762451159182,2,0,179,1,0,82,0
7449,37,0.49602989425354427,7,2,193,0,0,93,1
7450,73,0.3477397822959257,10,1,383,1,2,27,1
7451,36,0.3998586951372155,8,2,228,3,0,48,1
7452,65,0.3608068262457512,3,0,265,2,1,69,1
7453,56,0.8263592101750041,4,2,70,0,2,74,1
7454,68,0.45213905512244745,10,1,90,0,2,40,1
7455,29,0.5236943322446882,2,0,75,0,1,66,1
7456,32,0.9824473570470746,10,1,444,3,0,86,1
7457,48,0.05997927219151644,9,0,196,3,0,46,1
7458,72,0.4879576397907488,3,2,183,3,0,73,0
7459,31,0.7740617069461161,9,2,76,3,0,56,0
7460,28,0.15116195818822653,7,1,447,1,0,5,1
7461,43,0.6115315946147739,6,2,296,0,0,34,0
7462,59,0.23946477953446677,3,0,387,0,0,5,1
7463,44,0.8674041132245676,7,2,321,4,0,52,1
7464,28,0.3270996654000793,3,2,420,2,0,18,0
7465,55,0.32906281690090955,6,2,545,1,0,96,0
7466,51,0.5981938785178935,8,2,305,2,0,35,1
7467,60,0.18356290811990872,5,2,345,1,1,66,1
7468,36,0.28488863890306104,3,2,260,1,1,91,1
7469,23,0.4166318501194115,6,2,345,1,2,35,1
7470,63,0.35363786314011036,8,2,148,0,1,11,0
7471,69,0.5248772180055824,10,1,417,2,0,24,1
7472,55,0.5996401440689663,3,1,28,2,1,88,1
7473,66,0.5666674537501646,5,2,462,3,1,35,0
7474,59,0.6541683119919323,9,1,560,2,0,13,1
7475,45,0.30774951660782024,10,2,188,3,1,15,0
7476,18,0.12642622715502805,10,2,64,4,0,10,0
7477,52,0.7608075414310771,3,2,458,3,0,47,0
7478,57,0.850780382630682,2,1,223,1,0,63,1
7479,25,0.25700623222243224,8,0,475,0,1,22,1
7480,69,0.40709195615801974,7,2,325,1,0,33,0
7481,71,0.4985692169635553,9,2,518,4,0,5,1
7482,64,0.5333268427529364,4,0,572,0,0,48,1
7483,73,0.6594901710876518,3,1,191,4,2,37,1
7484,24,0.041603233355321345,10,0,87,1,0,71,0
7485,28,0.721477082734017,5,2,457,0,1,42,1
7486,56,0.06197100697941027,1,0,157,4,0,45,1
7487,21,0.46828856767286786,5,2,272,3,0,20,0
7488,42,0.8276711355691941,3,1,331,2,0,42,1
7489,29,0.45121531327839626,1,1,281,1,0,67,0
7490,43,0.14908974876824777,3,1,162,3,1,94,0
7491,55,0.9850338450059597,5,2,173,4,0,89,1
7492,63,0.8892854620742633,5,1,107,4,0,87,0
7493,29,0.771313633225014,10,0,300,0,0,13,0
7494,60,0.4115116028992104,8,1,330,3,0,31,1
7495,68,0.1838457268892978,1,2,143,4,1,35,1
7496,70,0.9414111814185012,7,0,57,0,0,19,0
7497,54,0.532351126517139,5,0,297,2,0,33,0
7498,63,0.8523554603874851,3,0,187,2,1,13,0
7499,70,0.34209500575942575,4,0,439,0,2,48,1
7500,41,0.3352883170794706,3,2,487,3,0,85,1
7501,33,0.9855404806740391,8,1,389,0,0,64,1
7502,74,0.5218330484948498,4,0,19,0,0,82,1
7503,30,0.1406954238607463,3,1,211,3,0,43,1
7504,42,0.2196746779947074,2,1,535,2,1,55,0
7505,71,0.4819442793927208,3,1,563,4,0,44,1
7506,71,0.04247091048841134,7,1,219,2,0,67,1
7507,74,0.4625339853783005,6,2,172,3,1,10,0
7508,69,0.4189408420801276,10,0,0,1,0,42,1
7509,71,0.779336265319487,5,0,467,3,1,36,1
7510,21,0.35494196448924176,8,1,24,2,0,10,1
7511,28,0.9825487615395994,1,0,203,2,0,58,0
7512,49,0.18076991930090314,3,1,200,3,0,55,0
7513,66,0.5909866849681349,2,2,190,3,0,38,1
7514,24,0.08969929700825463,2,0,408,3,0,80,1
7515,63,0.733863983993982,1,1,477,2,0,13,1
7516,28,0.9947536880619715,5,0,303,0,0,9,0
7517,45,0.8191386377516322,5,1,577,1,0,85,0
7518,71,0.5557035407203013,3,0,535,0,0,96,1
7519,58,0.48474135739969204,9,2,81,2,1,65,0
7520,40,0.8350299612668469,6,0,546,0,0,90,1
7521,62,0.9359740847107243,10,2,545,3,1,10,1
7522,40,0.989206525798093,6,2,261,4,2,54,1
7523,67,0.3965392275644841,10,1,176,3,2,36,1
7524,45,0.9909174747945123,6,1,214,1,1,23,1
7525,60,0.1559262521738315,2,0,140,3,0,62,1
7526,64,0.2535497759319092,10,2,267,4,0,52,0
7527,74,0.0890161247338962,10,1,138,2,0,21,1
7528,43,0.27173851648448166,8,2,46,0,0,64,1
7529,42,0.7679375516180111,6,2,59,3,0,14,1
7530,71,0.8529243581784497,3,2,560,0,0,83,0
7531,46,0.7788926451025717,10,0,563,1,0,54,0
7532,36,0.6310657781676963,9,2,60,0,2,42,1
7533,50,0.5139665125226456,2,2,94,1,0,89,1
7534,53,0.7087042892136465,7,0,474,1,0,44,1
7535,31,0.3908335492672218,3,0,39,3,0,7,0
7536,31,0.8413083514997018,6,1,345,4,0,98,1
7537,52,0.6771900939767854,5,2,326,0,1,83,1
7538,47,0.6978046984944085,6,2,436,1,0,95,1
7539,45,0.5359359931290713,8,0,405,1,0,35,1
7540,34,0.8852289842111726,3,0,210,1,1,20,0
7541,20,0.25201473367905247,2,1,37,2,0,32,0
7542,33,0.3811476533610507,8,0,467,0,1,49,0
7543,63,0.7776425696776891,1,0,316,0,0,41,1
7544,47,0.4927488961293377,2,0,210,1,0,47,0
7545,69,0.8892140134241908,10,0,82,0,0,77,1
7546,46,0.3463993197628523,1,1,355,0,1,77,0
7547,62,0.36933016881964476,5,2,538,2,1,80,0
7548,32,0.8887357893866253,8,2,208,1,1,32,1
7549,63,0.46437032018204105,2,2,275,0,0,75,1
7550,73,0.5161245842024867,4,2,491,4,1,64,1
7551,42,0.3327637153356794,4,2,297,1,0,68,0
7552,68,0.2766699421790819,7,0,583,0,0,64,1
7553,55,0.655948710838392,1,2,57,2,0,40,1
7554,59,0.11984066154120387,9,0,295,4,1,51,0
7555,64,0.8792726411829093,3,2,458,3,0,42,0
7556,70,0.7792031367651079,6,2,395,3,1,69,0
7557,71,0.19074826370580278,10,0,373,4,1,38,0
7558,69,0.6940199458245654,5,2,61,3,0,26,1
7559,55,0.6026329212856348,4,0,445,4,0,98,0
7560,40,0.1845350507366441,9,1,86,0,1,88,1
7561,42,0.27320350605023247,9,1,398,3,0,55,0
7562,59,0.4089865037338344,1,1,123,3,0,76,1
7563,24,0.6992427352454739,7,2,518,4,0,49,0
7564,39,0.638723408817006,10,2,282,0,0,75,0
7565,34,0.5322348476766979,9,2,513,0,0,6,1
7566,35,0.7684105431140342,5,2,156,1,1,62,1
7567,66,0.757937739606166,1,0,225,1,0,98,0
7568,58,0.6178591540622559,8,1,393,0,0,16,1
7569,27,0.7869900833848252,5,0,265,4,0,31,1
7570,27,0.3342633747792092,6,1,265,2,0,42,0
7571,74,0.8812495283226056,7,1,548,2,1,79,1
7572,24,0.6149100858019407,10,0,287,1,0,24,0
7573,65,0.8223635138124306,7,0,291,3,0,98,0
7574,67,0.546279104790284,7,0,319,2,0,47,0
7575,55,0.21843824498868036,1,1,472,3,1,36,1
7576,44,0.5424101286783086,7,0,398,3,0,94,1
7577,69,0.3711116637765881,3,2,72,0,2,27,0
7578,50,0.6974990360370945,5,0,527,2,1,45,0
7579,18,0.4757937917347358,10,1,82,2,1,92,1
7580,61,0.8361128049276877,5,1,173,3,0,6,1
7581,70,0.6780725123219167,8,0,427,3,0,66,1
7582,51,0.684544433031324,7,0,587,0,0,57,1
7583,21,0.21715533349106497,7,1,290,4,0,61,0
7584,34,0.9842497664912904,6,1,380,2,2,52,1
7585,21,0.8416752092714888,7,0,562,2,0,83,1
7586,60,0.7890048845606946,7,2,362,0,0,10,1
7587,71,0.33021522516002744,5,2,185,0,1,20,0
7588,43,0.5356316528472319,5,2,4,4,0,15,0
7589,21,0.13710318807432864,4,1,261,3,0,50,1
7590,18,0.538475976662706,4,2,178,2,2,77,0
7591,24,0.14588924648328727,5,2,141,3,0,61,0
7592,47,0.5530378439896012,10,0,267,2,1,71,1
7593,67,0.6487218801549056,9,0,469,0,0,11,1
7594,26,0.39019596724990235,6,2,67,0,0,56,1
7595,52,0.49854487833129324,8,1,106,0,0,56,1
7596,25,0.8756533876745859,9,2,570,4,0,34,1
7597,41,0.10856314470280937,4,0,436,2,0,59,0
7598,36,0.7917328929996529,7,0,30,0,0,26,0
7599,53,0.1707545509961964,5,0,546,4,0,8,0
7600,67,0.03670798280462839,4,2,520,3,0,9,0
7601,69,0.18557460274504778,7,1,41,4,1,26,0
7602,60,0.7650431899704897,3,2,186,4,1,72,0
7603,44,0.40512607333686,1,0,596,1,0,8,1
7604,49,0.8725205168461819,7,0,300,3,0,47,1
7605,31,0.5247075411822658,9,0,260,1,2,19,1
7606,74,0.022250351926330958,2,0,489,2,0,20,1
7607,35,0.7167136096019268,7,2,256,4,0,88,1
7608,45,0.1102329087212327,10,2,66,4,1,62,1
7609,46,0.7893796334619244,2,1,219,4,0,78,0
7610,33,0.16810254980518002,3,0,322,4,0,37,0
7611,52,0.34544638580551346,10,2,58,1,0,99,1
7612,64,0.7612714296253603,10,2,177,2,2,69,1
7613,48,0.9542313574764216,3,0,460,1,0,29,1
7614,21,0.37143395064673235,4,2,289,4,0,41,0
7615,54,0.8294002201989358,6,0,111,2,0,22,0
7616,34,0.19079226547583872,3,1,323,3,0,29,1
7617,56,0.8071797702024911,9,0,181,1,0,19,0
7618,65,0.657494059256251,2,0,465,0,0,72,0
7619,63,0.19274350721236844,7,2,223,3,1,39,1
7620,43,0.3025039603514116,6,1,397,3,1,72,0
7621,65,0.131770888597036,2,1,159,4,1,46,1
7622,56,0.3829670110643133,3,2,453,4,0,88,1
7623,58,0.2036486411232774,6,1,362,3,0,16,0
7624,21,0.6439979536304735,10,1,2,1,0,98,1
7625,47,0.9945051042205587,4,0,592,2,0,26,1
7626,47,0.01200916308426414,1,2,359,1,1,40,0
7627,39,0.5409198132872987,1,1,314,1,0,38,1
7628,28,0.5736665975490097,3,1,21,3,1,95,0
7629,19,0.9142087896808119,8,1,420,1,0,29,1
7630,61,0.5060053347669375,4,0,125,2,0,43,0
7631,29,0.5437014196449175,1,0,404,3,0,80,1
7632,47,0.4716528013283886,8,2,267,1,0,63,1
7633,53,0.2689043045614814,10,2,567,4,0,80,0
7634,35,0.056029133248913676,6,0,105,1,0,89,0
7635,43,0.4086576822098361,1,2,544,3,0,54,0
7636,70,0.05259147124067853,10,2,170,3,0,65,1
7637,24,0.5504924694659178,10,2,304,4,0,37,0
7638,18,0.30729364324229314,6,0,333,3,0,11,0
7639,43,0.5336024015254278,1,0,17,0,1,23,0
7640,40,0.13429696439518668,10,1,399,3,0,92,1
7641,43,0.9326299657393596,10,1,167,1,0,24,1
7642,62,0.8945212435499349,3,1,334,2,0,9,1
7643,23,0.1899965092022845,2,1,154,1,0,98,1
7644,23,0.3434442832940099,4,2,375,3,1,11,0
7645,61,0.6134927718519796,2,2,80,0,2,24,0
7646,25,0.09568620730590627,5,0,449,1,0,51,0
7647,41,0.3545678211161508,4,2,309,2,0,85,1
7648,39,0.2511122868190061,6,2,354,1,0,11,0
7649,36,0.9155167287166966,7,2,323,4,0,79,1
7650,54,0.8525106362892052,2,1,227,0,0,86,1
7651,35,0.5798327412668638,2,0,190,3,2,98,1
7652,48,0.5203463368715742,8,1,296,1,0,88,0
7653,54,0.9307257945453972,9,2,188,1,0,68,1
7654,47,0.9324277829788153,5,2,192,1,0,70,1
7655,74,0.9693301253516604,7,0,512,1,2,11,1
7656,59,0.12537888410818765,9,1,8,2,1,95,0
7657,50,0.16055781076317022,1,2,586,4,0,19,1
7658,27,0.6767366986798866,8,0,142,4,0,87,1
7659,54,0.5414344766098449,10,2,486,0,0,38,1
7660,29,0.018465904893235963,10,2,193,0,1,70,1
7661,71,0.06197503598951937,9,0,521,2,0,32,1
7662,47,0.8880803822588051,9,0,432,4,1,70,1
7663,44,0.8688707955393863,10,2,138,0,0,15,1
7664,56,0.35727092199604515,7,0,29,3,2,74,1
7665,26,0.8910506169305347,10,2,278,4,0,60,1
7666,71,0.5936750743979018,3,1,41,1,0,27,1
7667,38,0.8059056470189019,5,2,227,4,0,14,1
7668,29,0.4274310711602143,2,0,479,3,0,87,0
7669,72,0.11339832734490873,10,1,416,1,2,79,1
7670,46,0.43372706264601624,3,0,200,4,0,28,1
7671,50,0.4572997979968979,10,2,320,1,0,64,1
7672,60,0.550944193840603,7,0,367,1,2,96,1
7673,70,0.105582712904428,1,2,597,2,1,16,1
7674,32,0.9914018630496114,3,0,559,3,0,96,1
7675,19,0.24413682080690635,5,0,325,2,0,9,1
7676,69,0.19855240353709291,4,2,309,4,1,23,1
7677,56,0.5268029188559366,3,1,360,1,0,76,1
7678,70,0.5372081793948886,6,2,527,4,0,41,1
7679,61,0.43982073783324427,6,1,302,4,0,32,0
7680,71,0.7718921463252545,4,1,278,2,0,48,0
7681,35,0.5166544007286027,9,1,320,4,0,47,0
7682,20,0.6096954551449841,6,1,476,3,1,73,1
7683,24,0.7237463854077856,9,2,303,1,1,76,1
7684,60,0.025025101563866614,10,2,518,0,1,92,1
7685,35,0.5706441825450448,10,1,55,3,1,24,0
7686,61,0.8841944712283692,2,1,191,0,1,10,0
7687,55,0.01738874292543391,6,1,21,0,0,73,0
7688,54,0.4051821038009611,4,1,79,2,1,78,1
7689,50,0.92622745020583,2,1,283,0,0,96,0
7690,61,0.3531544022825378,5,1,427,1,0,16,0
7691,48,0.45872882420024086,3,0,102,2,1,19,0
7692,28,0.9815413930443128,6,1,141,3,0,71,1
7693,21,0.1993238589505738,8,0,596,3,1,91,1
7694,35,0.06525518912500594,4,2,402,3,2,67,0
7695,21,0.8594225908613043,4,2,588,4,0,40,1
7696,66,0.8684653412123685,5,1,589,2,0,11,1
7697,51,0.4720778346800132,6,2,161,2,0,5,0
7698,46,0.5142071744772863,7,2,593,2,1,76,0
7699,41,0.835806369617836,6,1,215,1,0,95,1
7700,39,0.7385594981157951,7,2,477,2,0,53,1
7701,19,0.26514900221701065,9,2,562,1,0,26,1
7702,61,0.016893355071518457,4,1,250,3,1,56,0
7703,23,0.47970016253354575,10,1,409,4,0,99,1
7704,59,0.8589123260956414,1,1,318,0,0,47,0
7705,42,0.8958346766901621,9,0,387,4,0,43,1
7706,72,0.9562261970761539,7,1,84,4,0,79,0
7707,74,0.8795632376127812,4,2,514,4,0,47,0
7708,38,0.5800435552980984,10,1,4,0,1,58,1
7709,72,0.4446055992361009,8,0,234,1,1,25,1
7710,33,0.774849846534099,7,2,412,3,0,19,1
7711,48,0.7398216343655964,2,0,374,0,0,96,0
7712,31,0.5381434300814544,1,2,274,3,0,42,0
7713,56,0.08732737255846912,9,1,370,1,2,27,1
7714,45,0.9260813467869188,7,0,531,3,1,95,1
7715,49,0.45560253750166213,10,1,393,1,0,87,1
7716,45,0.3633337819162643,1,2,3,0,2,84,0
7717,68,0.6295673951687717,4,1,533,0,0,80,1
7718,72,0.6738379611669769,5,1,523,3,0,55,0
7719,66,0.21068791703030143,5,2,405,3,0,27,0
7720,26,0.8369388448099562,5,0,412,4,2,55,1
7721,62,0.28993709366237785,3,2,188,4,0,75,1
7722,39,0.1866839259143167,5,2,316,3,0,50,0
7723,49,0.4063998528544974,4,1,538,4,0,98,1
7724,22,0.7305600808974653,5,2,430,3,0,65,0
7725,40,0.9654581784398034,7,0,339,2,0,20,1
7726,22,0.8092812643714332,5,2,518,4,0,64,1
7727,59,0.9403483776701917,8,2,429,3,0,36,1
7728,70,0.14060580407652679,8,1,426,2,2,45,1
7729,49,0.07117679886367678,3,0,521,4,2,64,0
7730,27,0.5577047619066712,5,1,514,0,0,25,1
7731,56,0.29029748304403435,4,1,299,3,1,72,1
7732,32,0.8280549729692729,5,0,53,0,1,11,0
7733,24,0.6719878714023261,8,0,161,4,0,95,1
7734,46,0.9707281639857944,4,2,448,2,0,74,0
7735,64,0.2547923557313042,5,0,210,3,0,24,1
7736,20,0.4857841143552324,7,1,446,2,0,48,1
7737,36,0.5012404774253533,3,0,69,0,1,48,1
7738,27,0.2391767948573762,6,0,300,3,0,16,0
7739,45,0.5900933994880078,9,0,67,0,0,63,1
7740,46,0.4432859860792395,4,1,281,0,0,82,0
7741,32,0.4467215559898736,4,2,153,2,0,38,0
7742,52,0.3627366479724836,6,2,461,4,0,48,0
7743,23,0.01692935242553506,6,1,223,0,0,85,1
7744,29,0.522095236914789,3,2,367,0,1,44,1
7745,64,0.3352478357003311,1,2,188,1,1,88,0
7746,55,0.0013198689843296751,3,1,385,2,0,6,0
7747,30,0.307943707661932,8,1,40,0,0,65,1
7748,46,0.278628333089757,8,2,516,1,1,25,1
7749,36,0.3934481532236358,6,0,129,2,0,16,0
7750,20,0.13185198964339695,7,2,21,3,0,81,1
7751,25,0.5076838246350844,2,0,40,4,0,69,1
7752,25,0.69244035251813,9,1,152,2,0,86,1
7753,72,0.6301855690545725,3,0,557,0,0,82,1
7754,37,0.8037549475691906,2,0,349,1,2,99,0
7755,64,0.45200828798708115,5,0,8,1,0,92,0
7756,21,0.5190917303397282,1,1,46,3,0,16,1
7757,68,0.8104019408589833,5,2,329,1,0,56,0
7758,38,0.42770117081923853,10,2,2,0,2,93,1
7759,20,0.7015993498995969,4,0,408,2,0,18,1
7760,62,0.43460236871799185,6,2,35,3,1,22,1
7761,25,0.41773619451156263,5,1,242,4,0,28,0
7762,40,0.7602056245291603,9,1,433,4,0,30,0
7763,33,0.17483691546621116,5,1,417,0,1,98,1
7764,30,0.3385859719415736,8,1,218,3,1,65,1
7765,20,0.22417227674690177,2,2,200,3,1,72,0
7766,65,0.35910994296759713,3,0,393,0,0,68,1
7767,26,0.23037482236602402,3,0,538,3,1,44,1
7768,31,0.5794056310866547,3,0,268,1,0,33,0
7769,30,0.7981708026178452,6,1,123,1,0,22,0
7770,70,0.7866130612179019,7,2,399,0,0,72,0
7771,74,0.36450096454879244,7,2,280,0,0,63,1
7772,24,0.9887604058942617,7,2,432,1,0,60,1
7773,32,0.5938543647058008,3,2,399,2,0,70,1
7774,24,0.3994003017782948,1,2,1,0,2,16,0
7775,55,0.8355392792414255,6,2,328,1,0,26,0
7776,51,0.7298740126426408,3,0,382,2,0,66,0
7777,58,0.7492753368241044,3,1,588,2,1,30,1
7778,39,0.1961393497338716,3,0,77,1,0,18,0
7779,41,0.4683243073685551,9,2,331,1,0,13,1
7780,66,0.8618281308246027,4,1,162,3,0,78,0
7781,54,0.5040380076287573,5,1,149,2,0,11,0
7782,61,0.6834527434210503,3,1,559,4,0,51,1
7783,18,0.5879337330342645,10,1,504,3,1,62,1
7784,27,0.8423567877183821,1,2,575,3,0,24,0
7785,60,0.2845608397616026,4,2,149,2,1,83,0
7786,33,0.5754752778863649,1,1,584,2,2,60,1
7787,63,0.12323466800980398,7,2,46,2,0,47,0
7788,25,0.6902107766994678,7,1,361,0,1,64,0
7789,73,0.7319678383527121,4,2,373,1,0,56,0
7790,66,0.04283732118899841,5,1,94,1,0,92,1
7791,42,0.6757909636279851,10,2,100,1,1,70,1
7792,67,0.41469015416578636,7,0,389,2,0,24,1
7793,29,0.12409687610968234,6,0,594,3,0,17,0
7794,42,0.4199075476984676,4,2,81,2,0,29,0
7795,34,0.1942329296955817,4,2,412,2,1,40,0
7796,43,0.41555953212331653,2,0,2,3,0,7,1
7797,63,0.3843390279585277,10,2,12,4,0,51,0
7798,65,0.7383916369360575,2,1,163,0,1,16,1
7799,31,0.7742155581663588,4,2,344,4,0,64,1
7800,58,0.6070286543845467,5,2,165,2,0,32,0
7801,53,0.022686842182447542,4,0,74,1,0,79,1
7802,74,0.931022279070994,3,0,59,1,0,85,1
7803,40,0.6862332800964477,2,2,381,3,0,18,1
7804,60,0.034195449921188836,4,1,72,2,0,35,0
7805,23,0.8188328992141178,5,2,122,3,0,73,0
7806,64,0.20026615471799614,1,1,466,3,0,70,1
7807,22,0.5792211895711068,1,1,288,0,0,64,1
7808,60,0.46663436995018714,6,2,515,3,0,81,1
7809,42,0.41983878235507666,5,1,480,2,1,24,1
7810,35,0.8897137201243975,4,0,236,0,1,15,1
7811,30,0.4373612915626147,1,1,171,1,0,82,1
7812,60,0.07534411757315074,7,1,384,0,0,8,1
7813,31,0.9466387272149526,4,1,445,2,0,56,1
7814,45,0.9205352312396275,3,0,206,4,1,51,1
7815,35,0.6844326895815988,7,0,149,0,0,71,1
7816,74,0.467892528132025,2,2,570,4,1,15,0
7817,45,0.09285947294352126,10,1,150,0,0,54,0
7818,68,0.7907481185774762,1,0,112,0,0,93,1
7819,73,0.07547791442402896,4,1,231,3,2,27,1
7820,44,0.06860098489514566,8,1,487,4,0,85,0
7821,49,0.5373838424393681,6,2,382,4,0,66,1
7822,64,0.16012824018464022,9,1,373,0,0,57,1
7823,26,0.007730267340348984,1,0,246,2,0,99,0
7824,57,0.42311343099578624,1,2,139,2,0,18,1
7825,49,0.13721723161006594,5,2,401,4,2,51,1
7826,37,0.16051541528069124,6,1,124,3,0,22,1
7827,45,0.07691063873533466,8,1,355,3,0,71,1
7828,50,0.20509375372360994,3,0,238,2,1,87,0
7829,21,0.7154841797743894,6,1,512,3,0,27,0
7830,63,0.8089273072177914,3,0,531,0,0,99,0
7831,74,0.45253364402930063,8,1,272,0,0,64,0
7832,51,0.5065538158814177,4,0,176,4,0,63,1
7833,65,0.0326550345942026,2,1,405,1,1,92,1
7834,20,0.06931626137131686,9,2,113,2,0,54,1
7835,43,0.2575677256495169,10,0,26,2,0,65,1
7836,25,0.5438984207131475,8,2,417,1,1,21,1
7837,23,0.739551148734993,6,2,598,3,0,58,1
7838,33,0.605003061338033,3,2,591,0,0,95,1
7839,41,0.39212785498678826,2,2,461,0,0,13,0
7840,65,0.11832407300313819,4,0,179,2,1,36,0
7841,56,0.7807732348871894,4,1,566,2,0,82,1
7842,47,0.3637860515990571,1,2,246,3,0,26,0
7843,62,0.7360540144827896,9,1,499,3,1,44,1
7844,30,0.5129788419143418,10,0,316,2,0,82,0
7845,22,0.7386620535618252,8,1,433,3,0,56,1
7846,42,0.9072895614525719,7,0,232,1,0,82,1
7847,37,0.921029516053802,6,1,368,0,0,32,1
7848,71,0.5351067800006034,3,0,167,2,0,48,0
7849,35,0.5115083647656388,4,0,67,1,0,58,1
7850,64,0.26567846550283725,2,1,550,1,0,52,1
7851,35,0.9357998315292914,7,2,344,4,0,26,0
7852,19,0.4579191671996209,2,2,529,2,0,39,1
7853,27,0.12759123928737715,10,1,51,4,0,49,0
7854,72,0.4327049146265499,1,2,444,1,0,32,1
7855,62,0.12705325023800396,6,2,591,2,0,71,1
7856,67,0.5025316842570751,4,0,139,4,2,90,1
7857,64,0.5612755148562122,8,1,408,0,1,42,1
7858,29,0.3377557614935853,1,2,334,2,2,57,1
7859,64,0.07165061423148467,9,2,280,4,0,91,0
7860,30,0.9435035356332391,6,2,404,3,0,10,1
7861,67,0.7733531134834296,2,1,121,2,0,18,0
7862,64,0.838881080505121,8,2,459,3,0,90,1
7863,74,0.3668683942862294,5,2,38,2,0,40,1
7864,72,0.7608310300194505,5,2,74,4,0,88,0
7865,28,0.48537289516919424,5,0,560,4,0,55,0
7866,36,0.20108348840604595,7,1,216,2,0,91,0
7867,52,0.12442337690721328,7,2,245,1,0,81,0
7868,56,0.34505086932205686,10,0,417,4,0,48,0
7869,70,0.13755211147513968,7,1,202,2,0,49,0
7870,43,0.9982689762040686,10,0,518,2,0,77,1
7871,63,0.049188990232022056,2,0,295,0,0,45,0
7872,31,0.44114359936907654,8,1,449,3,0,10,1
7873,71,0.45209352239038414,1,2,227,0,0,96,1
7874,62,0.30063192858167553,2,2,102,3,0,11,0
7875,61,0.5713515657069453,7,0,91,3,0,87,1
7876,41,0.14997702415154468,4,1,356,0,0,99,0
7877,58,0.7839123805872337,10,1,145,1,1,97,1
7878,18,0.3324477182476383,10,2,266,2,0,51,1
7879,68,0.5913425897986417,9,0,118,4,1,37,0
7880,60,0.7156392360669593,9,2,502,2,0,26,1
7881,72,0.8890421176901612,3,1,263,0,1,71,0
7882,39,0.8357874364522001,3,1,275,1,1,81,1
7883,40,0.6083090281035596,9,2,58,4,1,17,0
7884,73,0.3883931803838869,10,2,346,4,0,60,0
7885,71,0.503204670074964,8,1,185,1,0,81,1
7886,36,0.7687347933788026,1,0,114,4,0,16,1
7887,35,0.877545542559473,6,1,361,4,0,9,0
7888,29,0.10378192817667187,7,0,235,1,1,81,1
7889,72,0.3848562624930535,8,2,441,0,1,59,0
7890,45,0.7761165984135006,2,2,577,0,1,80,1
7891,45,0.431651762593961,1,0,262,4,0,78,0
7892,50,0.33222776406628385,4,1,50,0,0,19,1
7893,36,0.4113226968232696,1,1,350,0,0,70,1
7894,45,0.6028447467863508,2,0,416,4,0,42,1
7895,69,0.9998051441338015,3,0,12,4,0,84,1
7896,66,0.4929924291045318,4,0,393,0,0,59,0
7897,54,0.20849447495426054,6,0,531,3,1,93,1
7898,43,0.16284657527909474,8,1,212,1,1,59,1
7899,52,0.04234974747641429,9,2,269,0,0,51,0
7900,51,0.5588172349183215,4,1,39,0,0,94,0
7901,52,0.5445720914888342,1,0,180,3,0,18,0
7902,57,0.20523392678030916,5,1,264,2,0,19,0
7903,33,0.695329406452567,5,0,105,2,0,39,0
7904,55,0.7411070416296808,9,0,486,1,0,35,0
7905,30,0.25909820538211126,6,0,403,4,0,38,1
7906,40,0.3440997640297365,5,0,389,0,2,77,0
7907,71,0.9904716723472566,10,1,122,3,0,11,0
7908,39,0.3742644678507342,10,0,36,4,2,42,0
7909,33,0.7608016717561018,5,1,502,4,0,5,0
7910,45,0.45272542662994,8,1,526,2,0,91,1
7911,65,0.7933448278609759,1,2,596,0,2,18,1
7912,52,0.7690232387826479,5,1,91,1,0,29,1
7913,62,0.6677560251985356,1,2,99,3,0,12,0
7914,63,0.8547783462955792,7,2,454,0,0,44,1
7915,25,0.9392184948776852,7,2,597,4,1,10,1
7916,61,0.5799833204520839,10,1,393,4,2,83,1
7917,72,0.23746890722274572,8,2,593,1,0,24,0
7918,72,0.398628961644075,7,0,504,2,1,85,1
7919,39,0.7583057135132932,9,1,116,1,2,63,1
7920,38,0.6508834851238695,8,0,490,1,0,10,1
7921,43,0.17779833856524874,8,1,341,0,0,43,1
7922,57,0.051239541146424705,3,2,425,2,2,96,1
7923,38,0.6829615935420649,10,2,469,4,0,14,0
7924,42,0.25107902402934534,4,1,133,2,0,13,1
7925,58,0.49967024372905344,4,2,179,0,0,38,1
7926,18,0.7467467725125942,1,0,211,0,0,81,0
7927,23,0.5626667806563331,6,0,517,1,1,59,1
7928,40,0.08330258311179639,2,2,584,0,0,79,1
7929,68,0.1855802367835554,9,1,412,2,0,79,1
7930,40,0.21932818403091914,1,1,356,1,0,98,0
7931,60,0.2578642536448449,1,0,452,1,0,96,0
7932,60,0.5654033919505043,10,2,434,1,0,91,0
7933,40,0.5039657798253935,6,2,76,2,0,65,0
7934,49,0.20316003836420893,1,0,282,1,0,63,1
7935,47,0.06755484345568707,3,1,536,3,0,83,1
7936,30,0.17143220447471808,10,2,420,3,0,15,0
7937,60,0.9843813126186033,2,1,150,2,1,17,0
7938,35,0.46854694979147227,9,1,502,4,0,66,0
7939,40,0.8673455047021125,5,0,587,4,0,96,1
7940,32,0.8487524666688433,6,1,514,1,1,75,1
7941,50,0.5115195574628737,2,0,584,2,0,99,0
7942,38,0.7066877084605435,8,2,334,1,0,26,0
7943,74,0.19275201041271228,6,1,583,1,1,42,1
7944,56,0.6883967049269083,8,0,411,3,0,18,1
7945,40,0.2723845792632895,8,0,254,0,0,10,1
7946,44,0.8320620967541508,1,1,217,2,0,35,0
7947,62,0.08372413310890992,7,0,207,0,2,55,1
7948,61,0.7731386728852775,2,2,289,3,1,7,1
7949,35,0.09993690656861953,8,1,576,0,0,21,0
7950,41,0.881189236894309,2,2,284,3,0,24,1
7951,68,0.3042045181350037,4,0,515,4,0,11,1
7952,64,0.6543933648305748,2,2,231,3,0,21,0
7953,57,0.48750227862027984,7,0,331,2,0,62,0
7954,68,0.366303145262339,5,0,206,4,0,94,1
7955,59,0.6454418331834965,9,2,360,1,1,31,1
7956,24,0.947522980551238,5,1,350,2,1,17,1
7957,67,0.04126974737462186,8,1,372,2,0,9,0
7958,65,0.9188528558831043,2,1,100,2,0,69,1
7959,37,0.6090816550210135,3,2,543,0,0,21,0
7960,44,0.8073143007690523,6,2,469,0,0,41,1
7961,23,0.3838749534342776,7,2,130,1,0,20,1
7962,44,0.4718429748376137,10,2,528,0,0,22,1
7963,26,0.868850751801164,8,1,476,2,0,96,1
7964,70,0.4148479698098231,3,1,247,3,0,7,0
7965,62,0.534659566749085,7,0,374,1,0,22,0
7966,74,0.020194923084332905,8,2,395,1,0,45,1
7967,48,0.1585980058380423,10,1,575,2,0,98,1
7968,38,0.6416865079747998,6,1,77,4,1,82,0
7969,43,0.7169769010638771,4,1,40,0,0,21,0
7970,57,0.5826009367844994,6,1,257,4,0,87,1
7971,65,0.14331003627561067,9,1,180,2,0,65,0
7972,62,0.4454054285778348,3,1,289,4,1,51,0
7973,30,0.3550947663631898,2,2,124,2,0,76,0
7974,66,0.4956613440350883,5,0,467,0,0,72,0
7975,40,0.8703290345540943,7,0,234,0,0,28,1
7976,37,0.7758614386586519,3,2,499,1,2,97,0
7977,54,0.08398950138915895,5,1,551,4,2,51,1
7978,71,0.8903091977745643,4,2,73,4,0,60,1
7979,70,0.4717671511498236,7,1,4,4,0,79,0
7980,45,0.7438621448859984,2,1,117,4,1,80,1
7981,34,0.14003923126435214,7,1,313,3,0,18,0
7982,45,0.6707195257070481,2,1,200,1,1,75,1
7983,58,0.23632601760945793,3,1,542,1,1,71,0
7984,19,0.43838089714093154,5,2,429,3,0,15,0
7985,42,0.01686287008210441,7,2,158,4,2,6,0
7986,67,0.15161063793047602,6,0,300,3,1,21,1
7987,58,0.09208049312361977,7,1,419,4,0,46,0
7988,23,0.23974417293825845,6,2,257,3,0,62,0
7989,28,0.10001809002432227,1,2,61,1,0,27,0
7990,74,0.6919100266195619,5,1,161,3,0,37,1
7991,55,0.02903990220921937,1,1,85,2,0,90,1
7992,23,0.617740500624998,7,2,12,4,0,49,0
7993,62,0.14070783082557425,4,1,274,3,0,82,1
7994,28,0.9451614571778969,5,2,416,4,0,53,1
7995,31,0.9330940731098543,1,0,123,0,2,24,1
7996,19,0.22550310252096262,8,1,48,4,0,57,0
7997,57,0.6144212982230295,4,0,2,3,0,21,0
7998,20,0.028005319472458434,3,0,582,4,1,12,1
7999,72,0.9317885430511741,1,0,270,2,0,11,0
8000,70,0.5229873081917097,4,1,549,2,2,41,0
8001,52,0.04322315141777899,3,0,152,3,0,53,0
8002,50,0.3424999930081374,8,2,316,3,2,72,1
8003,41,0.0768494618612342,9,2,433,4,1,34,1
8004,36,0.3929444393733599,5,1,521,1,1,56,1
8005,35,0.6699263421613231,9,1,489,2,0,58,1
8006,66,0.4698899080414396,1,0,198,2,0,56,1
8007,69,0.38372217471945447,7,1,435,0,0,89,0
8008,41,0.1191570455404648,7,2,216,0,1,46,0
8009,62,0.24493904569365632,6,2,509,1,0,31,0
8010,52,0.10014328773835113,4,2,39,2,0,7,0
8011,18,0.8074987316566608,9,1,488,3,0,99,1
8012,53,0.13523982798472256,3,2,580,2,0,20,0
8013,42,0.5953733665488935,1,1,248,3,1,81,0
8014,62,0.3427404135888459,2,0,84,3,0,75,0
8015,66,0.2259783846551835,3,2,403,1,0,79,0
8016,60,0.6394684394921037,2,0,28,2,0,46,1
8017,51,0.45700230937694064,6,2,36,4,0,79,1
8018,42,0.40014546728455913,7,2,506,2,0,60,1
8019,33,0.5928520048922216,5,2,531,2,0,37,1
8020,51,0.4912676284900007,5,0,259,0,2,33,1
8021,46,0.3034842085515608,7,2,254,1,0,99,1
8022,36,0.5590612877652517,6,0,85,4,0,95,1
8023,40,0.6694985765506946,8,1,563,4,0,66,1
8024,36,0.026693158586854282,9,2,411,4,0,70,1
8025,42,0.46587172890767536,2,2,387,3,0,12,0
8026,33,0.05768328458354377,2,0,399,1,0,47,1
8027,71,0.18640541406811106,1,2,421,0,0,51,0
8028,68,0.5605087340779731,7,1,332,3,0,16,1
8029,26,0.8661889152655807,4,2,452,4,0,88,1
8030,18,0.8828056791884848,9,1,594,3,0,44,1
8031,59,0.06994401013863127,6,1,148,3,0,9,0
8032,36,0.4191050862867066,7,2,169,4,0,60,1
8033,50,0.5830064830045513,7,2,324,4,0,61,1
8034,51,0.1470699045503434,8,1,227,0,1,81,1
8035,33,0.7654322167447717,4,1,325,1,0,5,1
8036,61,0.7442352584372388,3,1,4,2,0,37,0
8037,57,0.9033410137067946,3,2,151,2,0,64,1
8038,72,0.008486012083443017,10,0,220,2,0,77,1
8039,35,0.21668424398900266,8,2,156,0,0,38,0
8040,51,0.8271867142453218,3,0,257,3,0,76,1
8041,42,0.6705800508269354,8,0,5,4,2,37,1
8042,62,0.8943898536984908,2,2,289,1,1,60,1
8043,23,0.05717965453026652,5,0,203,2,2,80,0
8044,38,0.5969639657164428,5,1,277,1,0,87,1
8045,23,0.5690465748936742,7,2,133,1,1,25,1
8046,49,0.03567441636053237,5,0,588,4,1,72,1
8047,58,0.5135220769124835,9,1,446,0,1,8,0
8048,65,0.6095203113099242,3,0,345,4,0,53,0
8049,60,0.19129317420210723,9,0,115,0,0,15,1
8050,56,0.27332958312466293,1,1,598,3,0,94,1
8051,48,0.640347346297737,3,1,579,1,0,9,1
8052,59,0.46830094759995833,4,2,312,2,0,64,1
8053,27,0.8580136575683268,6,0,420,1,1,34,0
8054,47,0.34238176600918835,10,2,582,4,2,70,1
8055,74,0.26665965838820116,8,2,172,0,1,92,0
8056,69,0.9848659403448428,7,0,168,3,1,20,1
8057,35,0.9111357701300834,8,0,102,3,0,86,1
8058,41,0.028992744998979858,6,2,227,0,0,80,0
8059,69,0.7707286153065659,6,1,132,0,0,94,1
8060,26,0.11033477382520296,6,2,571,0,0,16,0
8061,48,0.02748519482937095,3,0,210,3,1,30,0
8062,32,0.2736955159663489,10,1,108,1,2,72,1
8063,21,0.2693458790611043,4,2,192,1,0,31,1
8064,57,0.8193187623469647,6,0,356,3,1,57,1
8065,26,0.7106672459428351,7,1,520,2,0,91,1
8066,62,0.9816094273320143,3,1,425,4,0,89,1
8067,26,0.7115129003118185,4,1,73,3,1,52,0
8068,43,0.4182555532560479,6,0,95,2,0,41,1
8069,21,0.6989276609452169,1,2,128,4,0,49,1
8070,34,0.9994590671864021,7,0,342,1,0,79,1
8071,33,0.7101418825625281,1,0,370,0,0,7,0
8072,32,0.7616813559803183,10,1,400,4,0,10,1
8073,52,0.9383650151902594,9,2,221,0,0,82,1
8074,74,0.11365126131168335,10,1,511,2,2,10,1
8075,69,0.7047842934477269,9,0,504,3,1,81,1
8076,22,0.850805957967449,9,1,334,3,0,33,1
8077,72,0.954378600220893,4,0,373,0,1,37,0
8078,22,0.21096928971169937,2,0,485,4,0,21,0
8079,37,0.5039290077242442,7,0,6,4,1,61,1
8080,32,0.6805548476444818,4,1,388,2,0,15,0
8081,35,0.24746772950133744,5,2,435,3,1,70,0
8082,64,0.600472863250274,1,1,115,0,0,38,1
8083,19,0.25757878249799937,10,0,102,1,0,99,1
8084,46,0.3334570205316473,6,1,564,3,1,20,1
8085,30,0.44151869651086506,7,0,2,3,0,45,0
8086,21,0.529190098746567,3,2,543,2,1,41,1
8087,59,0.4493658716251506,10,2,79,3,0,26,0
8088,62,0.4931955197879292,2,0,395,2,0,50,1
8089,27,0.2985887562882926,10,2,388,2,0,39,1
8090,48,0.1589650940226306,7,0,259,1,1,11,0
8091,58,0.04734997732683943,1,1,311,4,2,54,0
8092,25,0.1959787224916677,2,1,335,3,0,19,0
8093,20,0.581943641505783,3,2,209,2,1,8,1
8094,65,0.7861154478031324,4,2,510,2,0,92,1
8095,63,0.16924759744289453,5,0,447,4,1,17,1
8096,26,0.10855535777264846,4,2,44,4,0,33,0
8097,47,0.7492903605492502,10,2,403,2,0,54,0
8098,70,0.3051583305372897,3,2,308,3,0,20,1
8099,28,0.9514994392273525,1,0,226,3,1,5,0
8100,52,0.714317970610373,7,1,348,3,0,38,1
8101,54,0.32675604724303087,10,0,112,4,0,84,0
8102,59,0.2895427477937049,6,0,29,3,0,37,0
8103,30,0.523698386271309,2,2,275,3,0,19,0
8104,53,0.07914466827820943,2,1,361,3,0,85,1
8105,73,0.11767651264529899,3,0,86,4,0,62,0
8106,30,0.1758578813161925,8,2,435,0,1,85,1
8107,29,0.7747235933045602,8,0,21,0,0,39,0
8108,54,0.5138573592691225,10,2,384,3,1,57,1
8109,27,0.010567122774442939,10,1,20,0,0,33,0
8110,73,0.673516527472109,10,1,490,3,0,80,1
8111,26,0.4236901786604971,10,2,466,4,0,62,1
8112,69,0.5108523649637979,8,0,455,3,0,81,0
8113,24,0.21411624341293556,7,0,220,1,0,25,0
8114,19,0.5517822283941036,2,1,593,2,0,43,1
8115,71,0.9791532397514886,1,0,590,4,0,5,0
8116,73,0.07344469100576145,6,2,497,1,0,53,1
8117,40,0.28391739966443064,8,2,158,1,0,81,1
8118,56,0.24299759286082978,1,2,142,2,0,47,0
8119,57,0.2485493107511796,3,1,44,1,2,92,1
8120,56,0.3787063575653773,1,1,450,2,0,92,1
8121,38,0.8181097847441675,10,1,235,3,1,81,0
8122,40,0.9128586899643873,9,2,224,4,0,9,1
8123,46,0.20221508745897332,7,1,407,4,0,59,1
8124,31,0.5429499379481127,8,2,293,4,0,82,0
8125,43,0.6368989721654803,9,0,279,2,1,84,1
8126,68,0.5218274743638449,3,1,416,2,0,74,0
8127,22,0.43407639419691957,10,0,146,1,0,6,1
8128,72,0.19197550585923784,2,0,581,4,0,72,1
8129,48,0.48821935919923853,6,1,470,1,2,67,1
8130,42,0.4012148277113289,5,1,48,3,0,84,1
8131,48,0.7955633625022697,4,0,16,1,0,89,1
8132,67,0.7636043591629952,6,0,148,4,0,85,1
8133,37,0.1339986812056707,6,0,554,2,0,71,0
8134,61,0.08851905256306758,3,2,211,1,0,92,0
8135,72,0.908153943227503,2,0,62,1,1,74,1
8136,34,0.5355083889644977,9,2,535,2,0,87,1
8137,62,0.8578009372825907,8,1,544,2,0,90,0
8138,19,0.05815112056640115,4,0,486,4,0,7,1
8139,42,0.5265156165216303,6,1,479,3,0,43,0
8140,30,0.5394265145762364,3,0,43,4,0,91,0
8141,56,0.8607020325421499,8,1,455,1,0,15,1
8142,45,0.0976099982297075,3,0,510,4,0,34,0
8143,59,0.2404455636759093,2,2,354,4,0,54,0
8144,72,0.4065383138870131,7,1,11,2,2,71,1
8145,23,0.8658414754199422,3,1,355,3,1,52,0
8146,20,0.938883315070567,9,0,136,3,0,44,0
8147,52,0.9927246195936279,3,2,473,4,0,20,1
8148,35,0.9591934864585215,8,2,597,2,0,36,1
8149,28,0.005941755844354413,2,2,52,2,0,66,0
8150,71,0.04770834145387204,9,0,572,1,1,90,1
8151,37,0.14760681915758866,1,1,112,0,0,80,0
8152,22,0.34886209677027313,3,0,477,1,1,44,1
8153,36,0.8299180309869587,2,2,334,1,0,82,1
8154,39,0.8926561953354805,7,2,416,1,1,75,1
8155,36,0.18683440629458303,5,1,66,0,0,70,0
8156,64,0.6196641516197087,8,0,319,2,0,15,1
8157,33,0.9173619850652766,2,0,253,2,0,78,1
8158,41,0.4637317359313208,8,2,400,3,0,10,1
8159,58,0.10354357195278396,7,1,299,3,1,13,0
8160,21,0.45781365008462493,5,1,4,4,1,23,1
8161,32,0.37579490228805723,2,2,445,4,1,29,1
8162,42,0.577657996066007,10,0,234,4,0,9,1
8163,61,0.43865868440710365,7,0,446,3,1,9,1
8164,72,0.01734592685371794,10,1,38,3,1,58,0
8165,52,0.9939977334136711,4,1,199,1,0,71,0
8166,72,0.5435402377305709,4,2,20,2,0,72,0
8167,31,0.47363075548460953,8,1,73,3,0,16,0
8168,66,0.954617371504054,6,0,148,0,0,94,0
8169,36,0.1558603675870771,9,0,283,1,1,10,1
8170,55,0.18923760254524824,2,1,85,0,0,78,0
8171,53,0.8080147490627835,5,2,101,0,0,95,0
8172,24,0.26083108002500877,6,0,530,2,0,91,0
8173,47,0.7992271062915269,8,0,62,0,0,42,0
8174,36,0.27153348290850254,4,2,549,0,0,34,0
8175,66,0.033187630225001485,7,1,407,0,0,41,1
8176,42,0.517014723886716,7,0,172,0,0,29,0
8177,33,0.19668643412686138,4,0,520,1,0,48,0
8178,64,0.7578462929324711,1,2,520,1,0,64,0
8179,71,0.6411996332321481,3,1,532,2,2,18,1
8180,57,0.9236026679779178,2,2,23,2,1,71,1
8181,68,0.7829883572657359,3,2,94,0,0,72,0
8182,25,0.18077595484072684,5,1,295,4,1,40,1
8183,35,0.8001582366647964,1,0,179,0,0,29,1
8184,45,0.6417370448140233,5,2,130,0,0,12,1
8185,33,0.6689516417606249,2,0,532,2,1,29,1
8186,69,0.8322628859701487,4,0,7,3,0,40,1
8187,36,0.5738240691889402,6,0,200,2,1,34,0
8188,59,0.4660035143530129,9,0,384,1,0,83,0
8189,34,0.636641035358728,10,2,525,2,0,64,1
8190,62,0.2979574289583591,6,1,547,3,0,49,0
8191,30,0.1825971310870993,10,0,405,0,0,51,1
8192,24,0.6165878380712464,2,0,372,3,0,54,1
8193,44,0.23384836908547768,8,0,163,2,0,73,0
8194,27,0.07991510934660673,5,1,556,4,0,86,1
8195,51,0.000554184585253914,9,0,522,1,0,46,0
8196,53,0.6083194014000671,10,1,353,3,1,54,0
8197,42,0.3621487834802368,9,2,408,2,0,11,0
8198,23,0.752310970673456,4,1,510,0,0,8,0
8199,41,0.37517639831310245,1,0,211,2,0,58,0
8200,35,0.4860034482382267,9,2,344,0,0,49,0
8201,40,0.4070849728153849,9,1,10,4,2,35,0
8202,23,0.6505747911093461,8,0,335,1,0,84,1
8203,46,0.3561391620149682,5,2,339,3,0,65,1
8204,42,0.9637676499423089,5,2,257,2,0,49,0
8205,72,0.9361469865985301,10,1,53,2,0,7,0
8206,34,0.8480279026572813,6,0,295,3,2,51,1
8207,63,0.9203002705727481,1,1,556,0,0,53,1
8208,41,0.449139688459391,9,2,216,1,0,7,1
8209,28,0.5364303967894921,5,2,387,4,0,7,0
8210,43,0.7420925925582444,7,0,106,3,0,97,1
8211,68,0.6961459249385411,8,2,472,1,1,87,1
8212,51,0.8906785956054708,5,0,7,2,1,8,0
8213,45,0.7163310272566953,3,1,543,1,1,63,0
8214,20,0.9978847082284605,6,2,167,4,0,39,1
8215,28,0.348505799831591,7,2,330,1,0,57,1
8216,55,0.8329977422394179,4,0,36,2,0,20,1
8217,31,0.6976348228326642,9,0,230,4,0,55,0
8218,68,0.6913864452150186,4,1,182,4,1,30,1
8219,43,0.3258355948449989,10,0,291,4,0,42,0
8220,65,0.7856017924230225,2,2,521,2,0,72,1
8221,38,0.9003760223475992,9,1,69,0,0,38,0
8222,71,0.21854846152056295,4,1,236,2,1,25,0
8223,73,0.6254968371167041,4,1,463,0,1,45,1
8224,56,0.3921348291027752,10,0,117,0,0,63,1
8225,47,0.9895481192948771,1,0,190,2,0,93,1
8226,25,0.4788328158316816,2,2,505,1,2,7,1
8227,68,0.2283201737969427,3,1,503,2,0,60,1
8228,37,0.38185762522183253,7,1,400,4,0,66,0
8229,65,0.6538383898166262,9,1,316,1,0,22,0
8230,49,0.07608937134957627,5,2,221,3,2,93,1
8231,39,0.6036019202212376,4,0,188,3,0,88,1
8232,24,0.931224759178898,2,1,291,3,0,19,1
8233,26,0.8503627876578504,7,0,222,4,1,70,0
8234,62,0.06767353665798337,6,0,416,4,0,34,1
8235,18,0.9933898787390681,7,0,406,0,0,80,1
8236,46,0.6987269237038791,8,0,37,4,0,43,0
8237,25,0.1622808243140237,9,0,452,0,1,68,1
8238,73,0.012416089169423494,10,2,206,3,0,61,1
8239,71,0.17128263629215135,5,0,399,2,0,67,0
8240,21,0.8381759206857385,5,1,186,2,0,11,0
8241,52,0.02163932494516374,4,1,359,4,0,90,0
8242,20,0.23314730361808655,3,1,5,3,0,76,0
8243,71,0.7573055953348754,7,2,132,3,0,91,1
8244,62,0.5861105358981351,5,0,472,0,0,27,0
8245,57,0.7827357103601918,7,1,512,0,1,80,1
8246,24,0.7461505038267879,2,1,82,3,0,10,0
8247,44,0.05060138712180473,9,1,376,4,0,62,0
8248,18,0.8925114190941515,9,0,334,4,0,18,1
8249,44,0.2270318342822687,9,1,101,3,0,32,1
8250,33,0.5533924402297637,5,0,287,2,1,9,1
8251,55,0.6442881565277788,10,1,30,2,0,72,1
8252,24,0.1686282108850954,9,1,313,0,0,60,0
8253,61,0.9762312567009744,1,0,153,3,0,29,0
8254,40,0.488155956087309,2,1,559,2,0,31,1
8255,58,0.057642695597393434,10,2,552,4,0,64,1
8256,28,0.9372620447778404,5,0,152,1,0,8,1
8257,59,0.5862678431932681,5,1,231,1,1,33,0
8258,70,0.6991931979813764,6,2,120,3,0,95,1
8259,50,0.5251757899342241,8,2,184,0,1,11,1
8260,67,0.8347379547769676,1,0,455,1,0,36,1
8261,53,0.033133462193210894,10,1,387,4,0,24,1
8262,54,0.26837836527714776,9,0,225,4,1,68,1
8263,58,0.4696483564026922,4,2,194,4,2,47,0
8264,34,0.07660361631371004,8,2,25,1,0,34,1
8265,52,0.7059066693266582,5,0,193,2,0,64,1
8266,65,0.39366341405564076,1,0,18,4,1,97,1
8267,22,0.27266799026814403,9,1,536,0,2,32,1
8268,65,0.0033788468084122725,8,2,558,3,1,44,0
8269,49,0.7198303117499537,5,0,263,3,0,71,1
8270,20,0.8338093088728618,4,2,514,3,0,95,0
8271,69,0.39504053568149844,8,0,470,2,0,89,0
8272,64,0.5642179770333655,9,1,238,3,0,41,1
8273,52,0.22768662592959843,7,2,288,3,0,63,1
8274,69,0.6221976462801331,4,1,367,1,0,24,1
8275,31,0.012137458315200522,7,1,411,2,0,67,1
8276,65,0.48864389709875844,6,2,21,2,1,77,1
8277,48,0.6442054818406923,3,0,353,1,0,39,1
8278,48,0.918191773229734,10,1,541,0,0,62,0
8279,34,0.38133581712228426,3,1,558,3,0,14,1
8280,41,0.7651902029810298,1,2,419,0,0,63,1
8281,69,0.5976870299435008,5,2,314,1,0,25,0
8282,40,0.9270121129250806,8,2,328,1,0,47,1
8283,35,0.3983776756594306,6,1,469,1,1,47,1
8284,67,0.319095339872988,8,0,462,1,0,92,1
8285,71,0.8871419986941438,7,0,439,4,0,5,0
8286,31,0.04924440140828912,2,2,247,1,2,50,0
8287,67,0.1363853929336768,8,1,170,0,0,35,1
8288,32,0.08240443458404445,4,1,278,1,0,67,0
8289,32,0.8431099565764026,5,1,147,0,0,50,1
8290,23,0.010607423370319391,8,2,142,1,0,27,0
8291,44,0.8616571554970481,5,1,70,1,0,22,0
8292,32,0.4512677953712668,5,1,310,4,1,66,0
8293,67,0.0040252788539707485,6,0,466,1,0,31,0
8294,53,0.40164517721204185,7,2,593,3,0,48,0
8295,72,0.18680084104503558,9,2,40,4,0,50,1
8296,25,0.624400487472163,7,2,355,4,0,65,1
8297,32,0.6793587899216466,6,1,143,3,1,16,0
8298,20,0.48752757040499983,10,1,278,4,0,20,0
8299,64,0.04051952543966997,4,0,470,1,0,25,0
8300,30,0.6561288043672019,10,2,57,3,0,95,0
8301,58,0.8420387836055212,2,1,167,1,0,68,1
8302,51,0.7203242773264015,9,0,165,4,0,17,1
8303,41,0.8299579189553186,10,1,372,2,0,54,1
8304,57,0.20050952355088747,5,1,81,3,1,12,0
8305,49,0.8888879396564826,5,2,133,0,0,60,1
8306,49,0.3221934506479628,3,2,363,4,2,60,1
8307,47,0.013404814251991026,3,1,484,2,1,12,1
8308,69,0.8433916463290707,1,1,45,4,0,84,1
8309,66,0.9418212689647267,5,1,261,1,0,91,1
8310,30,0.6555581974173488,3,1,468,1,0,49,1
8311,18,0.23143663046342466,2,1,221,1,0,28,0
8312,51,0.2517444642825304,9,2,91,2,0,25,0
8313,32,0.4665928734356195,10,2,18,1,0,17,0
8314,61,0.8978310796014195,6,1,269,4,0,54,1
8315,31,0.14959765614755838,3,1,576,4,0,55,0
8316,74,0.825973669583487,7,2,414,4,0,8,0
8317,46,0.29130280870515035,9,1,246,3,0,97,0
8318,51,0.8085861694290979,9,2,301,4,1,64,1
8319,35,0.9202711976015386,1,2,15,1,0,72,1
8320,71,0.4274938719943202,2,2,502,3,2,25,0
8321,24,0.36505065410553084,8,2,394,3,1,38,1
8322,46,0.8022213189713018,1,0,183,3,0,77,1
8323,72,0.529482882379394,3,1,440,3,0,29,0
8324,48,0.6844490484631971,7,1,580,2,0,89,1
8325,42,0.6228292369611795,8,1,249,4,0,8,1
8326,55,0.15288884564479632,5,2,375,2,0,68,0
8327,31,0.8447903602895617,2,2,457,0,0,84,0
8328,25,0.1957751114131362,3,2,87,2,1,29,1
8329,44,0.9322821440707808,9,1,345,3,0,44,1
8330,71,0.25057129142214785,10,2,389,4,0,11,0
8331,19,0.7338809732737419,7,0,179,4,0,49,0
8332,34,0.28465539349359203,1,1,375,1,0,9,0
8333,54,0.3177854085868639,3,0,182,2,0,44,0
8334,31,0.3100018527823053,9,0,328,4,1,25,0
8335,42,0.7478922540260833,7,1,489,0,0,38,1
8336,73,0.5568151179693931,2,0,199,0,0,52,1
8337,47,0.8829524558474972,6,0,478,2,0,26,0
8338,46,0.30737271920404485,9,2,454,1,0,95,1
8339,37,0.6919925220567443,4,0,439,0,0,65,0
8340,38,0.7529485996631107,10,2,498,1,1,78,1
8341,70,0.15148211302995818,2,0,155,2,0,83,0
8342,39,0.40058935731981116,3,1,458,4,0,7,0
8343,52,0.4828174943504111,7,1,182,1,0,81,1
8344,54,0.3556873898943743,4,1,435,0,0,94,0
8345,33,0.3221125959691381,7,1,577,1,2,60,1
8346,67,0.6864198939976419,5,2,45,4,1,69,0
8347,66,0.21586639765948856,8,0,243,4,1,77,1
8348,60,0.7093907452511288,8,0,155,0,0,43,1
8349,34,0.9350441963907306,5,1,393,1,0,30,1
8350,33,0.5651975211777511,7,2,248,1,0,22,0
8351,72,0.6114342367394741,6,2,254,3,0,76,0
8352,19,0.06893270212408908,8,1,361,0,0,19,0
8353,21,0.8644769036178283,9,0,376,1,0,50,1
8354,38,0.2854477871998655,5,1,152,2,0,26,1
8355,56,0.6150511655285649,7,0,239,3,0,42,1
8356,51,0.9791121697448023,1,1,459,0,0,50,1
8357,47,0.5955026005728078,8,0,151,4,0,8,1
8358,23,0.7247094874643776,3,2,439,0,2,25,1
8359,34,0.4453196182237519,1,1,239,2,1,84,1
8360,56,0.06036584351505736,6,0,182,2,0,50,1
8361,42,0.7975993494897885,8,0,309,4,0,93,1
8362,22,0.03499884126398567,3,0,258,4,0,27,0
8363,22,0.7006578288878541,1,0,459,4,1,21,0
8364,37,0.022921573149636942,3,2,430,3,0,70,1
8365,33,0.8623052365766706,5,0,499,2,0,5,0
8366,68,0.15763603583298058,8,2,75,4,0,77,0
8367,58,0.5142714954425511,9,0,296,2,0,94,1
8368,54,0.5971507044831473,9,2,361,3,2,53,1
8369,57,0.4575454073734121,4,2,182,3,1,39,0
8370,26,0.3407634893488872,8,0,58,2,0,64,0
8371,22,0.4678142961809717,5,2,551,4,1,10,1
8372,59,0.3114157538811587,3,1,556,0,0,45,0
8373,74,0.4381223470808632,5,0,405,1,0,77,1
8374,19,0.35891299099803065,2,1,526,2,0,88,1
8375,26,0.5662048235071453,6,2,186,3,0,53,1
8376,60,0.23792416224498347,1,2,24,4,0,30,0
8377,53,0.9886565549140125,6,1,298,1,0,38,1
8378,39,0.5008699533821656,5,0,191,2,1,78,0
8379,39,0.19416207741450964,9,1,572,0,0,98,0
8380,39,0.47706674956727246,7,2,130,0,0,8,0
8381,51,0.8664151295248242,6,0,503,3,0,13,1
8382,72,0.021806793124395596,7,1,206,3,0,73,0
8383,46,0.6795541191072888,10,1,237,3,0,13,1
8384,55,0.547967796793928,5,0,191,2,0,29,0
8385,63,0.16955799437013552,1,1,27,0,1,44,0
8386,50,0.8174764393049206,9,0,106,0,0,71,1
8387,35,0.36888462237400566,5,0,222,3,0,29,0
8388,24,0.29380202881550743,4,1,379,3,0,55,0
8389,18,0.828125191856901,6,0,428,4,0,22,1
8390,50,0.6385250461916646,5,0,83,0,0,63,1
8391,18,0.8982590836748244,1,2,497,3,0,79,1
8392,41,0.6298837036711994,2,2,236,3,1,91,0
8393,21,0.7408176579321153,4,2,148,3,0,63,1
8394,21,0.8364458962596129,8,1,34,4,0,38,0
8395,35,0.05473963590993691,5,1,96,0,0,57,0
8396,44,0.7760489588693803,7,1,232,0,0,51,1
8397,60,0.6137064818495768,2,1,406,0,1,28,1
8398,49,0.06950779651519323,8,0,524,4,0,65,0
8399,50,0.5085779218687151,5,0,488,2,1,61,1
8400,45,0.08245807798395388,4,2,403,4,0,70,0
8401,59,0.7359472017232224,9,0,222,1,2,81,0
8402,58,0.546501713897883,6,1,402,4,0,24,1
8403,72,0.9535735374122973,4,0,450,1,1,75,1
8404,53,0.18313537157176984,8,2,585,3,0,77,1
8405,23,0.6060334525203784,3,1,183,1,0,38,1
8406,33,0.21158213457049135,10,0,276,4,0,58,0
8407,51,0.6140649847273983,2,2,567,2,0,69,1
8408,40,0.7226497023608565,7,0,568,0,0,76,0
8409,67,0.7223043293295386,4,2,385,4,0,55,1
8410,59,0.8150739906826099,4,2,492,0,0,45,1
8411,41,0.8535502279583167,10,2,294,1,0,5,1
8412,73,0.07727172626717704,9,1,60,3,0,29,0
8413,66,0.34326715707240407,2,0,145,3,0,97,0
8414,30,0.6871225203598057,1,0,525,4,0,56,1
8415,73,0.49858628739121214,7,1,182,1,1,85,0
8416,35,0.1906759467547915,8,1,314,1,1,75,1
8417,71,0.552709570166698,3,0,35,0,0,20,0
8418,30,0.4074356527661438,2,1,55,1,0,25,1
8419,66,0.3900382776543051,4,1,40,2,0,6,0
8420,54,0.8097537174356638,2,0,382,3,0,94,1
8421,60,0.40759833383218125,2,2,168,2,0,73,0
8422,56,0.026454505480424162,5,1,170,2,1,9,0
8423,59,0.058063338891091276,10,0,455,0,1,77,1
8424,34,0.8562440416916203,5,0,597,1,0,57,0
8425,32,0.9606008100125213,8,0,490,0,1,22,1
8426,35,0.6884093364557076,9,1,293,3,1,23,1
8427,40,0.3643682941000802,2,2,263,0,0,67,0
8428,71,0.9386003157947275,1,2,246,2,0,10,0
8429,68,0.6628030863757358,3,0,147,0,0,67,1
8430,47,0.8443335491993377,6,1,440,1,0,31,0
8431,51,0.7658523040370093,5,1,361,0,0,58,1
8432,21,0.3791393157725924,8,2,221,1,0,35,0
8433,20,0.4787022008507855,8,2,107,2,1,68,0
8434,24,0.1861321543680995,2,1,214,1,2,25,1
8435,73,0.29201410044073406,9,2,129,1,1,18,1
8436,35,0.7781256612865217,4,0,575,1,2,84,1
8437,59,0.8939783918831082,1,2,299,1,0,6,0
8438,24,0.7244604232514118,2,1,434,3,0,22,1
8439,57,0.4651736966566383,6,0,361,4,0,22,1
8440,23,0.08650926893974753,5,1,223,3,0,39,0
8441,39,0.056947948698448214,7,2,576,0,0,82,1
8442,18,0.3743255646128538,9,2,486,3,0,86,0
8443,21,0.4638217187676631,6,0,576,3,0,87,0
8444,63,0.6091206222132969,6,0,373,1,1,29,1
8445,66,0.00648952138699721,2,0,107,0,2,11,0
8446,69,0.9897228904663063,7,0,350,0,0,7,0
8447,67,0.3639388834040429,2,2,422,2,0,61,0
8448,60,0.8480946638011214,7,1,391,1,0,80,1
8449,46,0.5349667056654044,8,2,75,3,0,58,1
8450,38,0.1304394545333465,1,2,249,2,1,20,0
8451,43,0.7975655525345219,9,0,240,2,0,24,1
8452,31,0.7098270749198761,8,0,225,3,0,9,0
8453,26,0.527436084929228,9,1,472,0,0,65,1
8454,64,0.51455309133378,5,1,262,1,0,35,1
8455,29,0.08747960575092806,4,2,14,1,2,28,0
8456,59,0.6558489485738741,1,1,340,3,0,67,1
8457,68,0.9112451557542998,9,0,495,1,2,49,0
8458,73,0.09324491922135836,4,0,440,4,0,48,0
8459,68,0.2635114506489049,4,0,549,2,0,92,0
8460,23,0.9023079734420988,4,2,36,2,0,84,1
8461,37,0.2843439098197933,2,1,174,4,1,43,0
8462,41,0.6539436721799263,4,0,435,1,0,32,1
8463,44,0.5348181649431442,2,2,292,0,1,9,0
8464,55,0.5963276050038621,8,2,300,4,0,81,1
8465,25,0.4157889015772531,7,2,338,4,0,19,0
8466,18,0.2999914705537111,10,1,22,2,0,53,1
8467,71,0.04853345072966897,2,1,349,0,0,8,1
8468,66,0.7442809392941642,2,1,65,0,1,18,1
8469,66,0.7460934621942268,2,2,394,1,0,95,0
8470,41,0.6707257400787232,1,2,432,0,0,14,0
8471,64,0.6436337881196206,6,1,569,1,0,91,0
8472,24,0.24371713216752622,6,0,28,3,0,96,1
8473,36,0.02234493376629121,1,1,82,4,0,48,1
8474,39,0.8087153968854397,1,2,475,4,0,81,1
8475,74,0.4911385356958269,6,2,434,1,1,40,1
8476,72,0.30683813070261834,6,2,132,1,1,63,1
8477,52,0.10193190678057007,4,2,114,1,0,36,1
8478,47,0.0627215909013884,3,2,33,4,0,69,0
8479,46,0.3488667217951773,9,2,77,1,0,68,1
8480,39,0.8047370647669405,6,1,274,4,0,8,0
8481,28,0.9187237493338305,1,2,343,4,0,5,0
8482,37,0.8967513646130647,3,2,80,2,0,86,0
8483,46,0.9200008347496549,1,2,71,2,1,81,1
8484,68,0.9077253431293427,3,2,144,3,1,93,1
8485,58,0.5272247516003958,2,2,37,3,0,25,1
8486,59,0.21941563855690382,5,0,473,0,0,83,0
8487,51,0.7980465828368204,3,1,170,1,0,45,1
8488,18,0.213712974852579,7,1,39,4,0,45,1
8489,48,0.2672072767565691,8,0,172,0,0,14,0
8490,47,0.23325432182254846,7,0,423,2,0,8,1
8491,65,0.5149824036958058,2,2,198,4,1,73,0
8492,35,0.3218275081690799,10,1,221,0,0,48,1
8493,72,0.15415604962534146,10,1,449,2,0,63,1
8494,34,0.4531734118938824,7,0,427,3,1,42,0
8495,55,0.873907238785167,10,1,447,1,0,28,1
8496,31,0.5705528549499722,3,1,431,1,2,28,1
8497,40,0.8783356058875871,7,2,321,0,0,23,1
8498,42,0.1958721850791374,1,2,151,2,0,88,0
8499,32,0.166973873672554,2,2,44,0,1,96,0
8500,63,0.5755771256984202,10,1,323,2,0,47,1
8501,73,0.46332890154627304,1,1,411,2,2,79,1
8502,39,0.6601726416469569,9,2,260,1,0,91,1
8503,20,0.7946267910267816,2,2,218,3,2,83,1
8504,73,0.7513072956521765,2,1,46,3,0,89,0
8505,72,0.9422611736585611,6,1,302,4,0,17,1
8506,36,0.39825640915701155,7,0,189,2,0,36,0
8507,74,0.20638674224818077,2,2,576,1,0,14,0
8508,61,0.5509126399478858,4,2,335,2,1,63,1
8509,51,0.1107431201911856,3,2,219,4,0,50,1
8510,52,0.28885112333163143,5,1,118,1,0,36,0
8511,67,0.20788805526314447,9,1,81,2,0,53,0
8512,18,0.3965637167970809,2,0,12,3,0,88,0
8513,69,0.11121657500221538,5,0,477,3,1,43,0
8514,38,0.03184174454809785,8,2,298,4,0,55,1
8515,46,0.6567940046300318,6,0,91,3,0,20,0
8516,23,0.6102489782898048,4,1,275,2,0,43,1
8517,54,0.7083589360386612,10,0,303,4,0,64,1
8518,18,0.660386440271344,8,0,272,0,0,9,0
8519,68,0.1142946811423835,3,1,411,4,2,85,1
8520,18,0.2910788813756463,4,2,35,3,0,68,0
8521,44,0.12952660990035236,9,2,421,1,0,52,1
8522,38,0.8429724020485632,5,0,477,4,1,30,1
8523,70,0.7469036553555233,6,1,501,2,2,55,0
8524,33,0.20152700291824244,2,1,337,4,2,72,0
8525,61,0.3413092404898934,9,0,581,3,1,30,1
8526,71,0.9666149922642142,8,2,409,4,0,24,0
8527,57,0.5941593578796515,7,2,462,2,0,81,1
8528,43,0.8011555973011573,9,2,512,2,0,75,1
8529,33,0.26459103476872914,5,1,80,3,0,28,1
8530,45,0.2100529201793052,5,1,478,2,0,71,1
8531,18,0.7839169288465484,9,1,385,3,2,71,1
8532,53,0.6858724552314401,5,2,419,4,0,54,0
8533,27,0.6809779292117637,9,0,439,4,0,20,0
8534,60,0.5526345818291939,1,1,34,0,0,99,1
8535,34,0.5635783427765488,10,1,500,3,0,37,1
8536,74,0.7356975053062538,10,0,183,1,0,82,1
8537,40,0.2700024811211953,8,2,557,3,2,54,1
8538,24,0.35276846585695576,3,1,147,4,1,93,0
8539,61,0.8716367705200551,8,2,263,4,0,6,0
8540,70,0.30886520101215775,5,1,488,2,0,63,0
8541,24,0.546309571379299,2,1,281,0,0,45,0
8542,61,0.7026394640066841,9,0,201,1,0,81,0
8543,32,0.9999248268331765,4,0,573,0,1,67,1
8544,51,0.43529133149533195,7,0,416,3,1,86,0
8545,63,0.4280928766249438,8,0,316,3,1,66,0
8546,62,0.8425883794336675,7,2,227,4,1,88,1
8547,21,0.8055031112598633,6,2,67,2,1,6,1
8548,31,0.7310758817345485,7,2,479,1,0,11,1
8549,31,0.4632296374090289,4,0,100,2,1,81,1
8550,33,0.3239391201607158,10,1,242,1,0,12,0
8551,24,0.6087304825848486,1,2,89,0,2,7,1
8552,49,0.8762232931316409,5,0,599,4,1,18,1
8553,36,0.8837774582085866,8,0,126,2,0,91,1
8554,19,0.10849834507043843,10,0,398,3,1,76,0
8555,27,0.42835028381315066,6,2,301,4,0,37,1
8556,67,0.46472195619874945,5,1,493,1,2,31,1
8557,34,0.9776153675237532,2,2,420,4,0,15,0
8558,54,0.6779980152425845,10,0,141,3,0,15,0
8559,29,0.40724641726207056,5,0,252,3,0,22,1
8560,23,0.026057885985593,10,0,72,1,0,96,1
8561,39,0.5653851600991959,3,2,213,4,0,94,0
8562,49,0.09607597563835613,2,1,378,2,0,98,0
8563,58,0.8344499573477631,3,2,298,4,0,78,0
8564,37,0.7525186605703621,4,0,378,3,0,46,1
8565,18,0.46050915990817876,2,0,491,1,1,7,0
8566,71,0.4292107795416997,4,0,303,0,0,36,0
8567,64,0.8973389655687687,4,2,497,0,0,40,1
8568,70,0.2884583504181284,6,2,236,4,0,14,0
8569,23,0.2490199621067708,5,2,229,3,0,89,0
8570,36,0.9391974328257621,7,0,6,4,1,59,0
8571,35,0.8092458367534826,7,2,255,1,0,75,1
8572,23,0.8206255930671946,3,1,170,2,0,29,1
8573,62,0.19519381427592553,9,1,551,0,0,66,0
8574,50,0.1432959914309344,7,1,287,4,0,38,1
8575,40,0.0260295498171349,7,2,233,3,0,29,0
8576,40,0.23704150891868003,2,0,492,0,0,77,0
8577,43,0.7741904917143247,10,0,210,0,0,12,1
8578,30,0.24003841876414977,3,0,366,2,0,57,1
8579,24,0.7291032835948762,3,0,228,4,1,96,1
8580,32,0.2519082653674215,6,0,344,2,2,14,1
8581,61,0.3952924979506717,4,2,76,3,0,82,0
8582,44,0.9831622899114084,4,1,459,3,0,97,1
8583,43,0.24481173128413558,1,2,264,4,0,5,0
8584,50,0.37637062729826765,6,0,503,0,0,62,0
8585,32,0.30108718046521366,8,2,575,1,2,23,1
8586,53,0.10962498633000228,8,2,244,2,2,82,1
8587,62,0.48989414213082494,8,2,428,0,0,24,0
8588,72,0.3786906633330023,5,0,90,3,0,52,0
8589,44,0.6948870858072801,10,0,444,3,0,76,1
8590,74,0.8175945469515462,6,0,232,0,0,62,0
8591,22,0.5442497144956385,5,2,453,0,0,42,1
8592,19,0.03219642208733686,4,2,348,3,1,46,0
8593,72,0.6189223562347216,4,1,93,2,1,92,0
8594,50,0.055390730020939194,4,1,421,2,1,11,1
8595,33,0.6163563235990249,4,0,489,0,0,73,1
8596,40,0.6850299492691885,6,1,123,4,0,82,1
8597,55,0.19776762761751843,6,0,581,3,2,77,1
8598,72,0.819346148721771,5,0,232,1,0,24,1
8599,33,0.9110851315740486,9,2,63,3,0,56,1
8600,31,0.8130869641138196,8,1,162,2,0,30,1
8601,46,0.30510919021208216,10,0,303,2,0,93,1
8602,43,0.5866430124456344,6,0,318,1,0,88,1
8603,52,0.9148151491912277,9,1,5,2,0,60,1
8604,32,0.3206647262228499,5,1,300,1,1,74,1
8605,20,0.820027822265425,10,1,100,2,0,75,1
8606,40,0.009475131261696523,4,1,415,1,0,66,1
8607,46,0.00364670278467627,6,1,359,4,2,66,1
8608,51,0.7597116603389674,4,1,130,3,2,40,1
8609,50,0.7614475821271212,8,1,385,2,0,24,1
8610,58,0.7889771878522938,7,0,19,0,0,22,1
8611,58,0.9300268378881623,5,2,294,1,0,76,1
8612,40,0.11790631182028422,10,0,395,1,1,31,1
8613,24,0.23198498498368836,6,0,444,1,2,9,1
8614,20,0.9037249203738076,7,2,291,2,0,99,1
8615,49,0.17723619777235344,2,2,489,3,1,50,1
8616,48,0.682229267576584,9,2,347,0,0,45,0
8617,35,0.5304630000408154,7,1,264,1,0,89,1
8618,60,0.08319367685150725,8,1,43,1,0,56,1
8619,24,0.28526366194153285,5,1,74,1,0,7,1
8620,58,0.5203722164409679,3,0,52,1,0,62,0
8621,18,0.8523501166838341,2,2,285,0,0,94,1
8622,31,0.7075384896146737,2,2,65,1,0,85,0
8623,69,0.621883161454933,3,0,37,0,0,98,1
8624,49,0.4960328899414148,1,1,416,0,0,91,0
8625,23,0.2986839838141343,1,2,468,1,1,29,0
8626,56,0.11924491131926118,7,0,54,4,0,72,0
8627,27,0.40907603456609554,10,1,115,0,2,45,1
8628,24,0.028518493911292575,8,0,596,4,0,79,0
8629,43,0.2110558892668506,6,1,278,0,1,66,1
8630,51,0.43248337587265984,7,0,453,2,0,45,0
8631,47,0.41860518567191507,1,1,141,1,0,86,0
8632,53,0.0442954309969924,1,0,48,2,0,37,1
8633,38,0.5890601535252913,9,0,368,0,0,42,0
8634,34,0.5496842558532362,5,0,369,2,0,22,1
8635,50,0.07810430402091284,7,0,300,1,0,58,1
8636,27,0.9431630524604393,6,2,351,1,1,53,1
8637,68,0.09938277895086012,4,2,194,0,1,65,1
8638,64,0.8548341512373361,1,2,304,0,0,20,0
8639,59,0.00030973191500593966,4,2,249,4,1,90,1
8640,68,0.8822810950453831,10,0,257,3,0,89,1
8641,29,0.019719732204312557,10,2,449,2,1,48,0
8642,73,0.757812031892116,8,2,58,4,0,35,0
8643,33,0.36169081130025293,1,0,220,2,0,99,0
8644,58,0.7382168001363199,2,2,571,1,0,31,1
8645,49,0.4017452054249785,8,2,533,0,0,45,0
8646,32,0.07090792233184173,2,1,361,2,0,7,0
8647,44,0.7675066953953641,10,2,52,3,0,99,1
8648,45,0.07125268532136497,9,1,560,1,1,38,1
8649,34,0.922120435961218,3,2,528,1,0,94,0
8650,63,0.050974035791661376,3,0,497,4,0,92,0
8651,67,0.47932527777151546,6,2,154,3,0,14,1
8652,19,0.7230344308507957,3,0,489,1,0,61,1
8653,53,0.39324646479203773,9,2,77,3,0,33,0
8654,67,0.2172334745924347,8,2,173,0,0,42,0
8655,24,0.759090961396027,4,0,319,3,0,81,1
8656,30,0.7842947047887264,6,0,31,4,0,10,1
8657,32,0.9226949839543672,8,0,291,4,0,18,1
8658,42,0.3761651104310777,4,0,521,2,0,98,1
8659,40,0.5062517344973269,5,1,314,0,0,8,1
8660,39,0.36312844284607204,7,1,266,0,0,49,1
8661,43,0.2570818218513682,8,0,421,3,1,96,1
8662,50,0.7510329615376086,7,1,244,4,0,43,1
8663,28,0.33965184501695544,8,2,590,4,0,78,1
8664,27,0.42814944199235205,4,2,90,4,0,58,1
8665,42,0.40367365762402785,1,2,435,0,1,30,1
8666,54,0.7126612256467458,6,1,488,4,0,33,1
8667,65,0.9177956261106798,5,1,13,2,0,66,1
8668,60,0.6667560613073773,4,2,285,1,0,12,1
8669,70,0.4715825960942326,2,0,397,4,0,43,0
8670,55,0.7792051147388834,1,2,426,2,0,22,1
8671,58,0.6409713241221375,9,1,360,2,0,77,1
8672,62,0.060610357117813485,2,2,42,1,0,26,0
8673,41,0.09566358641884165,9,2,293,0,0,22,0
8674,57,0.03791694407363333,6,1,344,4,0,41,0
8675,63,0.45681632620631984,6,1,241,2,1,37,1
8676,73,0.8258534343389649,2,1,54,2,0,52,0
8677,50,0.31308316935135205,6,1,566,1,1,52,1
8678,34,0.3841601830924817,3,2,441,2,0,6,0
8679,41,0.9094771083678906,7,1,106,4,0,30,0
8680,54,0.8369034453166548,10,0,312,0,0,21,0
8681,74,0.66504811238256,4,1,183,2,1,8,1
8682,19,0.2668037820922513,9,1,129,0,1,13,0
8683,49,0.1170414826884435,5,2,498,2,0,14,1
8684,74,0.016058822680113716,10,0,417,2,1,73,0
8685,41,0.10701067260442088,3,0,48,4,0,42,0
8686,26,0.29259644362394277,1,0,319,0,1,53,0
8687,21,0.5517900635794957,1,1,252,3,1,44,1
8688,34,0.06400008275238689,4,2,391,4,2,53,0
8689,34,0.136227778318449,10,2,68,0,0,90,0
8690,70,0.18108070230794104,10,1,441,0,0,23,1
8691,67,0.6319820929833062,4,0,476,0,0,41,1
8692,65,0.6157897989801244,9,0,376,3,0,53,1
8693,47,0.5507657263721529,8,2,563,4,0,10,1
8694,57,0.2505014246959396,4,1,544,3,0,68,1
8695,28,0.371119691218732,6,0,531,2,0,27,1
8696,38,0.09668971633774304,7,1,186,1,0,82,1
8697,38,0.22646060375805488,10,2,111,3,0,35,1
8698,35,0.8977052264725804,8,1,183,2,0,57,1
8699,72,0.9796917464358285,4,1,292,3,2,37,1
8700,46,0.6476595856402947,1,1,360,0,0,21,1
8701,41,0.9168232920234202,5,1,501,1,2,69,1
8702,27,0.6427419004014251,1,0,306,1,0,80,1
8703,62,0.03319648610546988,4,2,85,2,0,71,1
8704,34,0.996762584986409,7,0,295,3,0,49,1
8705,35,0.0989523016865349,7,0,451,3,0,92,0
8706,59,0.6826418014450607,1,0,170,3,0,82,1
8707,65,0.25283620307479004,9,0,355,2,0,41,1
8708,37,0.39198111290696014,2,2,459,3,2,96,0
8709,54,0.6459341848009382,5,2,278,1,1,31,1
8710,62,0.43648734930770705,6,0,251,1,0,24,1
8711,35,0.25054605893112825,1,1,7,4,0,83,0
8712,34,0.3344461868783247,2,1,585,3,0,46,1
8713,26,0.3415481169231763,7,1,319,3,0,29,1
8714,31,0.9593239045082137,6,1,150,1,0,74,1
8715,66,0.798613015923451,6,1,375,1,0,55,0
8716,46,0.4585487714794001,6,2,364,0,0,82,1
8717,48,0.19982092034136412,7,1,439,0,0,43,0
8718,21,0.811016110262656,10,2,141,4,0,34,0
8719,35,0.1571824716083735,9,1,591,1,2,51,1
8720,37,0.21046221714200342,9,1,19,4,1,51,0
8721,73,0.36601339184015114,2,0,11,3,0,54,0
8722,73,0.8803481958519901,2,0,121,3,0,32,0
8723,64,0.13178666863411026,5,0,424,1,0,35,0
8724,60,0.12223419285452608,10,2,228,2,1,77,0
8725,61,0.493974988305266,7,2,596,4,1,52,0
8726,26,0.2764105410936747,3,0,28,2,0,70,0
8727,30,0.5687279416481599,3,0,134,3,0,57,1
8728,32,0.4516366846832235,4,1,551,4,1,64,1
8729,44,0.4349591063512168,3,2,100,3,0,51,0
8730,32,0.11197297048699328,3,1,375,0,1,49,0
8731,45,0.14104969024984015,8,1,310,1,0,5,1
8732,54,0.8210785774468501,7,0,439,0,0,70,1
8733,72,0.8858827375717444,7,1,456,4,0,96,1
8734,36,0.23468353288525023,10,1,199,0,0,27,0
8735,43,0.11346050152476905,2,0,599,4,0,24,0
8736,69,0.05341667193451061,9,0,124,2,1,37,1
8737,43,0.6082976137418968,6,1,470,1,0,98,0
8738,42,0.7153532125002056,3,1,21,2,0,93,0
8739,43,0.3728099892032055,9,1,49,3,0,52,0
8740,43,0.6796758674906396,9,2,559,1,2,20,1
8741,63,0.7129588155595261,6,1,65,0,0,43,0
8742,45,0.9353422813969053,10,0,129,4,0,11,0
8743,66,0.06487363783510725,6,1,301,1,0,66,0
8744,35,0.1922917232310798,8,2,326,3,0,48,1
8745,49,0.06852598759698814,8,1,383,2,2,85,1
8746,70,0.8679939333361105,6,2,537,3,0,53,1
8747,20,0.7925871600335685,7,2,48,0,2,8,0
8748,19,0.574642070621839,4,0,318,4,1,17,1
8749,50,0.08366341005118316,1,1,20,4,0,30,0
8750,59,0.2733123586537196,4,2,432,0,1,17,0
8751,36,0.2977198480585169,8,1,590,4,1,47,1
8752,34,0.5607431960154171,8,2,591,1,1,16,1
8753,61,0.25804389403671546,2,0,8,1,0,82,0
8754,50,0.07295986391295484,7,0,148,0,1,89,1
8755,29,0.7307623018532994,1,1,436,0,0,37,0
8756,66,0.2990802116554113,2,1,498,3,1,71,0
8757,73,0.4523741770233006,8,1,54,4,0,11,0
8758,20,0.12766663498230535,10,1,296,2,0,83,0
8759,60,0.8025483033945796,4,1,517,0,0,11,1
8760,66,0.5655318769240576,3,2,228,3,0,47,0
8761,72,0.9015856262098628,2,1,246,0,1,52,1
8762,43,0.49547156306533335,6,2,281,0,2,94,1
8763,52,0.9414256718178797,4,2,256,1,0,30,0
8764,25,0.891868204381326,3,2,92,4,0,80,1
8765,69,0.5764598564592339,3,1,213,0,0,63,0
8766,53,0.9338934381498634,10,0,552,4,0,60,1
8767,70,0.3230887472945523,3,0,132,3,0,44,1
8768,71,0.36564216270421135,8,1,496,0,1,70,1
8769,24,0.045477951306036934,9,1,85,2,1,19,1
8770,63,0.5892009067638531,9,1,595,1,0,48,0
8771,63,0.7219239699289334,5,2,395,2,0,99,1
8772,53,0.7735191902421031,1,0,546,1,0,63,1
8773,33,0.1498162860461033,10,0,248,0,0,38,1
8774,41,0.4441590723125003,5,0,563,0,2,16,1
8775,71,0.17686321209391564,1,0,288,4,0,10,1
8776,18,0.6621273488542488,9,2,408,1,0,14,1
8777,66,0.15794637242176812,10,1,308,3,0,84,0
8778,42,0.9041636839560749,8,2,60,2,0,29,1
8779,27,0.23063464566141334,7,1,503,3,0,98,1
8780,71,0.29140226628824484,2,1,526,1,0,44,0
8781,33,0.8509063221509997,2,0,310,3,1,97,1
8782,33,0.4584676101457238,4,0,199,1,0,52,0
8783,25,0.023995945800073026,9,1,352,4,0,91,1
8784,46,0.49458625120264577,9,1,74,4,2,60,1
8785,56,0.08454333538012304,8,0,270,3,0,64,1
8786,45,0.9853447186873107,5,0,20,3,1,11,1
8787,23,0.5881115704556024,7,0,35,1,0,51,0
8788,33,0.25653261761097845,9,0,197,4,0,18,1
8789,37,0.5637176795476178,3,0,152,3,0,6,0
8790,33,0.07686710338175484,4,2,43,1,1,67,1
8791,24,0.799891304268817,2,2,553,1,0,41,1
8792,58,0.9253280538641637,9,2,544,3,1,73,1
8793,31,0.8744443882061596,7,0,509,2,0,26,1
8794,60,0.3417576022985628,6,1,415,0,0,74,1
8795,43,0.3257681196433685,5,1,408,1,0,49,1
8796,43,0.035087611216299996,7,0,295,4,0,11,0
8797,31,0.6514003587009167,3,2,202,0,2,9,1
8798,24,0.5349047841897949,5,1,575,1,2,30,0
8799,50,0.45934637132734135,2,0,367,2,0,96,0
8800,43,0.907630953334707,5,2,425,0,0,51,1
8801,74,0.1678789010828463,7,2,209,4,1,91,0
8802,62,0.009666266690182335,10,2,597,0,1,70,1
8803,37,0.07331645212076543,7,2,459,3,0,25,1
8804,20,0.2233714378273689,9,2,361,1,0,70,1
8805,69,0.03328554926345695,3,2,475,3,1,6,1
8806,21,0.5028437106431355,8,2,303,2,0,22,1
8807,43,0.31409045523357804,5,2,184,0,0,95,1
8808,28,0.18048300806813267,7,2,264,3,0,68,1
8809,19,0.7500840749486621,1,2,413,2,0,50,1
8810,31,0.20445132623253004,1,0,401,3,0,73,1
8811,61,0.6876051009937932,4,1,172,4,0,13,0
8812,47,0.3492649058476389,5,0,82,3,0,18,0
8813,66,0.5118277606625545,10,1,589,1,1,72,1
8814,29,0.9338670398513198,3,0,321,3,0,69,1
8815,43,0.03735163481581283,6,1,345,3,0,44,0
8816,61,0.5002645074774619,3,1,71,3,1,26,1
8817,50,0.8544229603276182,5,1,450,3,0,19,1
8818,30,0.5879742483703485,1,0,207,3,0,29,0
8819,31,0.27687051696515663,3,1,341,0,2,68,1
8820,41,0.39768113514503434,7,2,32,0,0,55,0
8821,51,0.6802656287285745,3,1,381,4,0,36,1
8822,61,0.890811894313803,5,0,385,0,0,99,0
8823,43,0.041066373746611595,7,0,108,2,0,46,0
8824,38,0.07153882189037641,2,2,161,1,1,91,0
8825,45,0.32505152360958756,3,1,15,3,0,21,0
8826,65,0.23277968443747898,4,0,13,3,0,38,1
8827,53,0.264930886222406,5,1,245,3,0,73,0
8828,57,0.22126999862588093,9,2,45,4,1,51,1
8829,19,0.19582504885515772,9,2,554,4,1,46,1
8830,59,0.13062396686929179,4,0,401,2,0,98,1
8831,26,0.933954131795238,9,1,47,3,0,54,1
8832,40,0.14418946390615306,4,2,409,4,1,57,0
8833,32,0.20440377476553617,2,2,453,3,0,98,1
8834,30,0.24626572398078572,10,0,141,0,0,18,1
8835,40,0.9330148731304205,1,2,449,3,2,93,0
8836,34,0.7557141336010847,7,0,188,2,0,71,1
8837,65,0.7896994303155147,4,2,456,2,0,24,1
8838,19,0.10475825953849804,8,2,115,4,0,65,0
8839,37,0.8363098750156717,8,0,513,3,0,27,1
8840,37,0.408193081817418,8,0,12,2,0,27,0
8841,63,0.26282302621238873,6,1,276,0,0,25,1
8842,20,0.5757500835203105,9,2,251,4,0,48,0
8843,72,0.8221829058167339,4,1,227,0,1,9,1
8844,29,0.7786521510749094,5,1,145,2,0,56,0
8845,57,0.8899974825811321,4,0,216,4,0,77,0
8846,19,0.9281321860154439,5,2,293,3,0,43,0
8847,53,0.23812207142774955,2,0,280,1,0,26,1
8848,31,0.42385789416927167,5,2,165,3,0,87,0
8849,33,0.014628539205070012,10,0,142,3,0,73,0
8850,36,0.87932165926506,8,2,497,0,0,72,0
8851,51,0.15457215147476755,9,1,483,3,0,25,1
8852,61,0.8614748123426943,7,2,412,1,0,86,0
8853,63,0.32938732198659637,7,2,96,4,0,9,1
8854,23,0.3681335899811382,6,0,287,4,0,65,1
8855,30,0.039132254483859374,2,2,554,1,1,81,1
8856,53,0.3268787897653196,10,2,268,0,0,94,1
8857,39,0.8883636828012641,10,2,208,1,0,84,1
8858,35,0.02554740112160414,9,2,536,4,1,15,0
8859,29,0.40632747304672534,5,1,304,1,0,71,1
8860,69,0.03139962981274114,6,0,87,0,0,72,1
8861,71,0.37092342510906495,1,2,119,3,0,13,1
8862,47,0.17264064078029118,5,0,224,3,0,98,0
8863,70,0.25221839326837203,6,1,135,4,0,55,1
8864,68,0.877598373161419,10,1,381,0,1,64,1
8865,57,0.436049220621891,2,2,10,3,0,49,1
8866,24,0.2737979914019122,7,0,438,3,0,64,1
8867,49,0.5893383779505478,4,0,9,3,0,62,1
8868,65,0.14210695983258237,5,0,314,2,0,80,1
8869,36,0.2593916074208559,3,1,64,3,0,58,1
8870,23,0.5462479676028885,5,1,591,2,0,53,1
8871,37,0.23752304184806883,4,2,467,1,0,17,0
8872,44,0.6791277374008733,10,0,194,4,2,25,1
8873,70,0.49149130225952253,6,0,413,4,0,25,1
8874,60,0.7719890702546909,2,1,598,2,0,31,0
8875,54,0.9482445357224686,3,2,0,0,0,73,1
8876,65,0.11580488934740774,10,2,367,2,2,85,0
8877,24,0.33466500998454485,1,2,375,3,0,59,0
8878,22,0.31954906287840656,7,1,190,0,0,89,0
8879,28,0.15118291933725425,9,0,289,4,2,69,1
8880,32,0.8103031373334708,2,2,198,1,2,20,0
8881,20,0.75987870403879,7,2,234,1,0,26,0
8882,22,0.484425470834399,3,0,229,2,0,91,0
8883,40,0.5377707777946096,5,2,225,2,2,24,1
8884,70,0.05954413800249625,6,1,429,2,0,53,1
8885,54,0.5555073523270456,8,2,195,2,0,76,0
8886,26,0.7913415240196364,4,0,466,4,0,50,1
8887,32,0.5738275735838572,2,1,440,3,0,53,1
8888,20,0.2653063701204189,3,2,156,4,0,98,1
8889,46,0.6675482723343372,8,0,481,1,0,70,1
8890,23,0.36148842996524766,7,0,353,1,0,66,1
8891,34,0.5448732842857352,6,0,532,1,0,67,1
8892,43,0.48756536327892475,5,0,507,3,0,36,0
8893,38,0.3811750009651801,5,2,404,3,0,87,1
8894,25,0.7188779803941351,1,2,288,0,1,17,0
8895,38,0.8838761119858818,6,1,89,3,0,46,1
8896,74,0.005212518476924943,9,1,381,1,0,92,0
8897,28,0.9336165192303673,8,0,300,3,0,14,1
8898,55,0.511515136083225,10,0,441,3,0,51,1
8899,25,0.7007318803632652,1,1,501,3,0,73,1
8900,59,0.8556245661758771,6,2,584,2,0,95,1
8901,41,0.46710369231426996,3,2,593,3,1,64,0
8902,52,0.8349740733648903,6,2,384,2,0,65,0
8903,72,0.17761981945520222,9,0,522,1,0,62,1
8904,31,0.15916753447981447,6,1,501,0,1,29,1
8905,72,0.6574713688561535,8,1,248,4,1,75,0
8906,31,0.8701430055517372,6,1,90,0,2,66,1
8907,27,0.8924261775360394,6,2,393,4,0,65,0
8908,29,0.6437404583772466,7,1,357,1,1,49,1
8909,55,0.5254892302093175,10,1,148,2,0,31,0
8910,61,0.3313930876965162,4,2,474,3,0,56,1
8911,72,0.9800004155993314,8,0,441,2,0,63,1
8912,63,0.3196956866662505,4,0,7,4,1,89,0
8913,51,0.7441861072315932,7,2,228,3,0,47,0
8914,58,0.5319817999050007,1,1,69,4,0,32,0
8915,27,0.6085123425253467,9,0,39,4,0,25,0
8916,34,0.3934805505886262,10,0,28,3,1,38,0
8917,34,0.9648231254722478,9,0,520,0,0,89,1
8918,20,0.571682326099271,7,2,276,0,0,51,0
8919,48,0.93778763045879,8,0,287,4,0,31,1
8920,68,0.007591416173914123,2,1,583,1,1,19,1
8921,18,0.572670583191121,10,2,182,2,0,9,0
8922,29,0.7171868897252714,10,2,521,0,0,68,1
8923,56,0.745080171162218,7,0,598,3,0,21,1
8924,21,0.9049768817816813,1,1,83,4,0,12,1
8925,59,0.004401609003786278,3,2,396,2,0,61,0
8926,30,0.00033015925947643687,6,0,85,2,1,61,1
8927,51,0.4722634607952153,5,1,296,4,0,52,1
8928,59,0.02929370500537065,5,1,286,2,0,92,1
8929,38,0.9745325536623746,9,2,108,1,1,22,1
8930,39,0.22206517454139196,6,0,543,4,2,46,0
8931,74,0.4726647293648447,3,1,12,2,1,73,1
8932,21,0.06113763001222361,2,2,376,2,0,58,0
8933,35,0.5220484161712585,9,2,408,0,0,20,0
8934,22,0.3799561251474085,10,2,14,2,2,89,1
8935,36,0.044660028877223756,4,2,187,2,1,80,0
8936,19,0.33512426669622475,5,2,233,0,0,21,0
8937,29,0.3914360202228556,9,1,457,4,1,48,1
8938,34,0.98992149127494,5,2,144,0,0,37,0
8939,27,0.20788587191937546,7,0,516,3,2,15,1
8940,51,0.5447796153700997,2,0,140,3,1,44,1
8941,23,0.9873155491986286,2,1,532,1,0,41,0
8942,25,0.7920192079401351,4,2,114,2,2,79,1
8943,68,0.9933675008820889,8,2,43,3,0,32,0
8944,28,0.9682983146601692,2,1,203,4,1,34,0
8945,74,0.4895395420941543,10,2,472,4,0,50,1
8946,29,0.6963758498705658,7,2,308,3,1,82,1
8947,26,0.1104431269411511,1,0,321,0,0,47,1
8948,19,0.44114882504680186,9,2,404,1,2,89,1
8949,25,0.8090185422666974,10,1,360,0,0,95,1
8950,28,0.5053353209771434,6,0,125,1,0,12,0
8951,70,0.7026990328172319,1,1,119,3,0,47,1
8952,53,0.745751329984277,10,1,213,0,1,37,1
8953,27,0.2534691412428939,6,2,310,3,0,59,0
8954,38,0.8756993729425655,5,2,64,1,2,62,1
8955,37,0.45982243090917896,5,0,365,4,1,25,0
8956,65,0.21018510362154375,5,1,204,0,1,51,0
8957,25,0.8654158817884438,4,1,186,3,0,55,0
8958,53,0.41781880610625366,7,2,260,1,0,33,1
8959,46,0.7503124383797197,9,1,89,4,1,20,1
8960,59,0.5480330722215929,4,1,392,0,0,72,1
8961,29,0.38187175223450043,2,1,149,1,1,93,1
8962,31,0.8098764150385693,2,1,411,0,0,73,0
8963,65,0.584469931644613,2,1,443,0,0,23,1
8964,71,0.3905621024270317,7,0,139,2,2,43,1
8965,67,0.10959787033512702,4,1,292,3,1,74,1
8966,38,0.8954453137667079,4,1,465,2,0,34,1
8967,39,0.035469585341666554,1,0,246,0,0,32,0
8968,38,0.8631873483680562,4,2,97,1,2,67,1
8969,61,0.35996152488315547,6,2,169,3,0,17,0
8970,67,0.6393387635014058,2,0,309,1,0,71,1
8971,47,0.9221997238356853,4,0,425,1,0,68,1
8972,56,0.1517066155038984,7,2,66,4,0,62,0
8973,37,0.5669504756388102,9,1,55,0,0,72,1
8974,41,0.764432862370192,2,1,557,1,0,14,0
8975,40,0.7575838327190574,8,0,516,0,1,55,1
8976,24,0.525631914599504,6,1,567,2,2,74,0
8977,26,0.6247394599064581,8,0,150,2,0,5,1
8978,18,0.7575269941328445,2,2,317,1,0,5,0
8979,43,0.8410276377574117,1,1,140,0,1,11,1
8980,55,0.7618130968758637,7,2,314,4,0,84,1
8981,55,0.35400494318124265,9,1,5,3,2,92,1
8982,71,0.9967264010577331,9,1,188,2,0,8,1
8983,61,0.4345026937193044,2,1,316,2,0,20,0
8984,39,0.02446470275893342,4,0,523,4,0,75,1
8985,61,0.36261695158546203,1,2,162,1,0,29,0
8986,27,0.12778295457384325,7,0,367,2,0,19,0
8987,72,0.121442615728375,2,0,516,2,0,13,0
8988,23,0.28153504010689434,4,2,65,3,0,15,1
8989,34,0.05337549417726084,2,2,323,4,1,75,1
8990,68,0.6885121884095631,1,0,192,4,0,57,0
8991,67,0.07398888420190508,7,0,364,0,0,43,0
8992,55,0.20328955543595617,6,0,369,4,0,91,1
8993,41,0.09289971449411938,2,2,335,3,0,7,0
8994,68,0.06316773090303107,4,0,577,4,1,75,1
8995,27,0.26775166553954166,3,2,587,0,0,7,0
8996,73,0.57189896766037,3,0,132,3,1,16,0
8997,25,0.9646855564468417,3,2,140,2,0,7,1
8998,38,0.8755566543496063,4,0,335,1,0,75,0
8999,73,0.8759339254453248,1,1,498,2,1,27,0
9000,23,0.1760670360376576,1,1,175,0,2,42,0
9001,38,0.2649071934978201,7,2,35,3,0,83,1
9002,74,0.0763933167953057,5,2,142,2,0,91,0
9003,56,0.778468339915185,3,1,527,0,0,46,0
9004,41,0.06981630148556195,9,2,503,2,0,9,1
9005,50,0.5566956708208533,5,2,5,1,0,45,0
9006,35,0.24787557232395074,10,1,583,2,1,57,1
9007,73,0.24344563402874475,3,0,223,2,2,66,1
9008,45,0.9907250552476051,9,2,355,2,0,97,0
9009,74,0.7567798069785374,1,2,35,0,0,87,1
9010,69,0.8369393582910502,9,0,545,3,0,28,0
9011,49,0.5719826853440126,5,0,524,4,1,91,1
9012,29,0.8710142873937492,6,2,56,0,0,32,1
9013,65,0.6454905391663529,2,2,6,4,2,85,1
9014,59,0.9461737047963453,8,0,442,4,0,13,1
9015,44,0.2813385860456368,3,2,314,2,0,65,0
9016,27,0.595319545782895,1,0,110,1,0,57,1
9017,63,0.6901313479368921,7,0,115,4,0,21,0
9018,74,0.39293730502780666,3,2,306,4,0,69,1
9019,69,0.8797079824040532,4,2,309,2,0,13,0
9020,59,0.9798031631041544,5,0,93,1,1,74,1
9021,49,0.4937694913726616,1,2,191,2,2,19,1
9022,59,0.39064065480433907,9,0,278,4,0,10,0
9023,43,0.47193792855645866,7,1,559,0,1,22,1
9024,42,0.8527367457319316,2,1,54,4,1,92,1
9025,28,0.6454684255181676,1,0,16,0,1,98,0
9026,40,0.04477237251809507,2,0,334,3,0,87,0
9027,51,0.5421699104457148,3,2,61,1,0,62,1
9028,74,0.017300122740969814,3,0,572,3,0,96,0
9029,69,0.7785353710034054,8,0,555,2,0,27,1
9030,57,0.32831227354246373,5,2,326,4,1,92,1
9031,40,0.47200748211732935,9,2,127,3,1,31,1
9032,46,0.798678105907632,3,1,499,1,1,81,1
9033,48,0.04644881728576156,6,0,258,0,0,79,1
9034,24,0.15854153559161044,4,0,409,0,0,19,1
9035,57,0.39796037644511484,8,1,142,2,0,34,1
9036,50,0.22992516354556058,1,0,396,2,0,10,0
9037,38,0.3379014257750631,4,2,358,4,0,29,0
9038,19,0.998174737892465,7,0,318,3,0,35,1
9039,35,0.8254144375738107,9,2,277,4,0,15,1
9040,64,0.8839018149601086,1,0,90,0,0,72,1
9041,50,0.9370546335657753,8,1,81,0,0,83,0
9042,54,0.34093588031419564,2,2,18,3,2,28,0
9043,51,0.2970769577964727,4,2,378,4,0,18,0
9044,37,0.2340624925720749,4,1,368,2,1,28,1
9045,52,0.8301169113081226,8,2,457,3,2,91,1
9046,68,0.6795518622851849,2,1,18,2,0,73,0
9047,67,0.2361719824828773,7,0,252,3,2,30,1
9048,71,0.3769938292104549,3,1,363,2,0,98,1
9049,35,0.5067117639327983,9,0,192,1,2,46,1
9050,63,0.5281400572737537,5,2,277,0,1,52,1
9051,41,0.8887277285517147,8,2,34,3,1,55,1
9052,25,0.3805661329472163,5,1,243,1,0,71,0
9053,47,0.9085240305005123,1,0,584,3,1,22,1
9054,61,0.44136756031978963,9,1,72,0,2,90,1
9055,70,0.7463726747923538,10,2,266,0,1,32,1
9056,27,0.930254319985056,7,2,333,2,0,34,0
9057,40,0.9075757039632664,4,0,167,0,0,6,1
9058,69,0.056952867295681164,7,0,339,0,0,77,0
9059,66,0.20570429497656983,5,2,96,0,1,69,1
9060,28,0.4769054255322751,10,2,591,4,0,40,1
9061,19,0.4315542899531073,9,0,63,4,2,25,0
9062,43,0.640891664837207,2,1,578,0,0,66,1
9063,53,0.9447090508254122,4,1,95,4,0,58,1
9064,50,0.11240471127794882,6,0,545,3,0,32,1
9065,64,0.45185866513424044,5,0,368,1,1,36,0
9066,30,0.1924110378871393,1,0,344,1,0,62,1
9067,57,0.8941075983979475,9,2,441,4,0,74,1
9068,42,0.9645801858016528,9,1,450,1,0,27,0
9069,21,0.4787016818903501,3,0,233,4,0,74,1
9070,59,0.10401029772814074,4,1,156,2,1,68,1
9071,36,0.7852946667226732,4,2,27,0,0,90,1
9072,35,0.697141350492399,10,2,471,1,0,35,1
9073,54,0.35467082661031046,8,0,580,0,0,23,1
9074,47,0.8874074739689635,6,0,457,1,0,76,1
9075,36,0.9758318897827072,2,0,337,3,0,12,1
9076,40,0.5578538491301954,4,0,421,3,0,88,0
9077,71,0.5657279113442923,1,1,374,4,0,68,1
9078,33,0.29751350511377783,3,0,298,0,0,92,0
9079,18,0.5845060359833142,4,1,24,4,0,81,0
9080,29,0.43964232052484653,8,2,65,2,0,45,0
9081,41,0.3021910269280519,3,2,528,4,0,55,1
9082,51,0.06718519652390131,5,1,390,4,0,11,0
9083,70,0.2527078597091249,1,1,277,4,0,56,0
9084,74,0.19785464967766442,4,0,9,1,0,76,0
9085,25,0.5420419845539489,2,0,345,1,1,95,1
9086,35,0.6016700217635939,4,0,140,2,0,7,1
9087,74,0.6085717243060165,5,2,27,0,0,21,0
9088,65,0.3881810010456791,3,1,99,3,2,9,0
9089,22,0.421229733685496,6,1,186,0,0,64,0
9090,43,0.83423842964064,2,1,392,3,0,77,0
9091,47,0.4762328135171624,5,1,310,1,0,74,1
9092,71,0.9877733321371224,4,0,260,4,1,12,1
9093,30,0.4396172300088649,5,0,68,2,2,48,1
9094,36,0.649580944617839,9,1,37,2,1,30,1
9095,46,0.0503629989933958,6,0,65,2,0,52,1
9096,20,0.6533399244188108,7,2,474,0,2,88,1
9097,43,0.8514263944150061,8,0,493,1,1,30,1
9098,57,0.9424578385332962,9,2,466,1,1,62,1
9099,29,0.9973206116397705,5,2,63,4,0,71,0
9100,19,0.2821786456492331,8,1,179,0,0,62,1
9101,28,0.5753700648257168,2,1,98,4,1,29,0
9102,61,0.45071798553214737,10,0,536,3,0,19,1
9103,45,0.563817480575171,9,1,303,1,1,15,1
9104,35,0.15745295718984664,2,2,72,2,0,10,0
9105,30,0.8561495725959415,5,2,546,4,0,6,1
9106,54,0.9095689433445876,6,0,142,3,1,27,1
9107,39,0.44966166311292255,4,2,213,2,0,97,0
9108,29,0.28042986157357686,8,1,304,2,1,11,1
9109,19,0.14083342765301232,10,0,413,4,0,66,0
9110,54,0.6837648247778044,3,0,344,4,0,34,1
9111,24,0.3122318396207352,5,0,597,4,0,84,1
9112,43,0.9095385699133887,2,1,493,1,0,5,1
9113,43,0.67101247484487,3,2,124,0,1,81,0
9114,41,0.6456853251742407,8,1,407,4,0,40,1
9115,29,0.5594021158982408,5,0,235,1,0,5,0
9116,33,0.04577633942872561,3,2,343,0,0,26,0
9117,40,0.931922435685587,5,0,520,3,0,97,1
9118,57,0.62793749329946,9,1,526,0,2,66,1
9119,26,0.9940619833831104,3,0,63,1,0,84,1
9120,49,0.537356404772887,10,1,501,1,0,48,0
9121,32,0.7101108919062131,7,0,10,0,1,13,0
9122,54,0.05620955786622217,8,0,429,0,0,93,1
9123,30,0.6317361768234109,5,0,300,1,0,42,0
9124,22,0.7646496115903573,3,1,245,1,0,26,1
9125,28,0.7785142948525573,6,1,588,3,0,45,1
9126,27,0.7701116522302854,3,1,93,1,0,6,0
9127,69,0.22628262729366766,9,1,314,1,1,5,1
9128,30,0.9753984776052259,2,1,152,2,0,14,1
9129,58,0.9951821206249387,3,2,239,2,1,92,0
9130,70,0.07559587516160127,7,0,139,2,0,54,0
9131,63,0.9364464228117573,10,1,596,4,1,28,1
9132,67,0.28944919430436933,8,2,215,4,2,51,1
9133,32,0.6892840817509648,5,2,369,1,0,50,1
9134,59,0.33811092073613214,5,0,292,2,0,78,1
9135,73,0.9677543233731215,5,0,240,3,0,24,1
9136,24,0.10150385830353548,4,0,534,3,0,80,1
9137,57,0.497746816956376,9,1,320,3,0,64,1
9138,45,0.42804779194207465,6,0,44,1,0,27,0
9139,49,0.3260234522779849,8,0,585,2,0,27,1
9140,52,0.6455339908801486,8,0,283,1,0,77,1
9141,32,0.13105574342166748,5,2,583,1,0,66,1
9142,65,0.7166624181336969,9,1,552,3,0,8,1
9143,53,0.9805921238047873,2,0,211,2,0,97,0
9144,38,0.8045587144686301,8,2,86,4,0,31,1
9145,23,0.8600167529095454,3,1,6,0,0,97,0
9146,18,0.3596367431790025,7,0,458,1,0,61,0
9147,21,0.3248866064812187,9,2,182,2,1,72,1
9148,28,0.5170483546901332,5,1,327,0,0,70,1
9149,61,0.04572661476227269,8,0,298,0,0,75,0
9150,43,0.9453581344565326,4,0,397,4,1,61,1
9151,54,0.1437851730161922,1,2,13,4,2,47,0
9152,40,0.9030130391680924,1,0,99,1,0,52,0
9153,46,0.0835822220003557,6,2,168,1,0,46,1
9154,38,0.8226249276785601,8,2,231,2,2,16,1
9155,65,0.15196252587821513,10,2,110,4,0,95,0
9156,62,0.0381316140914727,2,1,346,4,0,58,0
9157,62,0.7194894502594087,4,2,339,2,0,90,0
9158,66,0.2802653001744283,3,1,239,4,0,83,1
9159,44,0.7144961527843495,9,0,239,3,0,78,1
9160,56,0.5550852504728198,3,1,269,0,0,39,0
9161,57,0.10880739023006558,8,2,539,3,0,44,1
9162,30,0.9321300733011637,7,0,285,0,1,57,1
9163,40,0.45231417476347757,1,2,334,2,1,88,1
9164,33,0.734447277798688,8,2,565,2,2,36,1
9165,47,0.5010205720156251,9,0,442,0,0,88,1
9166,21,0.6043614749612047,8,2,502,0,0,9,1
9167,57,0.30277359235669243,10,1,369,0,0,33,1
9168,33,0.20036030400345028,10,0,119,0,0,95,1
9169,48,0.5425702034080678,1,0,74,1,0,94,1
9170,70,0.440218972971002,7,0,422,4,0,15,0
9171,59,0.3901132134339331,9,2,69,4,0,33,0
9172,42,0.672567195094623,5,2,270,2,0,24,0
9173,61,0.6905066320111359,2,0,131,1,2,47,1
9174,29,0.04592005609126304,8,1,97,0,0,74,1
9175,43,0.33874449424367215,9,2,101,1,0,12,1
9176,54,0.41176455022637737,7,2,427,0,1,49,1
9177,65,0.0968921611641681,5,2,166,4,0,70,0
9178,50,0.23590086669828836,8,1,104,0,2,66,1
9179,45,0.051641797222756636,6,2,597,4,1,59,1
9180,26,0.9962420986170206,4,2,548,0,0,95,0
9181,29,0.7365572029698445,1,1,441,2,2,42,0
9182,22,0.08745015650275367,6,1,265,4,1,88,1
9183,71,0.020249379790092115,8,2,419,2,0,98,0
9184,69,0.7192878001522802,3,0,260,1,1,97,1
9185,71,0.43919216568266695,7,0,433,0,0,70,1
9186,45,0.786796709064576,7,1,415,1,1,19,1
9187,73,0.9234760378183837,9,2,354,0,0,37,0
9188,52,0.5993003890163725,1,1,460,4,0,15,1
9189,22,0.18710842291725305,5,1,384,0,0,44,0
9190,51,0.7821940360464525,8,0,542,3,0,92,0
9191,63,0.9558117431743745,3,1,274,3,1,45,1
9192,51,0.580231287059956,5,1,309,3,1,83,1
9193,30,0.6819974472807335,1,2,131,2,0,9,0
9194,56,0.33747469503667304,9,2,48,3,2,77,1
9195,59,0.3815276946603112,4,1,443,0,1,8,1
9196,62,0.7346544978530639,5,1,171,1,2,95,1
9197,65,0.9277710984068192,3,2,329,2,0,72,1
9198,31,0.6289883872243522,2,0,5,4,0,41,0
9199,28,0.7898479084853475,7,2,587,2,0,17,1
9200,59,0.17163501741537301,5,2,203,1,0,25,1
9201,55,0.21195909025797355,10,2,368,3,2,15,1
9202,21,0.5320346868333901,3,2,547,1,0,80,0
9203,70,0.17655419224284052,2,2,280,2,0,18,0
9204,50,0.6349950702209236,10,0,54,2,0,40,1
9205,24,0.291653185394699,6,2,168,2,1,17,0
9206,73,0.791532618666892,10,2,312,1,0,63,1
9207,58,0.8081103466143434,6,0,477,0,0,73,1
9208,25,0.4637874557553531,3,1,427,0,0,25,0
9209,54,0.18081063503763528,9,0,511,3,0,77,1
9210,68,0.6467749610819326,1,2,412,4,0,68,0
9211,27,0.9927870182635864,3,1,47,1,1,59,1
9212,60,0.6225908979425233,1,0,2,0,0,85,0
9213,74,0.03577469071400785,7,1,596,3,2,95,0
9214,32,0.01729397576708258,2,0,328,4,0,69,0
9215,55,0.3203619704923062,4,0,232,3,0,55,0
9216,32,0.19578380686040486,4,1,59,3,1,73,0
9217,22,0.8130512071433081,8,1,589,4,0,80,1
9218,46,0.8448056670360005,4,1,529,2,0,29,1
9219,36,0.25861877131047617,3,1,96,0,0,29,1
9220,71,0.3256447769498927,10,2,65,0,1,16,1
9221,68,0.23624696771511466,3,0,30,4,0,15,1
9222,27,0.908382547371264,5,2,147,0,1,98,0
9223,29,0.5026493346222822,6,0,46,1,0,52,0
9224,71,0.6561370440820199,7,2,243,1,0,95,0
9225,21,0.4154820866996033,5,2,256,1,2,85,0
9226,48,0.6310141935045311,7,0,477,4,1,98,1
9227,35,0.3858553767217361,4,2,594,3,1,7,0
9228,33,0.33967843772922546,5,1,355,3,1,79,1
9229,57,0.6344800731734802,6,1,452,2,0,53,1
9230,53,0.5910620780489892,9,2,521,2,1,37,1
9231,42,0.29352795416794963,6,2,176,1,0,51,0
9232,40,0.1493484503194734,10,0,209,1,0,77,0
9233,29,0.3685766938381376,1,0,41,4,0,22,0
9234,51,0.4151976391419092,7,2,123,1,1,5,1
9235,53,0.6286843334246048,3,0,186,1,1,74,1
9236,54,0.9145287636368638,6,1,24,1,0,9,1
9237,20,0.03618479753292514,2,1,163,0,0,7,0
9238,26,0.2436610125418449,7,1,34,3,0,94,1
9239,70,0.19371594227956035,1,0,252,0,0,74,0
9240,35,0.5022944086937836,2,0,474,1,0,15,1
9241,60,0.4297008070431598,9,0,469,1,0,79,1
9242,52,0.7290376238201884,9,0,521,0,0,44,1
9243,74,0.24241591254486383,7,2,263,0,1,68,1
9244,72,0.5944983657497586,2,2,104,4,0,84,1
9245,51,0.8838572635999593,5,2,219,4,1,88,1
9246,58,0.9106777399183047,4,2,406,1,0,88,0
9247,31,0.9587846047250311,2,1,205,0,0,94,1
9248,21,0.7732611520799886,2,0,215,4,0,62,0
9249,46,0.905987906258915,10,1,63,2,0,29,1
9250,58,0.23453087198527423,8,0,37,0,2,34,1
9251,62,0.19758094435047702,5,2,221,3,0,44,1
9252,67,0.006488083780526455,8,1,341,2,0,29,0
9253,32,0.7068443574290983,2,0,472,2,0,14,1
9254,45,0.9374671878137444,2,2,535,0,0,61,1
9255,59,0.18693534504167642,3,0,356,1,0,39,0
9256,33,0.6369435754268788,10,0,505,3,0,31,1
9257,29,0.7464597592217775,8,2,578,4,0,72,1
9258,69,0.9276142351480565,8,1,234,4,2,66,1
9259,22,0.6468602240172217,3,0,93,1,0,84,0
9260,51,0.9702937327487523,1,2,188,3,2,33,1
9261,59,0.34467314101254776,7,0,15,3,0,25,1
9262,18,0.34992853377140765,4,0,374,2,0,45,1
9263,56,0.5430125100143456,3,0,363,2,0,35,1
9264,49,0.3835018811159071,5,1,397,3,1,23,0
9265,43,0.0014257282875326238,6,1,409,0,0,42,0
9266,34,0.7317720250869874,1,1,173,0,0,36,1
9267,65,0.7517170414784834,9,1,185,0,0,8,1
9268,44,0.7469746046867705,6,2,29,3,0,82,1
9269,41,0.3450206666104666,3,1,469,4,0,69,1
9270,52,0.5222894733111719,1,0,379,0,1,87,0
9271,63,0.35997351817666945,9,2,311,4,0,52,1
9272,59,0.01603640003064577,2,0,77,0,1,36,0
9273,71,0.5624489412714188,10,1,534,3,0,12,1
9274,56,0.12376066608401104,6,0,528,0,0,9,1
9275,43,0.0800413240914406,6,0,121,4,0,76,0
9276,66,0.7554990686967872,3,0,227,1,1,53,0
9277,55,0.009506202418105625,6,0,407,4,0,74,0
9278,40,0.9590084436087262,2,1,174,1,0,57,0
9279,39,0.5152553641125769,8,0,552,4,0,64,1
9280,21,0.9830164307061484,1,0,14,0,0,65,0
9281,66,0.057997572472708425,6,0,213,0,0,66,0
9282,26,0.5835295488659132,1,0,51,4,0,79,0
9283,21,0.3493270359759112,9,1,315,0,0,17,0
9284,24,0.8434824928142858,9,0,56,0,0,93,1
9285,40,0.3612227352342863,6,2,288,3,0,55,0
9286,19,0.2604875790573491,6,2,148,2,0,33,0
9287,66,0.8575531270999133,9,0,407,2,1,24,1
9288,41,0.374653091653261,5,0,531,4,0,39,1
9289,57,0.01683331986056147,9,1,368,2,0,94,0
9290,72,0.39028910083933377,5,2,323,1,2,88,1
9291,48,0.6545222690109419,4,1,356,4,0,45,1
9292,64,0.25435953880638185,2,0,429,4,1,48,0
9293,48,0.4319875924251573,2,2,32,1,0,48,1
9294,64,0.05671513828222552,1,2,542,2,0,10,0
9295,57,0.5880927915139572,10,1,285,1,2,67,0
9296,65,0.7562949238603938,3,0,516,0,0,21,0
9297,68,0.4133125614011103,1,2,116,4,1,95,0
9298,60,0.42023263280146006,6,1,268,3,0,45,0
9299,51,0.08828249858491644,7,2,162,1,0,87,1
9300,72,0.20194086451198257,9,0,139,4,2,27,1
9301,41,0.15467530312791267,7,0,143,4,0,42,0
9302,66,0.48168776866153795,4,0,221,1,0,45,0
9303,43,0.5292555409507501,4,1,587,3,0,35,1
9304,33,0.94894013128426,8,0,434,4,0,20,0
9305,74,0.0732315042772339,4,1,544,0,0,7,1
9306,64,0.5998679731550471,1,2,453,0,2,84,1
9307,30,0.5264985273282413,9,0,66,0,1,20,1
9308,32,0.5162330979358292,3,1,5,3,0,72,1
9309,44,0.8731592873828264,1,1,240,2,1,73,0
9310,21,0.20553847069548647,9,1,54,0,2,58,0
9311,33,0.04077327434137146,10,0,382,1,0,96,1
9312,47,0.6722715076341925,10,1,433,2,0,91,1
9313,61,0.34515746413598014,5,0,469,1,0,46,0
9314,47,0.017589916212524592,9,0,70,3,0,68,0
9315,53,0.2513740072904138,3,2,449,0,2,23,1
9316,20,0.3093267742168119,6,2,479,4,0,93,1
9317,39,0.616838376784242,7,0,142,0,0,87,1
9318,66,0.1725857940492721,5,2,21,3,0,66,0
9319,39,0.413054347953398,8,1,560,0,0,7,1
9320,67,0.4824754444178325,10,0,421,0,0,12,0
9321,74,0.4592373913640909,6,2,391,0,1,94,1
9322,67,0.9739407666667818,6,1,467,3,0,35,1
9323,72,0.04550423779029611,7,0,292,0,0,23,0
9324,66,0.9509681864523993,8,1,120,4,1,85,1
9325,29,0.5819372139940333,2,0,437,4,2,69,1
9326,72,0.7957277149698383,7,2,100,2,0,57,0
9327,38,0.4303926180160754,9,1,186,2,0,17,1
9328,73,0.45383788125698044,1,2,158,2,0,63,1
9329,21,0.8793264990158236,1,1,517,2,0,61,0
9330,48,0.8959344962919021,7,1,179,4,0,47,1
9331,61,0.23868888143129763,5,1,430,2,1,16,1
9332,48,0.19924187858461817,1,1,211,1,0,92,0
9333,40,0.4962351738699511,1,2,432,3,0,28,1
9334,71,0.9002770271276916,2,1,100,3,0,46,1
9335,70,0.3223550934061763,10,2,319,4,0,13,0
9336,37,0.6520146153391313,9,1,97,3,2,52,1
9337,32,0.7081516877406011,3,0,278,3,1,72,1
9338,40,0.7786746648941558,9,0,142,0,0,52,0
9339,45,0.5639244579209632,6,1,344,2,0,29,1
9340,33,0.4024551782789696,10,0,355,2,1,28,0
9341,54,0.9670159887989729,6,1,590,0,0,27,1
9342,38,0.6113307533028527,7,2,354,4,1,66,1
9343,32,0.7285652116332708,10,0,429,1,0,83,1
9344,34,0.34498284569587834,8,1,38,4,0,93,1
9345,67,0.6699491810030801,3,1,302,1,0,65,1
9346,54,0.2577976621641259,8,2,548,1,0,14,1
9347,30,0.24509691752863616,6,2,424,0,0,14,0
9348,36,0.7147222018094264,6,1,347,4,0,74,1
9349,47,0.5213947362629351,3,1,428,2,0,73,1
9350,62,0.6832766104223897,6,1,285,4,1,64,1
9351,35,0.2694384907480917,8,1,454,4,0,97,0
9352,31,0.5987233410567304,7,1,323,1,0,88,1
9353,53,0.44393364970311255,10,1,518,1,0,69,1
9354,53,0.5969602868455279,10,2,352,2,1,90,1
9355,37,0.29087973224421937,7,0,302,2,0,61,1
9356,69,0.7154509636491239,3,1,209,1,0,91,0
9357,36,0.8059293661594655,10,1,590,4,0,94,1
9358,62,0.25991647385772365,3,2,443,1,0,18,0
9359,61,0.30062055985564207,5,0,132,3,0,40,0
9360,24,0.661154269719093,5,2,175,3,0,66,0
9361,74,0.6955851743035442,9,2,86,1,2,80,1
9362,61,0.7040996843974501,9,1,457,2,0,19,0
9363,70,0.6826985047758368,10,1,216,1,0,53,1
9364,21,0.3928077169525388,5,2,405,4,0,84,0
9365,51,0.39485367440367836,5,1,406,3,1,19,1
9366,19,0.25481762364438143,6,1,428,0,1,76,1
9367,22,0.15683369989636298,8,1,231,2,2,48,0
9368,72,0.6925773793969057,6,0,429,0,1,82,1
9369,27,0.09318878597231284,6,0,37,2,0,6,0
9370,49,0.9377922867867816,9,1,423,0,0,80,1
9371,59,0.8266863036714514,1,2,398,0,0,67,1
9372,58,0.8575057399572561,4,0,588,1,1,28,1
9373,30,0.9066688146151902,10,2,578,2,0,6,1
9374,56,0.4086049707232401,10,1,184,3,0,86,0
9375,22,0.846700723350401,2,2,376,0,2,8,0
9376,27,0.15806130029164933,9,2,274,1,2,96,1
9377,27,0.021641794608235676,3,0,285,4,0,93,0
9378,55,0.7848913946638502,10,2,347,2,0,44,0
9379,44,0.0747966479969393,2,2,529,2,1,11,0
9380,68,0.9885246673259216,8,0,6,3,0,80,1
9381,38,0.674796429601556,4,1,187,0,1,65,0
9382,25,0.7534497102421055,2,2,599,1,0,48,1
9383,18,0.24580385627786594,4,1,115,0,1,87,0
9384,45,0.6738653939196881,7,1,498,1,0,72,1
9385,66,0.04321993725495721,7,1,62,3,1,6,0
9386,56,0.8378257199236009,1,0,440,0,0,92,0
9387,31,0.16962409303157244,1,1,343,4,0,49,1
9388,38,0.6973580668337706,3,2,586,3,0,15,0
9389,47,0.22448050123272834,2,1,378,3,0,92,0
9390,38,0.06845316942604274,3,1,294,2,0,43,1
9391,66,0.4814936785493943,4,1,231,1,0,77,1
9392,26,0.16928621027278945,7,2,439,0,0,11,0
9393,34,0.7294439883265498,2,1,393,1,1,33,1
9394,22,0.23756584338348485,7,1,275,3,0,68,1
9395,74,0.34247255623582884,5,1,166,0,1,28,0
9396,48,0.5674392512644729,8,0,98,4,0,71,1
9397,69,0.2849682775773116,8,2,411,1,0,5,0
9398,57,0.37798811620996164,5,0,227,1,0,50,1
9399,55,0.8156217710403867,10,2,413,4,2,47,1
9400,60,0.1792098495610257,8,1,313,3,0,14,0
9401,36,0.08220158948193368,9,2,325,1,1,83,1
9402,53,0.3283577851330193,7,2,61,2,0,79,1
9403,67,0.42437676701387816,6,2,128,2,2,37,0
9404,50,0.5426592821365677,7,2,451,0,1,65,1
9405,30,0.37242369617500704,7,0,408,4,2,42,1
9406,31,0.7899117002228051,3,2,422,3,1,24,0
9407,73,0.03931948766847326,6,0,229,2,0,76,1
9408,50,0.43176753819855795,6,0,570,0,0,57,1
9409,46,0.3822559146564046,9,1,511,0,0,59,1
9410,60,0.647578490806859,1,2,337,1,0,21,1
9411,66,0.966276251897396,7,1,245,3,0,50,1
9412,53,0.5103754066288622,1,2,557,2,0,6,0
9413,61,0.9868768469417205,10,0,203,4,1,15,1
9414,27,0.30224939491319747,4,0,192,1,0,82,1
9415,48,0.030868132542461013,7,0,358,2,0,86,1
9416,23,0.16566316747641274,6,2,553,0,0,14,0
9417,74,0.3951248847745673,6,2,253,4,1,27,1
9418,18,0.3163339091885522,5,2,283,0,0,92,1
9419,24,0.09705413098337767,7,2,217,1,0,48,1
9420,44,0.43266010769071683,9,2,572,4,0,79,1
9421,38,0.33811577165956275,6,1,551,4,0,60,1
9422,45,0.12261922045743845,10,2,181,1,0,32,0
9423,33,0.2961171306119089,7,1,570,0,0,31,0
9424,73,0.8864360553553905,9,2,222,4,1,52,1
9425,63,0.3020488654893402,7,2,207,3,2,76,0
9426,40,0.7139554232420516,6,2,422,3,2,41,1
9427,69,0.6120470796577556,3,2,169,0,0,68,0
9428,37,0.4271811624083718,1,0,138,4,0,51,0
9429,55,0.23902563680366917,10,0,202,0,0,53,1
9430,71,0.36901469934594544,9,1,253,3,0,70,0
9431,42,0.5921072134710428,7,1,165,4,2,49,0
9432,45,0.35075321474935495,3,2,568,4,0,62,0
9433,22,0.21489643357423183,10,2,395,0,2,69,1
9434,73,0.1164627488916321,9,2,425,4,0,72,0
9435,38,0.8797669379095653,3,2,446,0,0,7,1
9436,35,0.44031297575190564,3,0,505,2,1,94,1
9437,64,0.6252083217429301,7,1,136,2,1,75,1
9438,23,0.49041036113680525,2,1,405,3,0,90,1
9439,74,0.8725665183579634,10,1,568,3,0,14,1
9440,46,0.5469348524482108,7,0,578,1,0,14,1
9441,36,0.48078141794911333,7,2,230,2,0,43,0
9442,50,0.9246009904217126,1,0,243,2,0,69,1
9443,18,0.7196895960453545,10,0,285,1,0,62,0
9444,62,0.11154990734685732,2,1,53,0,0,41,0
9445,20,0.17770446119681405,5,0,391,2,0,79,1
9446,59,0.7871228629394419,4,1,577,2,0,38,1
9447,38,0.8358513211799543,3,0,269,3,0,14,1
9448,52,0.5451908290902965,10,1,388,1,0,82,0
9449,58,0.5544552278666393,8,1,12,1,0,42,1
9450,57,0.6319329628514445,7,2,342,3,0,65,1
9451,20,0.4391157742826395,9,1,588,2,0,70,1
9452,42,0.680199123483904,3,0,338,4,0,78,1
9453,62,0.10848125756641569,10,1,23,1,0,33,1
9454,55,0.9612792423673864,1,0,34,2,0,54,1
9455,62,0.7501548237949217,9,1,585,0,0,69,1
9456,72,0.6311742040090069,9,2,485,1,1,8,1
9457,37,0.3163220570094807,1,2,421,3,2,28,1
9458,69,0.16095548745672916,8,0,289,1,2,45,0
9459,61,0.40934296382894464,10,1,289,3,1,26,1
9460,62,0.6615767405740585,1,0,18,0,1,14,0
9461,51,0.6337097434231109,6,2,291,2,2,48,1
9462,38,0.3826411550655715,9,0,377,3,1,64,1
9463,73,0.6132863938331298,3,0,153,3,0,30,1
9464,72,0.8137482955675476,6,1,127,0,0,18,1
9465,65,0.026284772337607065,3,2,432,4,0,16,1
9466,40,0.4506210479302757,5,2,269,1,0,24,1
9467,23,0.758555228466791,7,1,514,4,0,39,1
9468,68,0.5461444704633772,10,1,257,1,0,90,0
9469,70,0.65147608792907,4,1,341,0,1,67,0
9470,30,0.516676392605342,4,2,501,0,1,21,1
9471,66,0.991874544682311,7,2,416,4,2,32,1
9472,40,0.054621536489038225,5,1,99,0,0,91,0
9473,26,0.4910448217723773,1,0,393,2,2,84,1
9474,34,0.09141654911451769,10,2,52,4,1,91,0
9475,19,0.15978556211357042,2,1,427,3,0,41,0
9476,36,0.38303835041826184,6,1,148,3,0,27,0
9477,36,0.1555400915004873,9,0,450,0,0,99,1
9478,73,0.963687165956651,7,1,594,0,0,19,0
9479,24,0.9467897767251591,4,0,533,1,0,17,1
9480,71,0.3361096462206038,2,0,531,4,0,18,0
9481,59,0.6397477120376796,4,2,365,4,0,90,0
9482,59,0.5337533205937861,5,1,323,2,2,13,1
9483,37,0.8155869805157686,2,2,519,3,0,12,1
9484,26,0.6274456098169422,1,2,562,3,0,82,1
9485,34,0.000252454490562104,4,2,245,2,1,75,0
9486,44,0.7631743856097388,6,1,448,1,0,71,0
9487,64,0.7468481212961181,1,1,153,2,0,27,0
9488,19,0.509722705566481,1,1,245,1,1,85,1
9489,53,0.9029189732330538,9,2,42,1,0,45,0
9490,36,0.9084462056904016,5,0,392,1,0,93,1
9491,34,0.5239116767043972,2,2,162,0,1,91,1
9492,22,0.6079882311965377,2,0,465,0,0,79,0
9493,56,0.9965220719246723,4,1,511,1,0,36,1
9494,35,0.2988202348114175,2,1,146,2,1,69,1
9495,70,0.32461724231147737,4,2,155,2,2,31,0
9496,71,0.18277390266349636,6,0,514,2,1,96,1
9497,24,0.895866939157868,7,1,145,0,1,94,1
9498,34,0.7444883899492662,6,1,511,1,0,68,1
9499,56,0.10564284887024189,4,2,268,3,0,77,1
9500,53,0.9817673511979657,10,2,410,2,0,98,1
9501,57,0.730961708161116,3,2,243,0,1,71,1
9502,62,0.8505221096049745,4,0,295,4,2,99,1
9503,21,0.048150789173200925,5,0,313,1,1,57,0
9504,55,0.5049609189421677,4,1,568,2,0,14,0
9505,42,0.6985982867270393,3,2,279,0,0,55,0
9506,22,0.5429465845718413,1,1,476,4,2,36,0
9507,47,0.6666474656992775,3,0,118,1,0,69,1
9508,29,0.8178740635904725,5,1,533,3,0,50,1
9509,21,0.3743370629601962,6,1,562,1,2,76,1
9510,41,0.8486686756187097,4,2,473,1,1,14,0
9511,46,0.16291610476529073,1,1,211,2,0,92,0
9512,26,0.27088605502637475,10,2,587,1,0,87,0
9513,21,0.043345619927325774,7,1,465,4,0,66,0
9514,68,0.3644268113352511,9,1,165,4,2,75,1
9515,41,0.3799095448241203,6,0,479,1,0,77,0
9516,31,0.8052705972072509,6,0,382,1,0,58,1
9517,22,0.653130670289656,9,1,60,4,1,87,1
9518,35,0.43672255815566663,4,1,278,4,0,43,0
9519,59,0.6521139786237482,5,2,587,2,0,33,0
9520,74,0.05278335051569116,5,0,208,3,0,20,0
9521,36,0.1802715360183761,5,0,36,4,0,48,0
9522,29,0.626947855241755,8,1,133,3,0,71,0
9523,35,0.6413668192253023,1,2,411,3,0,73,1
9524,34,0.7741346587074271,10,0,147,4,1,74,0
9525,47,0.4029997590536022,10,1,396,2,0,21,1
9526,41,0.7225540966161562,3,1,251,1,0,85,1
9527,28,0.6839803325601894,8,1,502,0,0,46,0
9528,52,0.9633933783698491,9,1,506,1,0,44,1
9529,40,0.21513022642467916,2,1,590,0,0,18,0
9530,34,0.5516795637526395,4,0,243,4,0,36,1
9531,18,0.6017644421104693,8,0,366,1,0,47,1
9532,32,0.9986478849342207,5,2,449,1,0,81,1
9533,49,0.2011841421666517,1,1,119,0,0,51,0
9534,26,0.5232180199672922,6,2,308,2,2,27,1
9535,32,0.34618530771363887,9,1,211,4,0,64,1
9536,45,0.5258929685789998,9,1,283,4,0,16,0
9537,41,0.23212860210310593,1,1,253,4,0,90,1
9538,52,0.04761237842748811,4,2,529,1,0,98,0
9539,39,0.5725654538976889,1,1,262,3,0,62,0
9540,44,0.33585431586083214,7,2,276,0,1,26,1
9541,36,0.18194140174843365,3,0,40,1,0,68,0
9542,62,0.32393556607803375,2,1,422,2,0,78,0
9543,29,0.04928020144774492,8,2,508,2,2,16,0
9544,37,0.9504422340901033,9,0,363,1,0,96,0
9545,18,0.5811479149732605,7,1,542,0,0,91,1
9546,38,0.8147686813470248,6,0,460,4,0,28,0
9547,66,0.4231181975477304,10,1,452,4,0,96,1
9548,62,0.9033146675661857,6,2,314,3,0,76,1
9549,18,0.48331822155225335,9,1,359,1,0,24,1
9550,27,0.5739453222006694,5,1,233,3,0,7,1
9551,64,0.49179398006265684,5,2,42,2,1,75,0
9552,49,0.7332782958676516,2,2,227,4,2,27,1
9553,56,0.5666560776020624,6,2,332,4,0,63,1
9554,39,0.2715989235803977,6,1,491,3,0,37,0
9555,35,0.1455395313226463,6,0,205,1,0,50,1
9556,65,0.6061243888829777,4,2,88,3,0,39,1
9557,63,0.48917996154703625,7,0,98,2,0,26,0
9558,49,0.09597569669611294,9,2,36,1,1,38,0
9559,44,0.3956174657932684,1,2,373,2,1,40,0
9560,45,0.5147764220004536,3,1,390,1,0,30,1
9561,35,0.82689323382559,10,2,433,3,0,45,1
9562,56,0.07610105583336235,9,0,485,0,1,14,0
9563,66,0.3484953482460029,5,1,391,3,0,11,0
9564,46,0.8226561227103854,6,2,355,1,2,46,1
9565,35,0.6484239317715788,8,0,54,2,0,15,1
9566,61,0.2899583218037868,9,1,585,3,0,85,1
9567,25,0.8453351220226424,8,0,313,1,0,76,1
9568,71,0.49329358056269235,3,1,103,2,0,75,0
9569,48,0.49835189131046054,10,1,15,2,0,76,1
9570,51,0.9765873392003843,1,1,408,2,2,10,1
9571,24,0.9471165032363784,5,2,28,1,0,50,0
9572,53,0.3585326833698439,7,1,355,2,0,9,0
9573,35,0.1405791286630823,2,2,378,2,0,84,1
9574,55,0.32566673227809406,1,2,563,3,0,49,0
9575,26,0.03048326031138804,4,2,510,2,0,18,0
9576,26,0.020767886710391203,3,2,346,0,0,38,0
9577,63,0.3955221362514192,4,1,502,1,0,60,0
9578,25,0.9410198226972342,1,2,24,2,1,62,1
9579,68,0.8713573412322078,2,0,91,2,1,54,1
9580,52,0.511442833917623,1,0,328,4,2,93,1
9581,35,0.5652263811708307,3,1,537,3,1,90,1
9582,22,0.005933496746056477,4,2,341,2,1,71,0
9583,31,0.2155011558337655,1,0,447,3,1,86,1
9584,45,0.024774126934383744,6,0,395,3,0,60,1
9585,47,0.7545395326953875,2,2,541,0,0,24,1
9586,21,0.14564579602649774,10,2,525,1,0,17,0
9587,56,0.8690471024768169,5,1,501,0,2,89,1
9588,37,0.6433243136757882,8,0,406,1,0,97,0
9589,42,0.22941867651571335,4,1,129,4,0,77,0
9590,45,0.15772031708324974,5,0,130,0,2,90,1
9591,29,0.6276247009230531,9,2,517,3,1,99,1
9592,19,0.9008369802823235,2,0,148,2,1,49,0
9593,60,0.7183602189143816,2,0,275,4,1,35,1
9594,31,0.3485466516033776,6,0,551,1,0,74,1
9595,39,0.5873835952686471,6,2,195,0,0,45,0
9596,48,0.3107616953724214,3,2,408,4,0,50,1
9597,40,0.9991495667786588,9,0,70,0,2,6,1
9598,65,0.7488391884618512,1,0,198,3,0,11,0
9599,37,0.6143816397567536,3,2,544,0,1,16,1
9600,55,0.4232591427658292,8,2,464,1,0,68,1
9601,72,0.6181522902595573,8,2,89,1,2,47,1
9602,21,0.3416160624673348,4,0,567,2,0,55,1
9603,32,0.028864839458030755,8,1,0,2,0,87,0
9604,41,0.39508852235663283,10,1,166,1,0,24,0
9605,42,0.930480819579867,8,2,548,1,0,17,1
9606,18,0.6263010947738659,1,1,590,1,1,51,1
9607,24,0.08395570307090161,3,0,241,4,0,89,0
9608,74,0.8849936133950259,1,1,133,0,1,30,1
9609,48,0.26887484934151484,2,1,251,4,0,62,1
9610,29,0.24376949308272744,4,1,21,3,1,26,0
9611,59,0.2970909687803208,3,2,71,2,0,63,0
9612,22,0.5772022361259574,6,0,520,0,0,79,0
9613,61,0.5446880934339766,5,2,569,2,0,19,1
9614,67,0.4914137546228817,5,1,500,3,0,49,1
9615,59,0.717536863512627,10,2,307,1,1,51,0
9616,55,0.316537731334959,7,0,250,2,0,86,1
9617,29,0.7820645215724311,7,0,203,1,0,35,0
9618,56,0.17532167837859913,9,0,7,2,0,33,1
9619,35,0.7826207890770093,8,0,107,3,0,45,0
9620,19,0.6638101052502828,3,1,522,2,1,85,0
9621,27,0.6832083095475865,2,1,372,3,0,22,1
9622,32,0.48155339712726,1,1,385,0,0,14,1
9623,47,0.6670015326808647,10,1,182,4,0,13,0
9624,61,0.07979704655945741,6,1,308,3,1,56,1
9625,34,0.8515511170493673,4,2,178,2,1,31,1
9626,21,0.05554723348764601,3,0,226,0,0,30,0
9627,24,0.14874150987149748,2,1,517,3,0,89,0
9628,58,0.5767897084972363,2,0,11,2,2,33,0
9629,48,0.7394114554566915,4,0,249,3,0,24,0
9630,68,0.07625156434625346,1,1,417,3,0,77,0
9631,72,0.9207648141223198,6,1,376,1,0,72,1
9632,56,0.9736076488006986,10,0,197,2,0,19,1
9633,72,0.605950173007711,5,0,447,4,1,56,0
9634,51,0.48124345537683655,10,0,36,3,0,91,1
9635,23,0.7413949722797497,9,2,420,0,0,84,1
9636,67,0.3283573523272054,2,2,7,2,0,5,0
9637,55,0.49326443410510645,9,0,164,4,0,23,0
9638,62,0.9161510268144013,9,2,119,2,0,30,1
9639,68,0.9556554252415336,10,0,371,4,0,63,1
9640,51,0.927069116051185,9,0,232,4,2,8,1
9641,61,0.26244806696384015,10,1,429,3,0,66,1
9642,32,0.2324690402167634,10,0,286,1,0,96,1
9643,31,0.29766450592931426,4,1,394,2,0,61,0
9644,23,0.4413111123884602,5,1,419,0,0,64,0
9645,67,0.3141674127919636,8,0,451,0,0,39,1
9646,54,0.37421279573905797,8,2,271,1,0,39,1
9647,67,0.6206369521207595,1,0,285,0,1,44,1
9648,49,0.7625256770939759,10,0,38,2,0,25,1
9649,20,0.735558198267917,1,2,555,0,0,31,0
9650,20,0.814423567079152,10,1,496,2,0,51,1
9651,39,0.03218440321540217,6,2,487,4,0,17,0
9652,39,0.04773378967875608,7,0,371,3,0,58,1
9653,27,0.7893829606886293,2,0,548,1,1,10,1
9654,68,0.5330788223246319,2,2,409,1,0,35,0
9655,20,0.5781406737621203,5,2,255,0,1,91,0
9656,29,0.052586860214377085,9,2,475,2,0,37,0
9657,46,0.2553138011712709,5,1,210,3,0,13,0
9658,65,0.6383543048854777,8,2,404,0,0,73,0
9659,34,0.8591818901106761,8,0,530,3,0,48,0
9660,24,0.9169833971814025,5,2,394,2,0,62,1
9661,30,0.5004194958350817,8,0,580,0,0,42,0
9662,73,0.5454742327381976,8,1,129,0,0,48,0
9663,19,0.8330496310689909,5,1,24,3,0,72,0
9664,21,0.5376246007473546,5,2,89,0,0,36,0
9665,27,0.5168585255373174,4,0,272,3,0,7,0
9666,56,0.9050840377609537,1,1,340,2,2,63,1
9667,41,0.7899327210558801,9,2,211,3,1,16,0
9668,34,0.9090725263612945,2,1,347,2,0,50,1
9669,69,0.2182470547811538,1,2,587,2,1,36,0
9670,23,0.5243754866553567,6,0,295,4,0,35,1
9671,36,0.842472128593358,5,2,389,3,0,17,1
9672,22,0.11114782746710894,1,0,87,1,0,53,0
9673,49,0.7946621542939618,7,1,426,4,1,90,1
9674,27,0.18297338341486946,7,0,169,4,0,95,1
9675,26,0.8081187549853212,3,0,146,3,0,73,1
9676,44,0.6120009375568681,8,1,239,4,0,68,1
9677,30,0.19323599148486714,6,0,54,4,2,30,1
9678,36,0.4733541793328011,4,0,519,0,1,53,0
9679,38,0.6819051664607716,10,2,298,2,2,87,1
9680,41,0.6338529008835424,10,0,561,1,0,27,1
9681,55,0.4272471962317044,10,2,3,3,0,96,1
9682,21,0.8993665289209269,3,0,363,0,0,70,1
9683,41,0.5192634144878443,1,1,291,1,0,7,0
9684,52,0.5058672985286884,2,0,388,1,0,81,0
9685,20,0.06225058994145427,2,0,470,0,0,25,0
9686,21,0.9221203897976371,5,0,530,3,2,50,0
9687,74,0.177116568678373,4,2,425,2,0,43,0
9688,54,0.5283446934365542,2,1,398,0,0,82,0
9689,57,0.8035676014003101,9,1,303,4,0,42,1
9690,65,0.2154532769556433,7,0,103,1,0,32,0
9691,71,0.5273732899708411,8,0,330,4,0,73,1
9692,52,0.24068490922334085,8,2,363,3,2,49,1
9693,48,0.7596949977999118,2,1,365,2,1,66,1
9694,73,0.5643411678731507,5,0,81,2,0,21,1
9695,61,0.8559758603951435,3,0,566,2,0,44,1
9696,42,0.8945580028773829,10,1,84,4,1,39,1
9697,57,0.6487334824453981,9,0,218,3,0,86,1
9698,30,0.7253912461589445,9,0,367,4,1,61,1
9699,21,0.5492200998868637,6,1,241,1,1,89,0
9700,63,0.3844287330673829,4,2,161,2,1,29,1
9701,31,0.6481179230208346,8,0,178,3,0,99,0
9702,30,0.9082886234873289,5,0,91,4,0,19,1
9703,44,0.41668038043143796,3,1,499,4,0,23,1
9704,23,0.31441002637379534,8,1,505,4,0,55,0
9705,34,0.3884369385525741,6,2,168,4,2,17,0
9706,53,0.4353976302115996,5,2,386,4,1,99,1
9707,57,0.07356102897771621,1,0,320,1,0,82,1
9708,66,0.4984418404349944,3,2,100,2,0,29,1
9709,52,0.49431424805005963,7,2,295,4,0,87,1
9710,34,0.5884438276405232,3,2,192,1,0,27,1
9711,58,0.3628200304713315,1,0,460,3,0,87,1
9712,19,0.6131075959555897,8,2,285,3,0,85,0
9713,74,0.878216310274203,7,2,215,1,0,63,0
9714,30,0.9554709904951643,5,2,455,1,0,20,0
9715,69,0.5836122161410496,10,1,227,1,1,99,1
9716,19,0.042590953970313095,5,2,360,3,0,55,1
9717,69,0.969235997267109,6,2,42,4,0,14,0
9718,45,0.7058620608962562,7,1,180,2,1,76,0
9719,60,0.33596364855365213,3,1,510,4,0,59,1
9720,43,0.14715770096372338,4,0,461,0,1,66,0
9721,39,0.14341861223627494,1,0,285,1,0,49,1
9722,64,0.16774440613960273,7,1,296,4,0,70,1
9723,60,0.045572521613820305,10,0,555,2,0,29,1
9724,72,0.9021541886529115,2,2,36,4,0,62,0
9725,20,0.5407682328273363,7,0,82,0,1,95,1
9726,52,0.6999594127138372,6,2,256,0,0,68,1
9727,29,0.8281085092683075,4,2,216,4,0,48,0
9728,41,0.7915410063332002,2,2,521,2,0,28,0
9729,22,0.8826056237288415,7,1,25,4,0,55,1
9730,37,0.9672546225249519,7,0,250,1,0,67,1
9731,56,0.43907061474193954,5,0,214,2,0,28,0
9732,56,0.9503354666683905,9,1,319,3,0,52,0
9733,30,0.7232899483428163,3,1,410,2,0,24,0
9734,58,0.07066819030807847,9,0,458,4,0,36,0
9735,74,0.6817831212123454,5,1,323,4,0,38,1
9736,70,0.6867166596048486,2,1,529,3,0,97,1
9737,62,0.9058605637925271,9,2,338,0,1,56,0
9738,29,0.37293213247009205,1,2,227,4,2,42,0
9739,30,0.5849115002718178,1,2,235,0,0,18,1
9740,73,0.012187551011742515,7,1,365,0,0,28,0
9741,27,0.332075242181336,3,1,433,1,0,87,1
9742,50,0.06224372615878093,8,2,448,0,1,76,1
9743,74,0.521872972764897,7,2,506,2,1,12,1
9744,57,0.8174476505069532,7,0,275,0,1,10,1
9745,71,0.20644269212906896,1,2,61,1,0,79,0
9746,33,0.5274410455577785,1,2,330,4,0,47,0
9747,62,0.20400863651076706,2,0,186,4,0,59,0
9748,52,0.12068846784624043,2,0,536,3,0,81,1
9749,20,0.5109967919343424,5,0,504,0,0,31,1
9750,73,0.07914862094972763,9,0,320,2,0,28,0
9751,22,0.5873546311379894,7,1,192,3,2,96,1
9752,43,0.03133746067672627,2,0,253,3,2,71,1
9753,28,0.10671497186837553,5,0,578,1,0,10,0
9754,24,0.5499974854873578,5,1,313,4,1,70,1
9755,70,0.5914074128989139,8,0,551,0,2,20,1
9756,73,0.02898693009375808,9,0,223,0,0,61,1
9757,27,0.5733767880015584,8,0,430,4,0,66,0
9758,59,0.838502525323637,2,1,355,1,2,95,0
9759,69,0.7223161772939539,4,2,426,1,0,89,0
9760,51,0.13118510392079863,2,0,391,1,1,69,1
9761,20,0.5924746475636149,6,0,221,2,0,22,1
9762,25,0.6722525000742134,4,0,102,0,0,84,1
9763,48,0.037231201752291776,7,0,317,1,0,42,1
9764,28,0.8553476686836227,2,1,536,1,0,22,1
9765,62,0.9062673972898302,9,2,218,4,1,18,1
9766,24,0.8504522733622586,5,0,437,3,0,30,1
9767,62,0.8246314679891132,1,0,168,3,0,74,0
9768,19,0.7449651984608933,3,1,591,3,1,15,0
9769,23,0.6334320312819601,4,2,71,0,2,6,1
9770,58,0.6786270049882519,3,2,574,2,1,29,0
9771,49,0.806395293334983,6,2,455,0,0,71,1
9772,37,0.6624984583613046,6,0,74,4,1,65,0
9773,74,0.32772695668207097,10,0,262,1,0,44,0
9774,51,0.3759611021613539,7,0,468,0,0,34,1
9775,67,0.8970574683722922,9,1,596,3,0,13,1
9776,33,0.0171220857971619,10,1,517,2,0,34,1
9777,42,0.698820581244282,9,1,198,4,0,25,1
9778,29,0.9547775524252154,7,0,337,1,0,90,1
9779,24,0.7062281699579737,1,0,37,2,0,49,1
9780,56,0.9939119882317821,3,0,318,0,0,16,1
9781,34,0.6875449055283308,5,2,139,0,0,46,1
9782,62,0.034363029216861074,10,1,247,2,0,57,1
9783,28,0.8270098816469236,6,1,426,2,1,34,1
9784,23,0.2846299119393191,6,2,194,1,0,50,1
9785,40,0.44605722566444095,5,2,214,3,0,74,0
9786,44,0.3120919159070821,6,2,540,2,0,95,0
9787,63,0.26855410620967946,9,0,388,1,0,83,0
9788,23,0.43140570366978537,1,2,428,2,0,64,1
9789,55,0.37875144844067377,1,0,151,2,0,59,0
9790,19,0.6333385818425894,9,0,102,3,2,58,0
9791,39,0.8131512009875106,8,1,404,1,2,34,1
9792,37,0.29708865318724076,9,2,287,0,2,83,1
9793,42,0.21372115282201742,7,0,132,1,0,63,0
9794,32,0.6668952708703423,10,0,445,1,1,40,1
9795,66,0.6703200658307816,6,2,401,1,0,62,1
9796,46,0.9011312392861718,9,0,34,3,1,61,1
9797,25,0.015945686453310848,2,0,591,3,2,97,0
9798,54,0.85304066211651,4,0,343,4,0,11,1
9799,66,0.5210021729483569,2,2,483,0,0,83,1
9800,69,0.6213020891720988,6,0,520,3,0,56,1
9801,50,0.09137144056141477,1,1,387,3,1,55,1
9802,39,0.43261493287204567,7,2,544,1,0,97,1
9803,67,0.2273024072385238,7,1,10,1,0,18,0
9804,64,0.2542250300825091,7,1,580,2,1,78,0
9805,22,0.5040951146760274,4,1,137,2,1,28,1
9806,56,0.8124559504031124,8,0,130,2,2,42,1
9807,35,0.7437809301448561,5,0,398,3,0,6,1
9808,55,0.5909999590859538,2,1,250,2,0,75,1
9809,71,0.539418192753467,5,1,365,0,2,39,1
9810,70,0.42730604323448995,10,2,420,2,0,96,1
9811,54,0.9727099735613863,9,1,423,4,0,44,1
9812,47,0.5601925542342333,10,0,161,4,2,54,1
9813,68,0.2539663983122221,1,1,94,1,1,30,0
9814,48,0.23009079204003957,2,1,161,3,0,19,0
9815,27,0.6113530307751418,10,2,360,4,0,90,1
9816,32,0.5228275273109287,8,1,228,0,2,91,0
9817,59,0.007697802954712785,5,2,115,1,0,14,0
9818,65,0.8300653721957794,9,2,220,4,0,93,1
9819,61,0.7041223542324346,6,1,462,2,2,31,1
9820,35,0.6618292896781035,8,1,314,4,0,30,1
9821,40,0.06878065769765895,1,0,329,4,0,22,0
9822,50,0.3620558501724914,9,0,285,1,0,69,1
9823,33,0.9353822607327862,9,2,181,3,0,70,1
9824,71,0.8625892413413637,3,2,455,2,0,36,0
9825,55,0.28554293786953344,1,0,274,2,1,99,0
9826,52,0.1570588840991387,8,2,36,2,0,80,0
9827,51,0.4490879571685771,8,0,442,2,0,81,0
9828,45,0.3558303786676609,9,2,35,3,0,63,1
9829,19,0.6822263767059911,6,0,67,2,0,67,0
9830,47,0.9664348100843196,9,0,409,3,1,97,1
9831,30,0.36300144998256145,10,2,359,1,0,63,1
9832,58,0.062224172652242005,9,2,120,0,1,7,0
9833,33,0.8976140083423853,4,2,555,3,0,72,1
9834,22,0.037949730239870805,5,1,481,2,0,20,0
9835,72,0.952765897153333,6,1,288,1,0,67,1
9836,45,0.6645794280090398,6,2,89,1,1,14,0
9837,70,0.9416892084419491,10,2,211,4,0,18,1
9838,56,0.19965968664897826,2,2,574,4,0,55,0
9839,62,0.040699795253807625,4,2,71,0,0,87,0
9840,37,0.4882099782764918,9,0,289,0,2,47,1
9841,41,0.4506234145701252,7,1,366,4,1,98,1
9842,44,0.33149227325488284,9,2,26,4,0,72,0
9843,47,0.9576564743886975,6,1,419,1,0,66,1
9844,62,0.8225837321614322,7,1,361,3,0,66,1
9845,44,0.6615820213755933,9,0,564,4,2,36,1
9846,43,0.16285829163782772,4,2,454,2,1,95,1
9847,24,0.7343234082185247,9,1,471,3,0,27,0
9848,59,0.727012454699724,3,0,590,3,2,87,1
9849,64,0.42506817361600746,8,2,368,2,0,38,1
9850,70,0.9247859097140136,3,2,325,2,0,79,1
9851,55,0.16697788222901044,3,1,409,2,1,23,1
9852,22,0.2673375624116643,3,0,502,1,0,27,1
9853,40,0.06322433925063364,9,0,24,4,2,48,0
9854,45,0.7954509581775875,10,0,160,4,0,55,1
9855,51,0.6217593860953973,3,0,194,1,0,44,0
9856,70,0.31494030568124953,6,2,420,3,0,60,1
9857,32,0.16381366359431537,4,1,12,1,1,76,1
9858,49,0.04014777002874037,2,1,406,4,0,13,0
9859,43,0.1667455686259366,3,0,354,0,0,18,1
9860,65,0.4532846463376582,5,0,245,1,0,62,0
9861,48,0.24717696901060615,10,0,87,0,0,67,1
9862,36,0.2589821774319667,4,1,438,0,0,38,0
9863,26,0.8755763666677143,5,2,420,2,0,69,1
9864,46,0.5151376734611006,1,2,255,2,0,36,0
9865,71,0.7292519731284146,4,0,275,2,0,12,0
9866,68,0.03571094902814309,10,2,6,0,0,27,0
9867,56,0.3651633556780287,3,2,499,4,0,36,0
9868,21,0.4791693473954418,2,1,245,2,0,42,0
9869,20,0.1864168552101847,7,0,345,2,0,26,0
9870,73,0.12019154144553867,10,2,203,3,1,31,0
9871,46,0.8703037784998425,9,0,481,0,0,89,1
9872,69,0.9394316270997966,1,0,479,0,1,65,1
9873,28,0.07880669804540741,7,2,93,2,1,56,0
9874,50,0.3490187125424431,1,1,309,3,2,33,1
9875,55,0.9582856281444737,5,2,519,3,1,17,0
9876,28,0.08316173313246489,1,1,429,1,0,41,1
9877,44,0.6436413728787262,3,2,169,1,0,46,0
9878,50,0.9722213709670056,8,0,118,2,0,49,1
9879,38,0.9782236685813746,4,1,62,0,1,46,1
9880,56,0.47122333090374324,1,1,116,3,0,38,0
9881,48,0.1627491077823806,1,0,108,3,1,38,0
9882,55,0.20208431497743884,8,2,492,3,0,78,1
9883,63,0.8896013951243946,8,1,599,0,1,83,1
9884,19,0.9116830043297359,4,2,416,1,1,31,1
9885,44,0.6078796438735548,4,2,324,2,0,84,0
9886,53,0.7661763994699113,10,2,239,1,1,46,1
9887,28,0.7399312514704082,2,0,515,3,0,30,0
9888,64,0.661821597989107,2,2,251,3,1,56,0
9889,35,0.8272769548719391,6,0,185,0,2,31,1
9890,18,0.6854066230403211,8,1,412,0,2,55,1
9891,52,0.5340023057474993,7,2,503,0,0,72,0
9892,52,0.23695636258815678,7,1,532,2,0,65,1
9893,48,0.743888144118619,3,2,153,4,1,38,1
9894,45,0.47343786783827446,2,1,223,4,1,79,1
9895,56,0.2947916840075093,10,0,597,2,0,7,1
9896,18,0.8019462757417753,7,1,552,2,0,29,1
9897,42,0.6967136003530283,4,1,417,2,0,29,1
9898,60,0.9373395631247,1,2,484,1,0,69,0
9899,55,0.16544164001887773,1,2,159,2,1,80,1
9900,37,0.6491892846364932,4,2,50,1,0,86,1
9901,20,0.24423946808817598,5,2,279,0,0,41,0
9902,68,0.9035829853016417,5,0,171,3,2,17,1
9903,19,0.09949941425661568,1,1,331,4,0,86,0
9904,35,0.6561618064448772,3,1,595,3,0,19,1
9905,61,0.7910857215280299,6,0,292,4,0,10,1
9906,27,0.3549178403647072,10,1,65,0,0,43,0
9907,22,0.9541380793838092,7,2,269,4,0,17,1
9908,26,0.8507306845860373,1,2,343,0,1,80,0
9909,19,0.2946182996849034,8,2,270,3,0,78,1
9910,51,0.007541092715998676,4,1,60,1,0,30,0
9911,55,0.29665717611806086,9,0,135,4,1,31,0
9912,48,0.28131047047074254,6,0,258,2,2,26,0
9913,27,0.889964607500909,1,1,255,1,0,84,1
9914,67,0.9671211782547475,2,0,330,1,0,69,0
9915,29,0.07043998597026035,3,0,392,0,1,47,0
9916,53,0.4712948285333167,2,2,543,3,0,47,0
9917,71,0.5483319985297957,10,1,253,2,0,69,1
9918,38,0.0929116613297033,7,0,266,3,0,15,1
9919,66,0.37749770913752256,1,1,6,3,1,90,0
9920,64,0.3170824173929506,9,2,438,1,2,97,1
9921,23,0.5360563543270873,2,2,550,2,0,38,1
9922,65,0.661190899731938,4,0,3,4,0,71,0
9923,66,0.7034851104965666,8,1,541,2,1,99,1
9924,20,0.13675502361338754,3,1,306,0,0,81,0
9925,27,0.8129477019446214,9,2,461,1,1,62,1
9926,22,0.678542029790759,7,2,547,2,0,15,1
9927,63,0.8890749167467196,10,2,350,0,0,54,1
9928,43,0.4493360594354341,3,0,498,4,0,76,0
9929,38,0.8938897627221916,3,1,210,3,0,14,1
9930,62,0.8657741223560754,5,0,112,3,0,83,1
9931,43,0.4384093323592696,5,1,116,0,0,12,0
9932,55,0.3811433152929786,10,2,315,1,0,68,1
9933,61,0.9328120149702568,5,0,562,3,0,34,1
9934,43,0.7151647345384377,9,0,432,1,0,40,1
9935,25,0.9282453464380757,9,0,14,1,0,34,0
9936,22,0.796974778895813,6,2,200,3,0,60,1
9937,32,0.6092974392914143,7,0,346,4,0,99,0
9938,33,0.1158527770037645,10,0,123,2,1,73,1
9939,18,0.2914806725790985,8,2,155,3,2,23,0
9940,33,0.9688424070983915,9,1,408,2,0,53,1
9941,54,0.31942209871420446,6,0,207,1,0,81,0
9942,20,0.09325486978537079,8,2,465,4,0,66,1
9943,69,0.7075533559193198,2,0,163,1,0,65,0
9944,64,0.7340042545436842,10,0,276,4,2,29,1
9945,48,0.2854577202871508,8,1,393,0,1,82,0
9946,30,0.29767197934630374,2,2,49,4,0,15,0
9947,73,0.4688929855087839,8,1,143,4,0,34,0
9948,33,0.02178894976225554,2,1,165,1,0,75,1
9949,72,0.7893230103611636,3,2,66,3,0,70,1
9950,60,0.3170887872741256,7,1,19,3,0,39,0
9951,38,0.8537631020019776,9,0,68,2,1,47,1
9952,19,0.8026304216000337,3,2,453,0,0,71,0
9953,71,0.6614020331187831,5,2,24,4,1,55,1
9954,44,0.3248748670992887,9,0,309,2,2,50,1
9955,55,0.51631656166117,7,0,11,4,0,66,1
9956,43,0.444829257597959,2,0,576,4,0,66,0
9957,55,0.3388818862486742,5,1,233,0,2,36,1
9958,63,0.8481362893031782,5,1,132,0,0,21,1
9959,42,0.4835070745776653,9,1,590,2,0,55,1
9960,28,0.8327230977971465,2,1,274,3,1,32,0
9961,25,0.10521847414182428,1,1,151,4,0,89,1
9962,25,0.14102478860033574,4,1,451,1,0,55,1
9963,50,0.9773203051129767,4,2,215,2,0,23,0
9964,70,0.5877684626060896,1,2,309,4,2,61,0
9965,24,0.509769673499049,10,2,232,0,1,79,1
9966,55,0.5231560631441117,7,2,492,0,0,91,1
9967,38,0.21526877403285982,2,2,148,0,0,11,1
9968,25,0.718703949501973,9,2,336,0,0,12,0
9969,68,0.08478062372975437,7,1,455,3,2,34,1
9970,71,0.5733237131030232,7,2,478,3,1,11,1
9971,38,0.5707687965859014,1,0,506,4,0,62,0
9972,73,0.914188424133511,9,2,274,4,2,90,1
9973,37,0.5261828101048603,10,0,180,2,2,31,1
9974,25,0.13706269597417953,9,0,433,0,0,44,1
9975,63,0.5727532592481626,2,2,150,0,2,40,1
9976,48,0.09132764436533236,10,1,470,1,0,23,0
9977,67,0.20379383529992168,9,1,203,1,1,95,0
9978,74,0.031108584187416133,2,0,591,0,0,60,0
9979,46,0.5132935824594983,2,1,463,1,0,74,1
9980,65,0.08453261529357237,8,0,326,1,2,84,1
9981,26,0.46939437853132904,3,1,148,0,0,28,1
9982,32,0.9329450353241441,3,1,276,3,1,28,0
9983,47,0.719761413019332,7,1,34,3,0,34,1
9984,43,0.07741167422529305,10,1,215,4,0,43,0
9985,27,0.22420981220884317,6,2,0,3,0,49,0
9986,46,0.6736624198934342,7,2,467,0,0,53,1
9987,71,0.8947018610241837,6,2,465,1,0,39,1
9988,33,0.03291858676395376,9,0,450,0,0,24,1
9989,53,0.812451131720594,2,2,69,2,0,40,1
9990,37,0.5618138803383087,8,2,256,1,0,79,1
9991,62,0.5460913252963926,6,2,91,0,0,23,0
9992,71,0.9578131827533579,4,1,593,4,0,44,1
9993,54,0.7476446125967731,6,1,371,4,0,93,1
9994,39,0.8501188680561119,6,1,98,1,0,26,1
9995,24,0.3539955695446667,10,1,509,3,0,69,1
9996,40,0.5543640408284098,3,1,564,4,0,88,1
9997,58,0.6154056774277707,8,2,591,2,1,27,1
9998,57,0.32158394036246507,5,2,506,1,0,28,1
9999,46,0.5702481249473995,10,1,342,2,2,43,1
10000,33,0.23665537947971382,4,1,245,1,2,91,1
10001,55,0.14337567106823956,2,2,471,3,1,42,0
10002,45,0.37397025927733263,10,2,278,0,0,51,1
10003,65,0.739289628746437,1,1,509,1,0,11,1
10004,55,0.9161871480738876,7,0,430,0,1,48,0
10005,48,0.4577140514982325,10,1,441,1,0,77,1
10006,31,0.6428236882754317,3,2,260,3,0,97,1
10007,70,0.10303713097510048,3,0,254,2,2,45,1
10008,50,0.9044637585523287,3,1,460,0,0,46,1
10009,74,0.5686042135699344,10,2,594,2,0,78,1
10010,26,0.780338247625157,3,2,264,1,2,83,1
10011,74,0.7944412009213938,2,2,514,1,1,52,1
10012,44,0.2564805263681059,6,1,444,3,0,76,1
10013,41,0.5291744531818495,10,1,222,1,0,26,1
10014,30,0.9604797515609774,3,0,191,3,0,67,1
10015,43,0.08963454482082778,1,2,557,1,1,88,1
10016,46,0.6830498980295634,10,2,439,2,1,61,1
10017,68,0.962264078035172,9,0,268,1,0,86,1
10018,66,0.30057710805402216,6,1,40,0,0,60,0
10019,60,0.8614479214043481,6,2,40,4,0,38,0
10020,45,0.9336575454082716,10,0,330,0,1,27,1
10021,45,0.7470862093948251,9,2,174,0,0,32,1
10022,25,0.23132831230695827,2,1,432,3,0,45,0
10023,40,0.3340007188265939,10,1,448,1,0,14,1
10024,46,0.03580929441773073,9,0,322,2,1,56,0
10025,22,0.8314532342453552,3,0,279,1,1,60,1
10026,59,0.8496111865110799,3,2,93,4,0,27,1
10027,24,0.6327103099661927,3,1,339,1,0,14,0
10028,59,0.35252785126385133,1,1,419,4,0,69,0
10029,53,0.07681102763992054,10,0,204,4,0,33,1
10030,58,0.7530576099149094,7,0,567,0,0,50,0
10031,44,0.7265261936099229,10,2,259,4,1,45,0
10032,63,0.912602521738901,7,1,390,4,0,73,1
10033,19,0.7305320210053622,2,2,277,2,2,48,1
10034,42,0.8286949422440019,6,2,480,3,1,33,1
10035,26,0.7459546179039995,4,0,450,1,0,54,1
10036,70,0.6306871883123164,7,1,290,2,0,24,1
10037,44,0.42696639419100924,7,0,104,3,1,67,0
10038,18,0.9021173086422778,4,2,376,0,0,12,0
10039,40,0.6509685719074698,3,2,189,2,0,93,1
10040,27,0.39835532196590906,7,1,194,2,0,69,1
10041,59,0.08346929518195723,9,1,575,0,0,48,1
10042,69,0.2907048559043821,4,1,376,4,0,20,0
10043,42,0.5437267348301648,6,1,17,0,0,73,0
10044,71,0.27563537001619454,7,0,258,1,0,54,1
10045,20,0.22123534791790211,10,0,371,0,0,17,1
10046,23,0.5273935140878472,3,0,592,2,1,69,1
10047,23,0.16982034589573458,5,0,59,0,0,76,0
10048,70,0.8004100633251034,1,2,104,1,0,5,0
10049,19,0.484368151342658,6,0,425,4,0,24,1
10050,35,0.5738627739626502,5,0,260,4,0,29,1
10051,40,0.14738326759734854,7,1,45,3,0,33,0
10052,19,0.3245763356293674,9,2,525,3,1,71,1
10053,29,0.4100896832611529,4,0,476,1,0,97,0
10054,39,0.808212830516503,9,2,266,3,0,22,1
10055,54,0.7701595230861525,6,2,533,4,0,86,0
10056,37,0.22297747478768137,5,2,105,4,0,92,0
10057,56,0.6161790816070077,2,2,516,3,0,61,1
10058,41,0.2434563577719976,1,1,395,0,0,57,0
10059,65,0.9882471556902453,8,1,148,4,0,74,1
10060,37,0.9521238781308706,6,2,279,3,2,96,1
10061,18,0.5632647205206205,7,2,524,3,1,66,1
10062,18,0.698902571894143,6,2,25,1,0,56,1
10063,34,0.801430382208645,10,1,551,1,1,82,1
10064,18,0.7209984200449039,7,1,281,4,0,30,0
10065,70,0.6998286910824209,9,2,483,2,0,75,0
10066,69,0.958554007949528,5,2,63,3,0,15,1
10067,62,0.5964561063072833,1,2,110,0,0,25,1
10068,47,0.6363026718190556,1,2,87,2,1,73,1
10069,58,0.8492687504381812,9,1,421,3,0,35,1
10070,64,0.6698908678584068,5,0,439,2,0,49,0
10071,20,0.7329326220175225,2,0,127,3,1,68,0
10072,63,0.23416868619664244,3,1,293,3,0,31,0
10073,72,0.3712669241150709,1,1,148,2,0,38,1
10074,28,0.14730134571189302,6,0,326,1,0,54,1
10075,41,0.5057654423348055,6,0,139,3,0,73,1
10076,39,0.4557274006802463,3,0,121,4,1,30,0
10077,61,0.9971628142794569,3,2,522,2,0,52,0
10078,62,0.6112086528155425,7,0,383,1,0,56,1
10079,43,0.7864448231944233,1,0,282,0,2,88,1
10080,30,0.33401467075765423,5,2,446,3,0,82,1
10081,18,0.8315453313427965,3,2,193,3,0,9,1
10082,41,0.6150849664876834,5,1,592,4,0,16,1
10083,27,0.6969923315984384,4,2,205,1,0,17,0
10084,52,0.2944307779494544,6,0,545,3,0,95,0
10085,41,0.5486383916955772,9,2,63,1,0,95,1
10086,45,0.6340369734136087,2,1,16,3,0,20,1
10087,53,0.589094675816581,10,0,434,0,0,55,1
10088,33,0.9151937114245665,8,1,104,4,1,58,0
10089,57,0.8982726644925535,2,1,439,0,0,72,0
10090,33,0.9709840578768706,4,1,227,0,1,17,1
10091,34,0.6674280060069894,9,2,394,2,0,22,1
10092,68,0.9719141301256846,4,2,212,0,0,80,1
10093,71,0.8324780000319089,7,1,297,4,0,23,1
10094,32,0.2708321403399593,5,1,424,4,1,85,1
10095,33,0.4274356695512971,2,1,400,3,0,46,1
10096,32,0.2383924421890098,8,1,523,0,0,75,0
10097,74,0.004197160830565205,10,2,579,1,0,25,1
10098,51,0.1880487531469086,10,2,552,2,0,57,1
10099,28,0.004060586286875667,2,1,397,2,2,5,0
10100,18,0.71983846135049,3,2,259,2,0,18,1
10101,32,0.42553429772119955,10,0,125,4,0,7,0
10102,43,0.31257472707785827,7,2,225,4,0,13,1
10103,68,0.7617208910951879,5,1,332,3,2,15,1
10104,21,0.832486774619645,10,2,329,0,1,27,1
10105,60,0.97529953864988,3,0,264,4,0,34,0
10106,22,0.6420135846752412,2,0,170,2,0,51,0
10107,52,0.4615289585400517,6,2,0,4,0,9,0
10108,30,0.3052643016074359,10,0,240,0,0,34,1
10109,27,0.2223182092142263,1,0,583,4,0,94,1
10110,28,0.2129259504826012,8,2,19,0,0,72,0
10111,35,0.40918937471979877,5,2,314,3,0,95,0
10112,51,0.9917863552879298,5,2,472,4,0,33,1
10113,56,0.0008536974374032669,2,1,140,0,0,49,0
10114,58,0.1972058972310008,7,1,332,0,2,11,1
10115,59,0.18839298240357383,5,0,49,1,0,20,0
10116,67,0.7171194855322923,8,0,460,3,1,76,1
10117,40,0.3524847275980618,5,2,390,4,0,93,1
10118,24,0.4572608045918206,9,0,54,1,0,92,1
10119,56,0.14862413046990497,5,2,50,4,2,45,0
10120,20,0.4049970388769477,3,1,489,2,0,65,1
10121,29,0.10319981190583605,2,2,331,2,0,55,1
10122,24,0.5330432878885831,5,0,269,0,0,59,1
10123,66,0.09793836538285594,10,2,361,1,0,68,1
10124,43,0.7905083811731562,10,2,144,0,0,55,1
10125,50,0.5666017175404895,5,2,588,0,0,25,1
10126,54,0.7239678737735169,6,0,128,0,0,62,1
10127,65,0.41851638665268387,2,2,374,2,0,84,0
10128,32,0.3814912932422273,5,2,504,0,0,51,0
10129,19,0.0982088890488636,1,0,0,0,0,15,0
10130,58,0.5238556070428226,3,1,366,0,2,65,1
10131,24,0.514502164857092,3,1,537,0,0,76,1
10132,49,0.46810204444960535,3,0,494,1,0,10,0
10133,21,0.7405183646824492,3,1,173,4,1,79,0
10134,37,0.8325044000323545,8,2,524,1,0,32,1
10135,67,0.7507896749485081,1,0,33,3,0,46,0
10136,70,0.14386574280684383,6,2,317,1,0,56,0
10137,53,0.6220595092821081,6,2,584,3,1,15,1
10138,49,0.08032310568953338,1,0,562,2,0,74,1
10139,45,0.6946222874404765,1,2,210,4,0,44,0
10140,30,0.3818390965611267,3,0,552,0,0,34,0
10141,18,0.1324989562662866,8,2,310,3,0,60,0
10142,73,0.8620508569761278,6,1,93,2,0,82,1
10143,52,0.6140083390389374,4,2,188,4,0,81,1
10144,65,0.3547249679475275,5,2,513,3,0,10,0
10145,47,0.030727179650499536,10,0,203,2,0,53,1
10146,71,0.5373102590036105,3,1,490,0,0,37,1
10147,53,0.9232258784862326,6,2,53,2,0,15,1
10148,74,0.5963798327023657,6,2,475,2,1,69,0
10149,72,0.9716506046194932,6,1,93,0,1,31,1
10150,42,0.13645111827045853,9,1,313,3,0,34,1
10151,33,0.5683051045948369,10,1,572,2,2,50,1
10152,36,0.7981250480064295,8,1,359,0,0,30,0
10153,18,0.5255407311257162,6,1,167,3,0,32,0
10154,22,0.09106635598747259,2,2,397,0,0,36,1
10155,68,0.5828860015472177,4,1,536,1,1,78,1
10156,39,0.6117379058424717,6,1,393,3,1,16,1
10157,41,0.7287092484753526,9,2,355,1,0,90,0
10158,60,0.7612115151654739,2,0,47,2,0,20,1
10159,62,0.7707726882106072,6,2,431,2,1,86,1
10160,69,0.663444393638966,10,0,52,2,0,75,1
10161,54,0.21581118641865815,10,1,240,3,1,56,1
10162,70,0.40423575583947935,10,0,394,4,0,6,0
10163,53,0.7761299726143986,7,2,26,3,0,77,1
10164,53,0.9534269834008132,8,0,58,3,2,98,1
10165,21,0.078946964836622,9,0,185,4,0,32,1
10166,53,0.5355366777971948,5,0,140,3,0,66,1
10167,69,0.31252227132430643,9,1,56,1,0,33,0
10168,70,0.22539389431682977,9,2,449,4,1,87,1
10169,35,0.505810683519715,7,0,105,4,0,96,1
10170,67,0.6060893405565367,2,1,279,1,0,60,0
10171,33,0.009772231419481248,8,2,467,4,0,29,0
10172,58,0.7802065722011909,5,2,432,4,0,97,1
10173,35,0.8198821312594476,8,2,339,1,2,91,1
10174,39,0.965510824567933,2,2,513,0,2,78,1
10175,19,0.18064373322469496,7,1,398,0,2,45,1
10176,38,0.594552562360948,5,2,181,0,0,9,0
10177,53,0.4266253734763945,4,0,301,1,1,66,0
10178,61,0.33482785155535066,10,2,182,2,0,66,0
10179,56,0.5656334514375047,6,2,509,3,0,9,0
10180,64,0.7823830932235503,5,1,94,4,1,72,0
10181,56,0.023052783445210112,6,0,413,1,1,41,0
10182,46,0.9694001125661867,9,0,155,3,0,72,1
10183,71,0.8098815857057108,1,1,96,1,2,93,1
10184,43,0.7511537036455784,1,1,368,4,1,36,1
10185,38,0.7603873821805035,6,0,237,2,1,18,1
10186,34,0.3890607096186526,2,0,12,1,1,95,1
10187,33,0.7516205508448137,8,2,300,3,0,94,1
10188,48,0.38677020860295763,7,1,181,3,1,67,1
10189,68,0.8987068295747931,6,0,154,4,0,76,0
10190,26,0.17722238330646967,4,0,390,0,0,34,0
10191,48,0.2923474242151515,9,1,176,4,0,81,0
10192,31,0.5513375426990761,7,1,582,4,1,47,1
10193,66,0.3192110358872725,7,0,595,0,1,57,1
10194,54,0.4242372452952734,5,1,68,2,2,57,1
10195,19,0.4924226893985947,1,0,307,1,0,33,0
10196,69,0.8563533488135087,2,0,544,3,0,91,1
10197,65,0.5231922536086928,8,2,52,1,0,32,0
10198,63,0.3624598486145605,5,2,215,1,1,82,0
10199,31,0.24773616403511578,2,1,37,3,1,78,1
10200,50,0.4086759787921972,5,1,427,0,0,75,1
10201,52,0.5157361044143699,8,0,260,3,1,53,1
10202,56,0.7461148572032363,4,2,373,0,0,94,1
10203,64,0.12104877617233867,3,1,30,0,0,40,0
10204,68,0.22160918823915088,5,0,392,4,0,31,0
10205,37,0.3796540158686732,7,2,424,2,0,61,1
10206,19,0.3603984051195146,2,0,4,4,1,32,1
10207,68,0.39174808760521174,1,2,53,2,0,34,0
10208,58,0.7935212646403246,5,0,503,0,0,48,1
10209,36,0.3241544029621731,7,2,507,4,0,47,1
10210,54,0.5018981804026647,8,0,452,1,0,59,0
10211,35,0.6239070328578965,8,0,199,3,0,92,1
10212,33,0.23217855018360511,10,1,272,3,0,69,1
10213,21,0.7186953871475389,9,2,225,3,0,31,0
10214,29,0.547111319738281,1,2,470,2,0,5,1
10215,46,0.44678116303137805,7,1,17,3,0,14,1
10216,24,0.8097840267383138,10,1,9,2,0,47,1
10217,31,0.243495259185182,8,0,38,2,0,73,1
10218,72,0.8831759706143232,6,2,40,2,0,13,1
10219,29,0.5610487353667037,10,0,43,1,1,71,0
10220,52,0.6091748793796582,4,0,196,0,1,33,0
10221,22,0.8750589641689428,7,0,298,1,1,6,1
10222,34,0.817582687849336,3,1,208,0,0,86,1
10223,59,0.6015620688219003,2,2,458,1,0,18,0
10224,49,0.7531877038481741,6,1,235,2,0,66,1
10225,27,0.43331949023289684,2,1,514,0,0,59,0
10226,60,0.5473777534997463,6,2,359,3,0,33,0
10227,34,0.06207013670851114,10,2,382,1,0,9,1
10228,22,0.08985791800004683,3,1,426,0,0,73,1
10229,62,0.829425404186332,2,1,343,3,2,70,0
10230,59,0.05967165568249666,8,1,253,4,2,43,1
10231,26,0.16939912563260728,4,2,547,2,1,27,0
10232,66,0.7958326589504415,4,2,506,1,0,99,0
10233,50,0.001145950628256287,7,0,517,1,2,20,1
10234,53,0.2824043288458643,8,2,329,4,1,26,1
10235,53,0.5840386578266218,9,1,487,0,0,95,1
10236,35,0.5954499314692966,10,2,481,1,0,33,1
10237,26,0.7771529082294736,8,2,471,1,0,73,1
10238,74,0.5059262544921704,4,2,531,1,0,16,0
10239,46,0.5094018695309703,2,1,436,1,0,17,1
10240,67,0.7253105755407004,10,0,421,4,0,12,1
10241,31,0.4986244632662835,5,0,161,2,0,28,0
10242,42,0.6084910865636168,7,1,433,1,0,96,1
10243,32,0.897774068255051,2,1,558,4,0,41,1
10244,23,0.40145100761237196,4,0,15,3,0,95,0
10245,73,0.3851250709192222,6,1,64,1,0,40,1
10246,59,0.0035489918647713115,8,2,574,0,0,77,0
10247,46,0.6134262615212319,10,2,72,4,0,19,1
10248,32,0.02977190740713198,6,0,203,0,2,63,1
10249,46,0.5041484897283163,6,2,253,2,0,9,1
10250,21,0.8042337890322266,6,0,571,3,0,96,1
10251,35,0.5499210705196631,4,1,528,0,0,19,1
10252,67,0.269636165216676,3,0,194,1,0,22,0
10253,74,0.7861684214493713,1,0,250,4,0,90,0
10254,66,0.26971700408253885,2,2,549,3,2,9,1
10255,61,0.7330317809458987,2,0,284,4,0,90,1
10256,56,0.6102584551902313,10,0,542,3,0,21,1
10257,33,0.1699962967480012,7,0,482,0,0,26,0
10258,28,0.9051338748441857,6,1,309,2,1,89,1
10259,31,0.2006436829571957,8,2,180,4,0,91,1
10260,20,0.9895870741406698,9,2,244,1,0,68,1
10261,68,0.007310488654940772,5,0,440,4,0,32,1
10262,67,0.26348337714290304,3,0,274,2,2,96,1
10263,59,0.19986029727419885,4,1,223,0,1,85,1
10264,55,0.013993410170462628,8,2,366,1,0,87,1
10265,62,0.7323679001473156,3,2,538,1,0,17,1
10266,59,0.6934258020995963,2,0,249,0,0,49,0
10267,35,0.7923509643549305,7,1,12,4,0,38,0
10268,37,0.25669854646456525,4,1,307,1,0,58,1
10269,65,0.44433516708296994,8,0,191,4,0,37,0
10270,42,0.6591135216215475,1,0,18,4,0,20,1
10271,74,0.4397685038881436,8,0,338,0,0,47,0
10272,55,0.6973257703179158,5,0,578,2,0,65,1
10273,30,0.6339734084404421,2,0,25,2,0,98,0
10274,21,0.11464780302217648,1,1,5,4,2,7,0
10275,72,0.781043121076968,6,1,140,0,1,95,1
10276,31,0.7206763590925183,9,0,26,2,0,63,1
10277,50,0.6558343876174053,9,0,104,4,0,24,1
10278,45,0.15509360627100233,9,2,521,1,0,36,0
10279,69,0.26799644879536366,4,1,278,1,0,25,1
10280,54,0.3931770315876004,6,1,302,3,0,50,1
10281,25,0.2799296216564434,10,0,11,3,2,73,1
10282,61,0.22781029067613146,6,1,76,3,0,6,0
10283,51,0.8053576701617757,5,1,17,2,2,90,0
10284,61,0.6382322463602024,2,1,569,1,0,75,1
10285,22,0.5654721315502503,7,2,173,1,0,78,1
10286,71,0.22595271085325386,1,1,400,2,0,56,0
10287,22,0.9180765622686413,6,0,86,1,0,5,0
10288,48,0.19118303909731627,5,1,342,1,1,84,0
10289,62,0.7949509328246771,5,1,448,4,0,32,1
10290,26,0.9666726667052931,8,2,53,1,0,65,0
10291,59,0.7270927292242361,9,1,426,4,0,88,1
10292,49,0.9928587751846297,7,2,77,3,0,30,0
10293,50,0.6510511169779467,10,2,438,0,1,83,1
10294,20,0.217460343603895,8,2,496,4,1,98,1
10295,47,0.2038194937165113,2,1,171,1,1,16,0
10296,67,0.32456428425547634,2,0,549,3,2,6,1
10297,29,0.0071300202210060615,8,0,360,0,0,78,0
10298,46,0.6816984700828346,6,1,235,0,0,95,1
10299,20,0.2686677846278276,8,2,432,3,0,25,0
10300,43,0.8151832322927528,9,0,15,3,0,59,1
10301,74,0.35917265055930025,9,1,495,0,1,20,1
10302,47,0.4799564934633127,6,0,585,0,0,41,1
10303,26,0.9656889165603693,8,1,210,1,0,49,0
10304,43,0.2421721230472771,2,2,326,4,1,90,1
10305,19,0.7212540974297396,8,0,246,4,0,43,1
10306,20,0.7551177893054172,3,1,548,0,0,45,1
10307,63,0.22099815752363516,1,1,502,0,0,26,0
10308,21,0.5009968366121956,7,0,566,2,1,53,1
10309,42,0.35020192531296834,1,1,166,0,0,85,1
10310,68,0.7719062434000892,1,0,440,4,2,21,1
10311,30,0.6224833190290374,1,1,352,1,0,30,0
10312,56,0.47598305486054704,4,0,98,2,0,42,1
10313,61,0.7793632650477182,4,2,117,4,0,42,1
10314,52,0.23515557000841703,10,0,568,1,0,45,0
10315,72,0.7536218805843591,6,1,352,2,1,71,0
10316,40,0.8653743120928243,10,2,573,2,0,77,0
10317,26,0.8786215968075725,3,2,500,2,2,69,0
10318,19,0.7836735930196038,10,0,38,2,0,60,0
10319,71,0.40801416699826876,6,0,329,2,0,23,0
10320,58,0.981808022717827,7,0,322,2,0,18,0
10321,61,0.3795936438224399,1,2,497,3,0,70,1
10322,48,0.6386253991024257,6,2,28,1,2,75,1
10323,61,0.16107417806946867,10,0,542,4,0,42,1
10324,64,0.9804488986363927,1,1,315,0,0,47,0
10325,19,0.7039859218646632,7,2,550,4,0,96,1
10326,49,0.7533775452463684,10,0,512,3,0,14,1
10327,35,0.06577670341114461,5,1,567,3,0,93,0
10328,30,0.7634178142206718,10,0,466,2,0,26,1
10329,63,0.7747234292206013,4,2,198,3,0,79,1
10330,22,0.6717727263622298,1,2,181,4,0,68,1
10331,59,0.29190961379034364,9,0,129,3,0,49,0
10332,61,0.4896900421608815,7,1,130,4,0,78,0
10333,27,0.11043437130871647,2,2,4,2,0,22,0
10334,73,0.4715870664591526,4,0,166,2,0,73,0
10335,60,0.24382385260040484,4,0,384,3,0,15,1
10336,42,0.34909698649408205,8,1,554,0,0,31,1
10337,51,0.1626004084036986,2,1,91,2,0,31,0
10338,54,0.23005436774689703,5,2,186,1,2,64,1
10339,47,0.07656864182011625,10,1,589,1,0,40,0
10340,24,0.9199013664369213,8,1,464,2,0,61,1
10341,23,0.5304106879754034,6,2,557,3,1,17,1
10342,71,0.3967419712627397,4,0,518,2,0,32,0
10343,72,0.5350292127687839,5,2,114,3,0,70,0
10344,20,0.6282932284815527,2,2,262,4,1,11,1
10345,30,0.9218787933693491,5,1,343,0,0,74,1
10346,20,0.17869295228631332,3,1,238,0,0,23,0
10347,43,0.2955524986352176,3,0,308,4,0,19,1
10348,74,0.9757893363441147,7,1,15,4,0,91,1
10349,41,0.3711929866485244,3,0,61,4,0,92,0
10350,70,0.022561650757327634,4,0,320,0,0,50,0
10351,23,0.1476434926371588,7,0,367,2,0,56,1
10352,60,0.026338701748552018,3,2,434,1,0,96,0
10353,66,0.9899231424207284,10,1,291,3,1,28,1
10354,59,0.27887084899122305,10,1,162,1,0,58,0
10355,29,0.923542756936226,2,0,240,3,2,57,1
10356,66,0.9958862757597158,10,1,324,0,0,60,1
10357,53,0.5998412211431142,7,0,374,2,0,26,1
10358,19,0.033196315065561754,5,1,128,1,0,74,0
10359,28,0.08159163038692696,1,2,122,4,0,51,0
10360,56,0.48158905510787775,10,1,463,4,1,8,1
10361,51,0.40617201291148597,8,0,526,4,0,38,0
10362,43,0.6061773057817677,3,2,228,1,2,55,0
10363,35,0.43884780971136395,7,1,143,2,1,31,0
10364,38,0.9340768492714844,6,2,175,2,0,26,1
10365,53,0.5347397154135111,10,0,52,4,1,58,1
10366,57,0.6937260614624422,6,0,334,1,0,20,1
10367,69,0.8964852726424966,8,1,552,4,0,61,1
10368,63,0.14687187583320738,4,0,292,3,0,73,1
10369,61,0.22973465411852856,4,1,239,3,1,63,1
10370,39,0.10731866047401506,3,0,442,1,0,45,0
10371,70,0.13963839922991228,1,0,135,3,0,37,1
10372,47,0.5125839669342331,10,0,599,0,0,49,1
10373,67,0.321179258967464,3,1,70,0,1,73,1
10374,60,0.4231728395267549,1,1,7,0,1,27,1
10375,47,0.9824898317940618,6,1,432,3,0,50,1
10376,25,0.1567043477959481,8,1,335,2,0,36,0
10377,51,0.5408120707980756,3,0,418,0,0,56,1
10378,74,0.09887115505365096,4,2,300,4,0,82,0
10379,64,0.3184963132638786,5,1,236,2,1,37,0
10380,26,0.5275259236745986,7,0,587,1,2,73,0
10381,68,0.9466317459653377,6,0,505,3,0,61,1
10382,37,0.391228221283483,2,1,398,4,0,39,0
10383,57,0.06490669621466982,7,1,322,1,0,58,0
10384,42,0.38816144796031693,8,0,1,3,1,62,1
10385,36,0.14574117587397772,1,1,184,3,1,90,0
10386,22,0.2299896132914453,6,1,15,4,0,74,0
10387,28,0.6180906231649904,9,2,278,3,0,60,1
10388,32,0.06742386620368168,7,2,350,3,0,8,1
10389,25,0.46472375625003737,5,1,369,3,0,70,0
10390,36,0.6094615860107644,10,2,552,2,0,13,0
10391,40,0.4218583923674969,10,2,377,0,0,98,1
10392,44,0.01912635062373036,9,1,54,4,1,23,1
10393,57,0.9855193569028654,2,0,207,2,0,67,0
10394,49,0.3671157673405353,7,0,131,4,0,64,0
10395,43,0.7785771869332669,9,0,365,2,2,55,1
10396,44,0.32564649218745323,2,0,355,3,0,77,1
10397,36,0.47501675699341883,10,2,177,3,0,9,0
10398,67,0.38846364261099653,6,2,241,2,2,20,1
10399,59,0.3425392295096077,9,1,283,3,0,94,1
10400,46,0.021851377207778744,3,1,436,0,2,11,1
10401,56,0.3600209378545035,8,0,524,4,0,6,1
10402,58,0.88948999039953,5,0,70,3,0,82,1
10403,50,0.6903933385936837,7,1,53,1,1,35,0
10404,36,0.14542285909543984,3,1,12,2,0,90,0
10405,54,0.5911550046227392,8,0,375,2,0,37,1
10406,36,0.8922308599488715,2,2,570,3,0,44,0
10407,50,0.7000340409648554,8,2,259,2,0,63,1
10408,64,0.14868439235669673,2,2,79,1,0,99,0
10409,33,0.8678324967344967,7,2,475,2,0,87,1
10410,40,0.3015440132888654,2,2,59,1,0,10,0
10411,24,0.4540761443123418,7,1,46,2,0,50,0
10412,43,0.5261427596891464,1,1,489,2,1,44,0
10413,49,0.8505066043781953,6,0,35,1,2,47,1
10414,29,0.9316074951476611,10,1,530,4,0,78,0
10415,25,0.929652877790556,7,1,255,0,1,16,1
10416,22,0.00795418127854064,4,1,285,1,0,94,1
10417,59,0.9218884855854572,1,1,366,0,2,8,1
10418,45,0.054386966001572334,6,0,552,2,2,63,1
10419,70,0.26577365681743537,4,1,227,4,0,53,0
10420,22,0.5149878547278329,3,1,170,1,0,9,1
10421,66,0.47992568900439403,4,0,496,4,1,98,1
10422,43,0.604709793887392,6,1,244,1,2,28,1
10423,22,0.4794462287370058,5,0,392,3,0,39,0
10424,39,0.9343756796404208,2,2,523,1,0,9,0
10425,32,0.240548848214587,2,2,297,0,0,9,0
10426,30,0.27402469403848584,3,1,456,3,1,76,1
10427,45,0.9207379356930562,6,1,436,2,0,59,0
10428,50,0.07673951374525623,1,1,345,1,0,69,1
10429,60,0.6095608219048099,7,1,477,0,0,70,0
10430,40,0.6817359520656108,8,2,184,2,1,11,1
10431,50,0.5055417234297395,7,2,271,0,0,19,0
10432,60,0.6942318788231372,3,1,460,2,2,82,1
10433,35,0.172754646011967,6,0,98,1,0,81,1
10434,67,0.8526322327715399,4,0,433,4,0,48,1
10435,70,0.14002568946988558,5,2,472,2,0,33,1
10436,47,0.4008124443157497,3,0,268,4,0,6,1
10437,43,0.0752576013082058,5,1,571,2,1,62,0
10438,33,0.5452110788174002,6,1,395,4,1,75,1
10439,30,0.6697458074256392,8,1,407,1,0,14,1
10440,56,0.9412216350952906,6,1,386,0,2,88,1
10441,50,0.7393361958960009,9,1,533,1,0,93,1
10442,43,0.5411029164541511,10,0,340,2,2,59,1
10443,65,0.9326170171703337,10,0,538,3,0,94,1
10444,18,0.47843683804087656,10,2,213,0,1,46,1
10445,66,0.5612056530988694,10,2,396,4,0,74,1
10446,55,0.5960985276700957,4,0,43,0,0,72,0
10447,19,0.40997972588656684,2,0,591,0,0,76,0
10448,66,0.8384826905658241,9,2,365,1,1,17,1
10449,23,0.18517593884505912,3,1,173,2,1,41,0
10450,63,0.554842190371608,7,2,272,1,0,12,0
10451,67,0.722233256187194,4,2,549,2,1,44,0
10452,55,0.9039761718765772,1,0,570,3,1,97,1
10453,59,0.8839183964342784,8,2,489,1,0,95,0
10454,41,0.5087402894301419,4,2,181,3,1,13,1
10455,35,0.6431614511633417,6,0,95,2,0,82,0
10456,44,0.394237736129301,7,1,70,0,1,64,1
10457,58,0.4681777628802003,8,1,310,3,0,79,0
10458,25,0.9062657925730495,10,1,326,3,0,93,1
10459,45,0.930703993192474,2,0,346,2,1,91,1
10460,27,0.8954140580670197,9,2,165,2,0,14,1
10461,34,0.13837086181363822,10,1,215,1,0,75,1
10462,72,0.8500840213306362,3,2,343,1,0,81,0
10463,46,0.9483637310214803,1,0,60,2,0,26,0
10464,23,0.3612496945736047,2,1,185,3,0,60,0
10465,31,0.5186462894216692,8,1,363,4,0,50,1
10466,39,0.7790952558129959,10,2,181,1,0,22,1
10467,71,0.5620781375656487,6,1,33,2,0,77,1
10468,23,0.9934835217062494,1,0,404,4,1,90,1
10469,43,0.45571336515682836,9,2,556,4,1,63,1
10470,56,0.7139427112073776,7,2,137,4,0,65,1
10471,29,0.7925911401965442,10,1,27,4,1,56,1
10472,52,0.49410041575843944,3,1,105,0,0,13,1
10473,31,0.8569838057113758,7,1,156,1,0,67,1
10474,39,0.5461545912071964,6,1,106,4,0,68,1
10475,68,0.4116507968016314,3,2,232,4,0,18,1
10476,40,0.10782367385194702,8,2,195,2,0,80,0
10477,65,0.3934135763504242,1,1,201,2,1,21,0
10478,24,0.7339364547332842,5,2,108,0,2,21,1
10479,57,0.9212864116801073,8,0,542,4,2,55,0
10480,67,0.2516794038603103,3,2,40,0,0,60,1
10481,42,0.3552355173305026,10,0,63,2,2,28,1
10482,30,0.1539609941044262,6,0,414,1,0,81,0
10483,38,0.6907228942289688,10,0,371,3,1,40,1
10484,58,0.9601884300099253,2,1,363,3,2,66,1
10485,27,0.6409522198481755,9,2,235,0,0,22,0
10486,70,0.6170765300062263,2,0,470,2,0,98,0
10487,72,0.5534899305004339,5,1,499,3,0,59,0
10488,26,0.08845574068553652,3,2,422,4,0,46,0
10489,32,0.7295038264293836,10,2,578,1,2,69,1
10490,69,0.6020495435493508,9,1,187,2,1,18,1
10491,19,0.661476768856287,9,2,539,0,0,14,0
10492,42,0.8988110930274216,7,1,402,2,0,9,0
10493,30,0.7839607870610179,10,1,493,1,0,26,1
10494,51,0.7809152521545261,5,1,233,2,0,97,0
10495,68,0.9271837688793476,9,2,491,0,0,99,1
10496,51,0.9899349514629996,7,1,530,4,1,41,0
10497,52,0.5812827319610596,2,1,311,2,1,37,1
10498,55,0.10888161603116575,10,2,112,0,0,98,0
10499,20,0.4591299077754364,1,0,500,4,1,14,0
10500,59,0.7876011464616444,10,1,343,3,1,68,1
10501,73,0.02772532476184919,10,1,357,2,0,62,0
10502,23,0.05688743835614907,4,0,125,4,0,67,1
10503,72,0.06715778238282133,10,2,81,3,1,39,1
10504,65,0.7310357583283108,8,2,251,2,0,53,1
10505,66,0.5011666285631721,6,2,552,2,0,32,0
10506,36,0.3688979435205936,2,1,381,1,0,59,1
10507,20,0.10561704526173599,5,0,98,2,0,13,0
10508,35,0.7322402502058891,9,2,451,2,2,79,1
10509,56,0.3210198105508997,6,0,594,4,0,49,0
10510,26,0.2653240700646672,6,2,23,0,0,31,0
10511,69,0.6523192015535509,7,1,416,1,2,36,1
10512,29,0.5590108925968418,5,2,352,2,1,45,1
10513,22,0.3624106418133016,3,0,72,4,0,25,0
10514,20,0.6414874708055881,3,0,514,4,1,80,0
10515,28,0.2712215203841182,5,0,29,0,1,11,1
10516,74,0.7948302616043268,4,1,449,3,0,26,1
10517,47,0.22931895030765392,5,2,479,2,0,58,1
10518,21,0.15883769538201564,9,1,456,3,1,71,0
10519,22,0.7824394094988749,5,1,26,0,0,80,1
10520,18,0.7078920306979332,4,0,355,4,1,62,0
10521,44,0.18263897570179843,4,0,18,3,0,81,0
10522,45,0.11624575268993798,1,1,527,0,0,90,1
10523,46,0.8383990884866921,10,1,269,3,0,68,1
10524,35,0.776598482196688,4,2,558,4,1,46,1
10525,29,0.32725737369966423,4,0,145,2,0,57,0
10526,30,0.6581974082133667,9,0,541,1,0,32,0
10527,58,0.1241601865478108,4,0,148,4,0,62,0
10528,19,0.5070476590476781,7,2,559,3,1,9,1
10529,54,0.018730292060419873,1,2,182,2,0,98,1
10530,62,0.39160188092155546,7,0,41,1,1,59,1
10531,33,0.07484282147140509,2,0,164,0,1,64,0
10532,65,0.4751471801568825,8,1,93,2,0,49,0
10533,41,0.42168164685289433,1,1,213,4,0,88,0
10534,52,0.444385026638056,10,2,187,3,0,24,0
10535,39,0.04533130204799407,3,0,87,1,0,13,0
10536,53,0.3616163412818324,8,1,457,2,2,11,0
10537,28,0.7564838490999165,10,1,471,1,0,11,1
10538,72,0.3689143733536201,8,0,53,1,1,94,0
10539,63,0.7151719526095807,5,0,371,2,1,54,1
10540,46,0.36947872363373324,5,1,516,3,0,99,0
10541,52,0.42323944149018644,8,0,364,0,0,18,1
10542,65,0.5638921128292661,10,0,36,2,1,98,0
10543,71,0.9506819368070825,5,2,118,0,0,39,1
10544,32,0.10886044664665517,9,1,408,1,0,67,0
10545,48,0.03291376866117368,1,1,362,1,0,23,0
10546,59,0.6079571838100452,5,2,368,3,0,77,1
10547,58,0.9490970889284264,3,2,152,2,0,63,1
10548,60,0.9897231325547149,3,1,322,2,0,86,1
10549,33,0.4841642473920018,2,1,293,4,1,68,1
10550,27,0.46808162108509843,3,0,479,3,0,69,1
10551,66,0.6449637707451962,7,0,477,2,0,21,0
10552,49,0.5556347572049698,8,1,447,1,0,90,1
10553,68,0.6340880576141181,8,0,129,3,0,16,0
10554,19,0.8739994255378942,8,0,341,4,0,59,1
10555,41,0.7463061694876093,1,0,266,4,0,22,0
10556,40,0.49687739168679557,7,2,337,1,0,70,0
10557,19,0.4618644590001696,2,1,474,2,0,28,0
10558,55,0.639601748513116,10,1,414,1,0,8,1
10559,48,0.4557062844202975,4,1,290,4,0,91,0
10560,68,0.45777935126563984,5,0,171,3,0,8,1
10561,57,0.016305901786504817,1,0,438,2,0,25,0
10562,43,0.17406413740730842,4,2,300,1,0,31,0
10563,46,0.48851363999575304,4,2,148,2,0,15,0
10564,20,0.8226534590503691,9,1,264,3,1,66,0
10565,31,0.27872700672712414,9,2,94,4,0,68,1
10566,42,0.522643433131149,10,2,416,1,0,92,1
10567,65,0.3449620847592322,1,0,256,4,0,31,0
10568,18,0.10480398953958903,8,1,514,1,0,68,0
10569,70,0.9582984830713006,4,1,349,2,0,40,1
10570,20,0.8546738702503017,4,2,204,0,0,95,1
10571,71,0.07849242446690641,5,0,343,1,0,96,1
10572,43,0.7197872624682846,2,2,464,1,0,66,0
10573,35,0.3475799043575002,1,2,538,4,0,51,1
10574,26,0.9948498070617926,5,1,28,0,0,70,0
10575,55,0.3023985198289777,7,0,375,0,2,45,1
10576,40,0.23873844536259992,10,2,104,0,0,94,1
10577,38,0.5678905483054052,9,2,333,0,0,49,0
10578,74,0.8351261633432041,2,0,68,3,0,83,0
10579,18,0.192518871819798,8,2,106,2,0,28,0
10580,38,0.7094027697193312,7,1,101,1,0,23,0
10581,44,0.061406583141121684,2,2,261,2,1,75,1
10582,59,0.9189347431104973,5,1,551,2,1,85,1
10583,23,0.08107491614729878,7,1,288,2,0,72,1
10584,72,0.9142313763441625,3,1,136,2,0,44,1
10585,61,0.4908072494527028,2,1,489,3,2,98,0
10586,53,0.44809111279591984,6,1,66,4,1,68,1
10587,45,0.9733070795003765,10,1,150,3,0,56,1
10588,62,0.9903841776982191,6,2,277,1,1,47,1
10589,34,0.650178125961012,4,0,211,0,0,66,1
10590,57,0.1271192918570485,1,2,349,4,0,59,0
10591,69,0.5061700856552025,5,0,146,1,1,82,1
10592,20,0.5291631009556624,1,2,364,0,0,46,0
10593,29,0.5144464281353097,8,0,227,3,1,63,1
10594,56,0.5694918385200097,2,2,289,2,0,52,1
10595,29,0.01872471379439067,9,1,329,1,1,50,1
10596,19,0.7112272814705024,9,0,394,2,0,57,1
10597,73,0.712394301952988,3,2,554,2,1,68,1
10598,63,0.11546977517788792,6,1,138,2,0,24,0
10599,39,0.5702394424458007,9,2,423,4,0,33,0
10600,40,0.5683611824357746,7,0,252,0,1,58,0
10601,47,0.6824504201904001,4,2,415,2,0,57,0
10602,22,0.08539769213508108,3,2,506,1,2,94,1
10603,26,0.6265033072660964,2,1,345,4,0,87,0
10604,38,0.2807519507463412,10,1,576,0,0,12,1
10605,28,0.5070029904961719,10,1,179,1,0,24,0
10606,22,0.7733235527040767,1,0,213,4,0,69,0
10607,52,0.7056459363630133,10,1,437,4,1,84,1
10608,44,0.11890301767799338,1,0,479,0,1,62,1
10609,66,0.5911847871160733,4,1,152,2,1,69,1
10610,19,0.9691165309407386,4,1,412,1,0,39,1
10611,41,0.15676943733500226,9,1,122,3,0,12,0
10612,48,0.8529070877254149,10,1,593,2,1,12,1
10613,50,0.7025480805537769,1,0,578,3,1,70,1
10614,56,0.7740033129097597,4,0,242,1,1,32,1
10615,47,0.28195832714264546,3,0,305,3,1,99,1
10616,63,0.28788892937984245,9,1,135,3,1,48,1
10617,54,0.9060194557764881,5,1,158,0,1,20,1
10618,68,0.35983203209255865,9,1,151,0,1,79,1
10619,45,0.06301539069281048,10,0,455,0,1,68,0
10620,48,0.60059670357945,6,2,553,3,0,82,0
10621,28,0.12481766904184266,9,2,333,3,1,41,1
10622,40,0.7965962414079082,1,2,462,4,2,37,1
10623,74,0.6417464425010574,4,0,468,4,0,12,0
10624,19,0.8747265052212082,4,2,25,0,0,38,1
10625,57,0.7848372497826352,10,0,165,4,0,17,1
10626,58,0.11211364833819615,10,0,365,2,0,20,0
10627,44,0.3810706764344223,6,1,438,4,2,40,0
10628,52,0.7745602499145873,10,1,96,4,0,58,1
10629,19,0.41734147326632576,1,0,393,2,1,89,0
10630,56,0.9723654847799783,10,2,466,2,1,85,1
10631,54,0.7357404498934492,5,0,266,1,1,43,1
10632,38,0.015499916690321025,3,0,122,3,0,57,0
10633,22,0.8799856915608364,1,2,534,3,0,38,0
10634,69,0.1008047848685576,6,1,197,0,0,22,1
10635,62,0.14052372418008585,3,0,40,1,0,45,0
10636,38,0.7344924006110509,4,1,120,1,0,40,0
10637,46,0.8649685594304802,9,1,424,1,0,9,1
10638,37,0.536349627899556,2,1,3,1,0,32,0
10639,55,0.2890497329457792,1,0,254,4,0,53,0
10640,37,0.35131554525317554,10,2,467,1,0,73,1
10641,67,0.342889329596056,6,2,182,0,1,72,1
10642,42,0.32667810380951223,1,1,106,3,0,7,0
10643,19,0.2429096718216498,1,1,498,1,0,37,0
10644,74,0.608867094629233,7,2,446,3,1,61,1
10645,49,0.9004053185650672,2,1,176,2,0,56,0
10646,43,0.30708241308334117,4,2,71,0,1,71,1
10647,23,0.18669429746141208,4,2,69,2,0,76,0
10648,58,0.8385776663714248,2,0,580,1,0,27,0
10649,74,0.7417833308897033,6,1,122,4,0,74,0
10650,20,0.9308370315599105,10,1,391,4,0,31,1
10651,50,0.16551973560490962,2,0,226,0,0,90,0
10652,18,0.14425131411659153,8,2,367,1,2,38,1
10653,68,0.5414293943049967,4,1,457,1,0,69,1
10654,22,0.6144336548350953,1,0,182,1,0,40,0
10655,30,0.48017344185958954,7,2,226,1,1,95,0
10656,36,0.5989666363238755,6,0,71,0,1,13,1
10657,29,0.18037976887507134,6,0,511,0,0,29,0
10658,65,0.47961375416408336,3,0,7,0,1,82,0
10659,42,0.6580925609396678,10,0,71,4,2,22,1
10660,74,0.4327064492487037,7,2,45,1,0,86,1
10661,68,0.6794473358165979,6,0,149,2,0,31,0
10662,52,0.4511912805538396,10,2,592,3,1,13,1
10663,29,0.33359958084227725,10,0,481,0,0,80,1
10664,47,0.30360504708709235,9,0,408,0,2,60,1
10665,22,0.410902058988588,3,1,174,4,0,51,0
10666,51,0.023089622682200828,3,1,426,4,1,86,0
10667,39,0.6685251384461137,4,1,236,3,0,53,1
10668,56,0.8451056409802619,3,1,594,4,0,18,0
10669,30,0.3546270944431186,4,0,139,0,1,78,0
10670,74,0.046033136141718556,6,0,63,1,2,88,1
10671,64,0.9867755973855576,1,2,278,1,0,26,1
10672,71,0.26369825545106695,2,0,49,4,2,63,0
10673,20,0.126621121690773,10,2,214,3,0,38,0
10674,70,0.36975250797302794,6,0,35,1,0,52,1
10675,37,0.7385570406335566,6,0,597,0,0,73,1
10676,48,0.2939165968905657,1,2,430,1,2,34,1
10677,22,0.5747032039194878,6,1,504,3,1,5,1
10678,41,0.4155599944371422,9,0,567,4,0,30,1
10679,57,0.11776399227661849,8,1,248,2,0,75,0
10680,71,0.33028701249211023,10,2,467,1,0,11,0
10681,50,0.7248705057140666,5,0,509,0,1,9,1
10682,25,0.6120038973314457,4,2,393,3,0,88,0
10683,41,0.11977837988356099,6,0,439,1,0,68,1
10684,67,0.16332240971430856,5,2,157,2,1,96,1
10685,37,0.6407333593074455,6,2,93,4,0,27,0
10686,33,0.8134154143208688,10,1,485,1,1,12,1
10687,67,0.34947449595816926,3,1,438,3,0,51,0
10688,69,0.5953107518434502,7,1,165,1,0,84,0
10689,29,0.17064358875210528,8,0,55,4,0,45,0
10690,30,0.31137633690532385,5,2,454,3,0,52,0
10691,62,0.0202702056730526,5,1,369,2,0,74,0
10692,59,0.7682759477995226,4,0,377,0,1,79,1
10693,56,0.4010098197729668,10,1,394,4,1,81,1
10694,42,0.8161255736539539,5,0,390,1,1,70,1
10695,63,0.7083729960227263,10,2,351,2,0,53,1
10696,49,0.8287442657284769,8,2,81,3,2,6,1
10697,41,0.2856586695828828,5,2,545,3,0,67,1
10698,65,0.18510873042784526,9,0,62,3,0,17,1
10699,64,0.9719056826516705,1,2,513,1,0,87,1
10700,61,0.7173277870408695,7,0,554,4,1,37,1
10701,26,0.8340422679266704,5,0,147,2,0,29,1
10702,57,0.013133373709933727,4,0,518,3,0,86,0
10703,67,0.35446162029588657,3,2,307,0,0,33,0
10704,40,0.7428166905773317,10,2,504,4,0,41,1
10705,67,0.07798283298998332,7,2,97,2,0,79,0
10706,30,0.5673399295689356,2,0,301,2,0,45,1
10707,49,0.4290727674550032,5,2,41,3,0,91,1
10708,67,0.017616507141107296,2,0,315,0,1,91,1
10709,32,0.23597557711945139,7,2,383,3,1,39,1
10710,53,0.2847919890667142,6,0,103,4,1,7,1
10711,66,0.11185994634632246,10,1,335,1,0,51,1
10712,22,0.6315369097426604,7,2,589,4,0,66,1
10713,39,0.24239787625188902,9,2,31,0,1,22,1
10714,33,0.27761949961938837,2,0,281,1,0,61,1
10715,58,0.8982385982001474,9,0,29,2,0,56,1
10716,27,0.46712309269313945,7,0,392,3,0,77,1
10717,41,0.39212814696927234,2,1,31,4,0,52,0
10718,35,0.7238710383147172,10,2,564,3,0,24,0
10719,66,0.9096137968829121,2,0,148,4,0,92,1
10720,35,0.025036336237443835,4,1,75,3,1,85,0
10721,24,0.4482388465553965,2,1,406,1,1,16,1
10722,21,0.6107813560779473,1,0,580,3,0,37,0
10723,43,0.3185630981259896,6,2,273,0,0,74,0
10724,22,0.7724077221232417,10,0,548,0,1,98,1
10725,72,0.9714770702702739,5,0,60,3,0,74,1
10726,33,0.9434273662502832,3,0,130,2,0,52,1
10727,52,0.2659825393799419,1,1,512,0,0,27,0
10728,43,0.226338278437486,9,1,59,4,1,50,0
10729,35,0.9574905310212211,8,2,379,3,1,11,1
10730,46,0.4586284874314659,6,1,346,3,0,30,0
10731,40,0.20829772308469174,6,0,441,0,0,71,1
10732,70,0.7069969636304182,4,1,542,2,0,61,0
10733,31,0.28442032390379157,2,2,398,4,0,29,0
10734,32,0.26724697507105233,4,0,6,0,0,71,0
10735,66,0.8792490430777847,2,0,390,0,0,83,0
10736,50,0.16247915337690344,7,1,134,1,0,43,0
10737,42,0.06439294646623639,9,1,19,0,0,72,1
10738,38,0.26918644017168725,2,2,326,4,0,42,0
10739,34,0.6069454128382038,9,0,433,1,1,49,1
10740,40,0.12308785340327055,9,2,373,2,0,68,1
10741,74,0.47159467227679375,8,1,142,2,0,89,1
10742,60,0.6273371104253198,1,0,393,0,2,58,1
10743,34,0.8487369925931739,5,1,482,4,0,98,1
10744,31,0.22986959120225436,10,0,490,2,0,75,0
10745,46,0.8173463233827895,4,2,320,4,0,17,1
10746,37,0.23490626113123858,7,0,411,4,0,54,0
10747,47,0.6767665412396405,8,1,353,1,0,47,1
10748,36,0.4306735714824551,10,0,431,0,0,11,0
10749,70,0.11468124237867017,8,2,2,4,0,91,1
10750,56,0.7142634628218487,2,1,130,4,2,48,0
10751,73,0.2177626185490178,3,2,74,4,0,68,1
10752,30,0.17662342602459147,10,0,323,0,0,11,0
10753,35,0.3583229285893832,10,0,477,1,1,14,1
10754,40,0.6532902447594835,7,0,159,4,2,82,1
10755,63,0.2339964787906278,4,0,16,3,0,73,1
10756,50,0.18366153878188574,6,1,394,1,2,66,1
10757,56,0.009953625713364334,8,0,355,0,1,23,1
10758,57,0.4716430971017236,8,1,31,2,0,37,1
10759,35,0.4286455693151827,7,1,482,4,0,66,0
10760,26,0.23386774363737628,2,1,154,3,0,82,0
10761,50,0.05365216400969075,2,0,514,2,0,71,0
10762,49,0.4292558745958369,3,0,341,2,0,11,0
10763,71,0.7882051110716313,4,2,405,4,0,34,1
10764,34,0.715282131327177,1,0,372,4,1,95,1
10765,36,0.8607948898601703,5,0,285,2,0,40,1
10766,44,0.009582687713155624,7,0,559,3,1,79,1
10767,23,0.9664193168045985,10,1,576,1,0,20,1
10768,52,0.34141225262744834,5,2,220,4,0,85,0
10769,73,0.9903977960919648,7,0,146,4,1,23,1
10770,54,0.25261946060177465,5,2,179,0,0,39,0
10771,51,0.4715363875782448,10,1,509,4,1,42,0
10772,37,0.35392767657530366,8,2,296,0,1,62,0
10773,42,0.3557607149943026,7,2,348,2,0,60,0
10774,21,0.8422820987482158,1,2,490,3,0,67,0
10775,27,0.7464189397373387,1,2,352,0,0,52,0
10776,27,0.9921514352300481,5,2,80,0,1,70,1
10777,41,0.6135146827175125,2,1,433,1,1,67,0
10778,38,0.46325660439450267,9,0,122,2,0,95,0
10779,28,0.09007386294689113,2,2,288,0,0,63,0
10780,44,0.9965614195138568,9,1,469,0,0,55,1
10781,33,0.5515306529322829,10,1,509,2,0,69,1
10782,43,0.7004774696901418,2,0,593,4,2,70,1
10783,47,0.4067423871913114,4,1,479,3,0,56,1
10784,66,0.5477157081792359,3,0,595,2,0,83,1
10785,33,0.9425777318928872,6,2,438,1,1,69,1
10786,24,0.16641943793160274,4,1,173,1,0,74,1
10787,33,0.2923725843302546,9,1,345,3,0,34,1
10788,52,0.15205972777803234,9,1,104,1,0,48,0
10789,33,0.7922159038047747,10,2,568,2,1,68,1
10790,57,0.06204526042182956,9,0,586,4,0,95,1
10791,29,0.0816316498513383,3,0,454,1,0,85,1
10792,52,0.2984941127873687,3,1,293,2,0,44,0
10793,66,0.5141881809210113,4,1,392,1,1,92,1
10794,38,0.40627480055958654,9,2,195,0,0,63,0
10795,67,0.04481631067080727,6,2,421,0,0,54,1
10796,60,0.9574915578709515,9,0,476,4,0,90,1
10797,53,0.9528695203580837,8,1,217,0,0,19,1
10798,65,0.2793563232407599,7,1,152,0,0,25,1
10799,34,0.7315256152685815,5,1,36,1,0,95,1
10800,49,0.5785754113832238,9,1,347,1,1,20,1
10801,58,0.23747669500562407,4,2,169,3,0,51,1
10802,23,0.26217155174161544,4,2,309,4,0,82,1
10803,41,0.49115317431045047,8,0,353,0,0,72,0
10804,44,0.4192369414973601,4,1,249,3,0,92,0
10805,37,0.29122932823126424,7,2,378,1,2,81,1
10806,42,0.8075115963051489,4,1,144,3,0,9,0
10807,19,0.4814629176373849,1,0,488,0,0,37,1
10808,26,0.6548480623891278,10,1,91,3,1,76,1
10809,45,0.18927350016787547,9,2,180,2,0,60,1
10810,70,0.5335076625164867,4,2,127,4,0,43,1
10811,55,0.3179760494466215,3,0,277,0,0,87,0
10812,20,0.5264136103948782,3,0,441,2,0,14,1
10813,37,0.7808258334109281,9,1,258,3,1,43,1
10814,23,0.7689132100912617,8,1,347,0,0,87,1
10815,56,0.3542206780342759,10,2,574,3,1,35,1
10816,50,0.6942771170796391,7,2,483,4,1,82,0
10817,72,0.941289950394277,7,2,301,4,0,93,1
10818,18,0.6256693299249064,4,0,211,1,0,12,0
10819,54,0.14841012338263715,3,0,487,2,0,8,1
10820,23,0.6797086292790951,4,0,483,4,1,9,0
10821,62,0.10490438634931132,6,1,550,2,0,40,0
10822,51,0.8721104087930271,4,0,462,3,0,10,0
10823,64,0.5166604958019403,4,1,349,2,0,64,0
10824,32,0.3851407363115795,2,1,302,0,1,98,0
10825,62,0.05700659464969238,7,1,417,1,0,59,0
10826,43,0.3807837345921097,6,0,67,2,0,87,0
10827,74,0.9032066679157894,2,2,56,2,0,47,0
10828,31,0.02098299628630318,5,0,469,4,0,86,0
10829,71,0.4746481577818049,6,0,152,0,0,25,0
10830,24,0.9311580911106223,5,0,200,4,0,64,0
10831,63,0.3948409997650211,4,1,598,2,2,47,0
10832,48,0.4281756874621504,9,2,38,3,0,58,1
10833,41,0.5785600551991199,3,0,511,4,0,85,0
10834,48,0.4629373335771835,2,0,247,4,0,35,1
10835,46,0.16860169123755242,9,1,113,0,0,89,1
10836,59,0.018555539069860405,8,0,377,4,0,79,1
10837,49,0.6098116579787016,9,0,134,4,0,65,1
10838,34,0.9208065870078121,10,1,122,1,0,84,0
10839,31,0.10636413302716563,3,0,594,2,1,77,1
10840,57,0.21095271925275338,1,2,212,0,0,27,0
10841,53,0.3702294858249735,1,1,501,4,1,27,0
10842,65,0.8087422290211197,3,2,174,2,0,56,1
10843,41,0.2692603164709776,4,0,274,0,0,7,1
10844,62,0.8820544042787685,2,1,235,4,0,53,1
10845,71,0.05495787465006641,8,1,545,3,1,74,1
10846,44,0.9409566212589349,3,0,170,1,0,24,1
10847,42,0.5607470778737649,4,2,419,0,1,83,1
10848,49,0.6587776784877045,6,0,536,3,0,34,1
10849,69,0.3676895225363531,10,1,96,0,0,36,1
10850,35,0.7819942855110603,6,1,20,0,2,74,1
10851,63,0.16656625008440606,2,1,289,1,2,35,0
10852,35,0.04891182527848703,6,0,81,3,1,20,1
10853,54,0.39551694310755714,4,0,106,4,1,33,1
10854,43,0.8536957139810395,5,0,285,2,0,26,0
10855,26,0.7549268366376947,7,2,549,3,0,44,1
10856,52,0.517155970488958,7,2,330,0,0,32,0
10857,25,0.5721377471653535,6,2,131,3,2,83,1
10858,37,0.12989282629875543,10,1,338,2,1,89,1
10859,71,0.8406815086175822,6,2,220,3,0,12,1
10860,59,0.7869596829641969,6,1,76,2,0,69,1
10861,39,0.6564703938869427,4,2,591,1,2,34,1
10862,36,0.46619103632893844,3,2,49,0,0,62,1
10863,47,0.9644592682795124,1,1,342,4,2,6,0
10864,70,0.8790319718764711,3,0,331,3,1,28,1
10865,45,0.6444304935146186,3,2,293,1,0,53,1
10866,52,0.3718009977172879,9,1,151,3,0,73,0
10867,60,0.6180222786815124,3,0,94,1,1,16,1
10868,28,0.5754409265306654,8,0,380,2,0,9,1
10869,48,0.3942419878349164,8,0,439,1,1,18,1
10870,66,0.3066739716880761,3,1,320,2,0,80,0
10871,65,0.4070107922373224,10,2,89,1,0,31,0
10872,56,0.5739114060333979,10,2,528,3,0,70,0
10873,53,0.4281348447110944,6,2,282,4,0,53,1
10874,47,0.26357448820138385,8,0,344,0,0,49,1
10875,40,0.7609633177608087,8,2,232,4,1,42,1
10876,36,0.5314674959574129,10,1,351,1,1,71,1
10877,29,0.06767516322559997,10,2,432,2,0,62,1
10878,32,0.3683165056261255,9,2,313,3,0,76,0
10879,48,0.8849134572119935,9,2,379,0,0,70,0
10880,60,0.7552365311999519,8,2,256,0,2,58,1
10881,54,0.3232467839440071,7,1,396,3,0,33,1
10882,54,0.9381831520445091,10,2,256,1,0,93,1
10883,32,0.07660290835821015,3,0,158,0,0,8,0
10884,46,0.9612347038921889,7,2,202,3,2,59,1
10885,67,0.24570509248467565,4,0,412,1,1,14,1
10886,60,0.009094180302419264,2,0,81,3,0,48,0
10887,43,0.4338080365183268,8,0,445,0,1,85,1
10888,61,0.35897042968700865,2,1,24,4,1,69,0
10889,19,0.5390890052067938,1,0,17,0,0,7,0
10890,37,0.7967728605698454,5,0,496,0,2,66,1
10891,32,0.8424308021504471,10,2,115,4,1,98,1
10892,69,0.4012299996116918,9,1,148,1,0,9,1
10893,21,0.4298457437063502,5,1,325,3,0,48,1
10894,39,0.14817773032947368,2,1,20,1,0,15,1
10895,67,0.047547608881163494,10,0,147,1,1,77,0
10896,55,0.6412149902350247,4,0,445,3,0,51,1
10897,40,0.06443762555269228,8,0,286,1,0,18,0
10898,43,0.7338301194214559,7,2,324,2,0,23,0
10899,68,0.5390901450222475,5,0,199,0,0,17,0
10900,28,0.1985829782260834,4,1,147,2,2,25,1
10901,45,0.5395229435126496,5,2,366,3,0,67,1
10902,73,0.18299771660209885,7,2,220,4,1,43,0
10903,19,0.438737207510412,5,1,227,4,1,70,1
10904,25,0.7995603162422289,8,0,305,3,2,34,1
10905,46,0.4619192934106374,7,2,178,3,2,27,0
10906,28,0.14869931829754823,7,1,475,1,0,68,1
10907,54,0.7238286818229451,9,0,416,0,2,31,1
10908,35,0.18676841627000884,8,2,122,2,0,5,0
10909,72,0.7385498743701094,8,2,284,3,0,75,1
10910,67,0.4793522892158333,6,2,2,4,1,70,0
10911,31,0.4537417590943016,7,2,261,0,2,27,1
10912,71,0.8514350378574748,8,2,470,0,0,99,1
10913,27,0.7086035243406688,5,0,331,1,0,33,0
10914,52,0.03291079695493926,10,1,260,4,1,18,1
10915,26,0.2961743146016024,2,2,2,0,0,64,0
10916,52,0.8709206608498986,7,1,446,4,0,47,1
10917,28,0.01832616854519864,10,1,215,2,1,9,1
10918,61,0.5452534462619704,3,1,478,4,1,79,1
10919,29,0.7278256691739439,10,0,568,0,0,37,1
10920,20,0.6218560854845758,8,1,594,4,0,97,1
10921,70,0.7605322021044364,6,1,439,4,0,74,1
10922,56,0.7256918489147458,4,1,199,4,1,11,1
10923,31,0.6920306951531133,2,2,278,0,0,49,1
10924,73,0.8215398609256521,7,2,134,2,1,14,1
10925,45,0.6456906684495384,1,1,293,4,0,88,1
10926,28,0.40241849425698206,7,0,204,2,0,77,0
10927,56,0.47190910991458757,10,2,84,0,1,21,0
10928,42,0.7167247826814506,10,2,292,3,0,10,1
10929,38,0.8763060296667939,7,1,389,4,0,59,1
10930,27,0.2722188008397757,10,1,137,2,0,5,1
10931,60,0.34207679597107077,3,0,410,4,0,15,0
10932,32,0.9307393963624127,4,2,508,1,0,21,0
10933,36,0.5785117924094454,4,1,217,1,0,61,1
10934,65,0.17896181713500103,4,2,56,0,0,43,1
10935,39,0.6636951389123827,9,1,91,2,1,77,0
10936,38,0.9907621555393796,6,1,369,2,0,20,1
10937,69,0.8234535644704001,10,0,570,4,0,57,1
10938,61,0.7457411365514027,9,2,411,1,0,95,1
10939,49,0.20804665426626923,4,2,192,4,2,9,0
10940,67,0.8761397846840072,7,1,116,4,0,12,0
10941,40,0.5257888435355464,10,0,274,0,2,77,1
10942,30,0.8892900220719556,9,0,352,3,0,62,1
10943,22,0.3298278294248793,10,0,445,0,1,17,1
10944,21,0.06205105263543276,3,2,35,0,0,7,0
10945,45,0.4759759686597461,3,1,196,0,2,31,0
10946,31,0.26983760481787766,6,1,289,4,1,54,1
10947,25,0.7152292897762982,8,0,485,4,0,58,1
10948,26,0.9571065528560324,1,0,410,4,0,60,1
10949,74,0.6909741511515639,4,0,422,4,0,24,1
10950,68,0.8869339297092035,8,2,238,1,0,17,0
10951,52,0.45302401360120637,6,1,297,2,0,92,1
10952,54,0.7716407371953017,2,0,41,1,0,54,0
10953,38,0.8430434366717035,8,0,87,2,1,92,1
10954,35,0.7108756275835424,1,1,175,4,0,88,1
10955,50,0.5077772860695646,1,2,277,1,0,31,1
10956,25,0.625866109615368,7,2,342,2,0,22,1
10957,68,0.7005069956788803,10,2,296,3,0,32,1
10958,66,0.2530844032214269,3,1,279,0,0,62,0
10959,34,0.8095792609149848,8,2,423,2,0,36,1
10960,60,0.9503245389672733,9,0,415,1,1,11,1
10961,48,0.465239315179936,8,2,32,1,0,19,1
10962,51,0.7010671831098774,1,1,27,3,0,82,0
10963,23,0.737025905790354,1,2,208,2,0,39,1
10964,39,0.6622475475214803,6,1,593,0,2,56,1
10965,31,0.5471151083286355,1,1,247,1,0,44,1
10966,20,0.8816479545748106,8,2,377,4,0,99,1
10967,29,0.44892670926889444,6,0,357,4,0,54,1
10968,53,0.06110295648660358,5,1,17,2,0,99,0
10969,29,0.8445563757121602,6,2,212,3,0,94,1
10970,62,0.6739812723165507,4,1,513,0,0,93,1
10971,19,0.8492586264996466,1,2,93,2,2,74,0
10972,19,0.1385474424446943,7,0,16,2,0,31,0
10973,32,0.03075294050971633,10,1,238,0,0,36,1
10974,40,0.9343745403825013,9,0,527,1,0,16,1
10975,46,0.14772830585057428,4,0,176,4,0,64,0
10976,34,0.8096523320704518,4,0,130,1,0,34,0
10977,49,0.8232099421806358,9,0,297,3,0,28,0
10978,24,0.708705200549003,4,0,62,0,0,92,0
10979,47,0.13126221109287095,10,2,129,1,0,90,1
10980,45,0.6673986245608076,4,0,362,2,0,8,0
10981,31,0.8890865833268656,8,2,269,2,0,87,1
10982,61,0.42553164480088324,4,0,267,3,0,93,0
10983,47,0.41351685437859886,9,0,499,3,0,9,1
10984,34,0.4428583095794191,8,1,539,0,1,8,1
10985,49,0.08227189067620644,5,2,486,1,0,97,1
10986,63,0.8920255690299734,9,0,216,2,0,13,1
10987,23,0.8691828639805104,8,0,356,0,0,55,1
10988,68,0.9979093217902862,10,0,285,0,0,44,1
10989,41,0.5851831414984134,4,2,478,2,0,57,0
10990,23,0.7511916364513858,4,2,545,1,1,76,1
10991,44,0.2026719063073047,1,2,411,4,2,79,0
10992,35,0.6675288182241695,4,1,330,3,2,36,1
10993,41,0.6497328487573907,8,1,448,1,0,53,1
10994,54,0.9012087358416124,5,0,26,4,0,9,1
10995,73,0.8307927228390741,6,2,111,4,0,36,1
10996,41,0.9384664626177631,4,2,491,2,1,9,0
10997,55,0.8688334727016075,5,1,136,4,0,69,1
10998,51,0.868693894898852,10,0,537,3,0,74,1
10999,57,0.06372332668871827,8,2,261,0,0,29,1
11000,64,0.8459619526959559,9,2,521,1,0,31,1
11001,32,0.6074783945031181,3,0,298,3,0,82,0
11002,28,0.3804444517659612,10,1,109,4,0,77,1
11003,39,0.05651462438806232,4,1,432,0,0,32,1
11004,71,0.6776737747680467,1,2,478,0,0,92,0
11005,41,0.32820175053761746,5,0,266,4,0,67,1
11006,18,0.46777626498603475,4,0,212,3,0,77,0
11007,35,0.6817284370551343,6,0,308,4,1,40,1
11008,61,0.9117745470241428,6,2,53,1,1,60,1
11009,29,0.8254369156049984,10,1,394,0,1,38,1
11010,74,0.45059712910359984,6,1,511,2,0,71,1
11011,60,0.3877831574463789,3,1,324,0,0,25,1
11012,45,0.23977973884404746,7,1,95,4,0,43,0
11013,57,0.37242675117596824,3,1,173,4,0,41,1
11014,24,0.11104638729189831,6,2,343,2,0,46,1
11015,40,0.9711055083647545,10,2,204,2,0,40,1
11016,38,0.5739174439595789,1,1,54,0,0,70,0
11017,51,0.1278058427952129,8,1,225,4,0,21,1
11018,28,0.3528060092659058,7,2,306,0,0,58,0
11019,39,0.547039143620656,9,1,280,3,2,33,1
11020,59,0.5328856366408696,3,1,301,4,1,29,1
11021,52,0.035503368718632355,8,1,204,0,0,25,1
11022,69,0.9508410342291114,2,0,219,4,0,23,0
11023,46,0.2753756814749446,9,1,427,4,0,33,1
11024,59,0.01618466893189119,1,0,140,1,0,7,1
11025,45,0.07644400895028247,10,1,454,0,0,80,0
11026,35,0.580194903247977,7,1,144,4,1,59,1
11027,31,0.13778552067509686,10,2,525,2,1,55,1
11028,35,0.04172479285350328,1,2,157,2,0,94,1
11029,45,0.37962646641271136,6,2,104,1,0,43,0
11030,41,0.6227611923401886,1,0,288,4,2,35,1
11031,25,0.11183980484161238,4,0,184,0,0,76,1
11032,59,0.31332783215131554,7,1,216,0,2,39,0
11033,71,0.4177606716245422,2,0,30,2,0,73,0
11034,62,0.15946009778676717,3,2,278,3,0,31,0
11035,70,0.5060738984667101,4,0,474,4,0,30,0
11036,25,0.0852140869017709,6,1,224,1,2,31,0
11037,21,0.04651849634506866,9,0,176,1,0,17,1
11038,44,0.5198353671551348,4,2,83,4,2,27,0
11039,53,0.24789697275087563,6,1,567,4,0,69,1
11040,22,0.09537380789802752,7,0,91,1,0,96,0
11041,50,0.4239125874876323,4,1,7,1,0,83,1
11042,66,0.9151407395173947,6,1,573,0,0,81,1
11043,51,0.7241924466541549,3,0,53,1,0,73,0
11044,47,0.8156159153470276,5,1,162,2,0,94,1
11045,25,0.8719139887586365,10,0,478,1,0,75,1
11046,56,0.9726277413964189,4,2,107,1,1,26,0
11047,64,0.763246573514173,7,2,270,2,1,77,1
11048,43,0.6084079219394797,6,0,236,2,2,5,1
11049,74,0.3654258803022472,7,0,260,4,0,19,1
11050,54,0.18164323655771608,6,1,528,1,0,57,1
11051,51,0.6866598739832943,2,0,386,2,0,98,1
11052,24,0.9949499861219419,7,1,402,0,0,71,1
11053,57,0.46735868461891905,8,2,357,3,0,74,1
11054,45,0.7236793680928076,7,0,218,2,0,99,1
11055,56,0.49509244999315616,4,2,464,3,1,9,1
11056,56,0.4319334233634766,4,0,420,1,1,72,0
11057,45,0.4103056135599151,5,2,148,0,2,60,1
11058,31,0.5046246829316976,9,0,356,0,0,29,1
11059,70,0.36689566186537503,5,0,50,4,2,79,0
11060,67,0.7487733218218078,2,1,53,4,0,66,0
11061,55,0.8742720265915166,5,1,138,1,1,47,0
11062,21,0.8828853066451842,3,0,112,2,0,18,0
11063,59,0.22769871342582593,10,1,426,0,2,93,0
11064,35,0.8959091387314908,8,0,497,1,0,56,1
11065,61,0.34155123185510505,10,0,291,1,1,31,1
11066,65,0.30930766548529764,10,2,345,2,0,97,1
11067,42,0.7267560573982359,2,1,510,0,0,56,1
11068,24,0.30469634008628943,4,1,440,0,0,5,1
11069,55,0.05296640560971011,5,2,480,0,1,50,1
11070,45,0.373617772310308,4,0,227,4,0,9,0
11071,22,0.721465600358349,5,1,89,0,0,66,0
11072,20,0.3269584202701765,10,0,535,3,0,60,0
11073,61,0.6295590559951465,4,1,395,2,0,68,1
11074,48,0.6601194442631304,3,1,74,0,0,25,1
11075,64,0.7337360117263562,1,0,335,2,0,70,1
11076,59,0.8971304663109364,4,0,163,2,2,49,1
11077,37,0.43256449926843143,9,1,518,3,2,64,1
11078,36,0.16643207666245707,1,2,564,0,0,22,0
11079,65,0.3189257154318894,7,2,155,2,0,19,1
11080,28,0.4321672551739859,3,2,502,0,0,50,0
11081,57,0.7138914693281131,8,2,333,3,1,37,1
11082,20,0.013122125561633502,6,2,490,4,0,15,1
11083,40,0.31578538343987894,1,0,327,4,0,55,0
11084,24,0.7798425810193168,10,1,0,4,0,97,0
11085,40,0.6708577033306954,5,2,359,4,1,33,1
11086,24,0.7317399735856052,8,1,336,1,2,12,1
11087,63,0.8118107694391947,3,0,552,2,1,69,1
11088,51,0.7832357188779623,4,1,186,1,1,34,0
11089,59,0.6821831661527781,7,0,268,0,0,57,0
11090,36,0.4396615323705906,6,1,430,4,0,78,0
11091,26,0.9835983288781539,7,1,538,0,1,10,1
11092,65,0.5690731955900737,9,0,122,3,0,49,0
11093,68,0.20276920936883913,9,1,551,2,0,67,0
11094,35,0.2928128551047844,2,0,218,3,0,5,0
11095,58,0.69356245597047,3,1,415,2,0,13,0
11096,65,0.9247395651994635,4,1,185,3,0,54,0
11097,62,0.17872012920589753,6,2,587,3,1,56,1
11098,59,0.08234649574578634,5,1,563,2,0,59,1
11099,42,0.8815310480420061,6,2,204,0,1,20,1
11100,69,0.9152779789128344,8,2,335,3,0,7,1
11101,31,0.27637934531589947,2,0,389,2,0,46,1
11102,61,0.37728572437123986,6,0,303,2,0,6,0
11103,42,0.6601879974978584,9,1,511,3,0,64,1
11104,36,0.3299300208424748,5,0,225,0,0,76,1
11105,56,0.8771587082700529,1,2,512,4,0,98,1
11106,72,0.10757870271386272,8,1,28,1,0,22,0
11107,32,0.03798222096019521,4,0,511,4,0,65,1
11108,33,0.2084862067427895,8,0,353,3,0,63,0
11109,44,0.286087778204969,4,0,471,3,0,7,1
11110,57,0.11292659128887506,8,2,314,2,1,10,1
11111,27,0.06569042934064673,9,0,556,0,0,17,0
11112,21,0.7556077135017982,5,1,278,0,1,19,1
11113,68,0.16427656590225737,5,1,287,3,0,90,0
11114,36,0.913922199066304,2,1,366,0,2,87,1
11115,45,0.36799966144809604,9,2,330,1,0,48,1
11116,38,0.6706058097213454,4,0,396,0,1,12,1
11117,64,0.22540211476880023,3,1,384,0,0,82,1
11118,31,0.24032276849186684,2,0,577,2,2,91,0
11119,50,0.5747092028675753,3,0,510,3,1,29,1
11120,65,0.5606429251459861,4,1,557,0,0,37,1
11121,27,0.7687292280120813,9,2,29,3,0,69,1
11122,36,0.757813305694266,6,1,196,0,0,69,0
11123,47,0.6706877646636611,10,1,262,0,0,21,1
11124,39,0.449130565893491,5,2,407,0,0,86,1
11125,20,0.8906403862806171,9,0,94,2,0,56,1
11126,54,0.6225784902212987,8,0,42,0,0,93,0
11127,58,0.9901984904623572,6,2,35,4,0,19,0
11128,35,0.8193698179343586,3,1,457,1,0,55,1
11129,28,0.044309811238326224,7,2,128,0,0,66,1
11130,65,0.32059390708031776,10,1,518,4,0,95,0
11131,19,0.5718757164709517,6,2,43,3,0,64,0
11132,29,0.7214695378714872,8,0,60,2,0,60,1
11133,71,0.5503364977619415,6,2,537,3,0,34,1
11134,23,0.7861304224621818,10,2,362,2,0,77,1
11135,60,0.2826556527573446,4,1,120,3,0,93,0
11136,57,0.18391205123282506,10,1,496,3,0,38,1
11137,61,0.0539166837897701,7,1,157,1,1,44,1
11138,46,0.5733137445715221,7,2,256,1,2,15,1
11139,47,0.6885995206754952,8,2,574,1,1,83,1
11140,19,0.3261497171193616,2,1,270,3,0,33,0
11141,26,0.6135841848558766,6,0,310,2,0,98,1
11142,64,0.05215723085332924,3,1,312,1,1,15,0
11143,19,0.09929334629680364,8,2,116,2,2,5,0
11144,46,0.7017547722584984,4,2,344,2,0,85,1
11145,50,0.36806970521729876,4,1,177,0,1,79,0
11146,27,0.6713340311030056,2,1,116,4,1,33,1
11147,51,0.8317211202799181,6,2,164,3,2,67,0
11148,61,0.8526224374761169,6,2,173,4,0,80,0
11149,72,0.17216764546445096,1,0,154,3,0,98,1
11150,25,0.4862855723513465,8,1,594,2,0,63,1
11151,54,0.7339267236324865,3,1,509,4,0,95,1
11152,71,0.7739805962669104,1,0,309,0,0,40,1
11153,50,0.7846759807288776,10,2,233,4,2,19,0
11154,64,0.22816733438058445,1,2,350,4,1,77,0
11155,23,0.19253481772377334,1,0,161,0,0,99,1
11156,61,0.5900124682736959,5,1,590,0,0,93,0
11157,57,0.7410857977382197,5,2,291,1,0,64,1
11158,62,0.3191395155341933,1,0,126,3,2,19,0
11159,36,0.10470515686242154,5,0,93,2,0,38,0
11160,49,0.7167463829100775,7,0,445,4,0,66,1
11161,44,0.2996978313800045,5,2,88,4,0,20,0
11162,18,0.16636272431172183,9,2,387,2,0,27,0
11163,60,0.14772352839713165,4,0,248,0,0,37,0
11164,69,0.3149095475267163,9,0,180,0,0,97,1
11165,50,0.5926780659137455,8,2,60,4,1,36,1
11166,57,0.3584022386938166,1,2,146,4,0,20,0
11167,49,0.02066185159343159,4,2,280,2,0,83,0
11168,22,0.09690843467781107,7,2,565,2,2,89,1
11169,34,0.2905032471986191,1,2,111,3,0,32,0
11170,25,0.6597044821470919,8,0,296,0,0,18,1
11171,74,0.09851507346853383,2,2,561,1,0,25,0
11172,59,0.5606568535006818,8,2,116,1,1,92,1
11173,51,0.11988587082400426,4,0,26,2,0,75,1
11174,26,0.2116153273493815,8,0,431,3,0,35,0
11175,73,0.17218852755576275,1,1,310,4,0,26,0
11176,40,0.06722863557081049,5,2,389,2,2,29,1
11177,52,0.6713298173865903,9,1,461,2,0,50,0
11178,67,0.4634035473860345,7,1,5,2,0,46,0
11179,24,0.8310534408973382,3,0,529,1,0,8,0
11180,32,0.09889083998231696,4,0,158,2,0,37,0
11181,70,0.14473293333807224,10,1,307,3,0,94,1
11182,71,0.3064577313504506,7,1,194,1,0,58,0
11183,37,0.7658659869388081,6,1,478,3,1,33,1
11184,67,0.3057588231556988,4,1,229,1,0,51,1
11185,42,0.4084187074986926,3,2,505,3,0,74,1
11186,20,0.30160356629716456,2,1,336,0,0,87,0
11187,72,0.08022429180102997,10,0,132,0,0,60,1
11188,63,0.9394336228961874,9,1,158,1,1,29,1
11189,41,0.5485389920711888,3,1,271,0,0,62,0
11190,51,0.7878331881854967,7,0,532,4,0,78,1
11191,63,0.658357092185296,1,1,294,3,0,52,1
11192,39,0.5142542790619751,8,0,329,1,0,55,1
11193,28,0.08967825665938012,1,2,280,0,0,78,0
11194,65,0.6427335452703044,2,2,436,1,0,84,0
11195,25,0.15537035593683213,1,0,63,4,0,19,0
11196,56,0.4143831693562766,4,2,358,1,0,50,0
11197,60,0.6291131434804303,2,2,228,1,1,58,1
11198,52,0.7822290004721234,1,2,246,2,0,58,0
11199,66,0.6850451757086196,1,0,91,2,0,83,0
11200,63,0.6715335290546288,2,1,0,2,0,69,1
11201,55,0.1490422091752075,6,2,314,2,0,66,0
11202,25,0.3461285400715879,2,1,290,3,0,74,0
11203,71,0.04291227266019415,2,1,245,4,0,56,1
11204,54,0.7194768931764646,8,2,239,1,0,23,1
11205,44,0.9525859813174191,5,2,480,4,0,47,1
11206,45,0.2641103901790758,8,1,271,1,0,10,0
11207,57,0.08769670916230932,8,2,516,2,1,72,1
11208,51,0.4755700767536536,2,0,313,3,0,14,0
11209,49,0.8566982231275688,7,0,568,1,0,47,1
11210,32,0.5519741952717797,9,2,138,1,0,59,0
11211,61,0.046777150190113304,8,1,497,0,0,13,1
11212,34,0.974272240527946,9,2,326,3,2,69,1
11213,50,0.8286499099626007,8,0,120,3,0,55,1
11214,64,0.13159407705151016,4,1,391,3,0,67,1
11215,63,0.9217977565035089,10,2,464,4,0,60,1
11216,69,0.4506882886051886,7,0,176,2,1,85,1
11217,71,0.3718979905749412,9,1,363,0,0,96,0
11218,33,0.4610533305271882,9,0,497,4,1,16,1
11219,46,0.8345719568709472,4,2,160,2,2,50,1
11220,26,0.6594796782867858,7,2,549,1,1,20,1
11221,50,0.059248452399727536,6,0,334,0,0,82,1
11222,66,0.9576043711161709,3,0,49,4,0,74,1
11223,46,0.14778413347831776,10,0,88,0,0,51,0
11224,30,0.7455679517353511,6,0,575,2,0,64,1
11225,38,0.636136530428131,8,0,224,4,1,61,1
11226,38,0.18752804794656086,2,1,385,4,0,67,0
11227,22,0.17073207611304964,3,2,166,0,0,34,0
11228,27,0.870327593704692,8,1,336,1,0,94,0
11229,23,0.41969492349959714,4,0,589,1,0,88,1
11230,73,0.6545765141741385,4,1,434,1,1,9,0
11231,68,0.5040710038566732,2,2,521,2,0,19,0
11232,74,0.7273535170759595,10,0,247,0,1,35,1
11233,30,0.47924237503933054,1,0,43,2,2,22,0
11234,18,0.2873799152555684,7,2,486,2,1,81,0
11235,37,0.3633833709964964,4,1,476,1,0,47,1
11236,74,0.8590776944503427,6,2,108,1,1,15,0
11237,64,0.46803469292272704,8,2,69,1,0,55,0
11238,63,0.21344933224460927,7,1,542,0,0,16,1
11239,25,0.9346053880772532,7,1,108,0,0,60,1
11240,27,0.796600456498377,6,0,549,1,0,87,1
11241,26,0.05566614605619913,4,0,263,2,0,23,0
11242,66,0.9989429619805178,4,0,289,0,0,5,1
11243,58,0.6949266964401023,9,2,144,4,2,18,1
11244,20,0.16026659904058693,5,1,528,2,1,85,1
11245,28,0.23716768129859644,9,1,93,2,1,70,0
11246,29,0.6924454812415469,9,0,337,3,0,42,0
11247,27,0.779761055279122,4,2,564,0,0,89,0
11248,42,0.23903594314980614,2,2,568,4,0,24,0
11249,66,0.2569688538992708,2,1,60,0,1,56,0
11250,66,0.30712069487206084,9,1,536,2,2,27,1
11251,42,0.5980183648366367,9,1,77,0,1,98,0
11252,28,0.17181617830127693,3,1,538,2,1,69,0
11253,71,0.10424319888477751,5,2,430,4,0,10,0
11254,53,0.6788640890855135,5,0,98,2,0,83,1
11255,56,0.7790979397931701,2,1,539,1,0,21,1
11256,70,0.5009294044165055,2,1,314,2,0,40,0
11257,43,0.3638327102683854,10,1,222,1,1,94,1
11258,31,0.4320427135264764,1,2,188,4,2,66,1
11259,56,0.3884078338719519,2,0,304,4,0,63,1
11260,73,0.9599849082376752,7,2,355,2,1,70,1
11261,57,0.7680899052191402,1,0,479,1,0,57,1
11262,18,0.20808721485011028,1,2,39,2,0,15,0
11263,73,0.3841891520539801,9,1,475,4,0,14,0
11264,71,0.5440122913631098,2,1,113,1,0,8,1
11265,21,0.6129858620636884,4,0,325,3,1,23,1
11266,47,0.4681838960287671,3,2,531,3,0,94,1
11267,29,0.8101266350119591,4,0,229,4,0,58,1
11268,73,0.7676060194582317,7,2,387,1,1,43,1
11269,52,0.5051579186281667,10,1,304,2,0,86,1
11270,30,0.8544293867817304,2,0,75,4,1,90,1
11271,69,0.7510895304423859,2,0,264,4,1,66,0
11272,48,0.7785818487206433,9,1,314,0,0,46,0
11273,55,0.9564007794334166,6,1,514,2,0,33,0
11274,60,0.26646694120920267,7,1,522,2,0,83,0
11275,40,0.2676481623668492,5,1,260,3,0,48,0
11276,21,0.8889522556906401,5,1,368,0,0,37,0
11277,69,0.7722263733856795,4,1,81,2,0,46,0
11278,33,0.9265455414356274,8,2,229,2,1,15,0
11279,24,0.06313016032445307,7,2,597,3,0,63,0
11280,39,0.6277570772615966,10,0,297,0,0,88,1
11281,46,0.14462833812344744,2,2,554,0,0,95,1
11282,28,0.5038971982925826,2,0,280,1,0,19,1
11283,73,0.15574693185344424,6,2,467,4,2,7,0
11284,50,0.12807850898487927,1,2,529,1,1,84,0
11285,46,0.012168345382033152,7,1,407,0,0,32,1
11286,56,0.6302388123829044,8,2,222,3,2,57,0
11287,29,0.35902261669008606,10,2,14,1,0,46,0
11288,24,0.1051882848789717,8,2,545,3,1,19,0
11289,72,0.32283777773130984,3,1,179,0,0,44,1
11290,56,0.16894409145158495,7,1,1,3,0,94,0
11291,59,0.9416948315016594,1,2,150,1,1,38,0
11292,65,0.3200048857613481,3,0,109,0,0,40,0
11293,43,0.3339535232893899,6,2,306,0,0,31,0
11294,57,0.8398580033995856,9,1,396,1,1,18,1
11295,26,0.6477557612860042,5,1,13,4,0,7,0
11296,58,0.7101716074030013,5,0,272,1,0,7,0
11297,51,0.6360018039889606,9,1,377,1,0,91,1
11298,62,0.9461962839485654,9,1,206,2,1,73,1
11299,30,0.20700083155804516,6,2,246,0,0,70,1
11300,72,0.9890392417557957,5,0,386,2,0,64,1
11301,72,0.8309561775565132,10,1,74,2,0,42,0
11302,53,0.5889725888763422,2,1,42,2,0,6,1
11303,42,0.662371624396249,8,2,132,3,0,83,1
11304,41,0.6488258765006141,8,2,430,1,0,70,1
11305,61,0.0583962240591539,7,2,435,2,0,96,0
11306,34,0.2180164985319386,8,2,55,3,0,82,0
11307,19,0.9614708845247492,3,0,207,3,0,16,1
11308,30,0.5343644288593793,3,2,103,0,1,34,1
11309,48,0.37835360326191203,2,0,463,1,1,12,0
11310,46,0.762038463389075,1,1,469,4,0,24,1
11311,67,0.5245189426558096,3,1,579,1,0,83,1
11312,45,0.01316277143189759,3,2,249,3,0,67,0
11313,44,0.7362375967151179,7,2,402,1,1,82,1
11314,32,0.7322175600528613,10,2,25,0,0,30,1
11315,48,0.1651487121099744,9,1,9,1,0,29,0
11316,57,0.9566600884242134,1,1,496,3,1,61,0
11317,32,0.22390813154111433,8,1,409,3,0,87,0
11318,50,0.4577493673821993,1,0,135,2,0,64,0
11319,37,0.11473596126091468,3,1,220,3,0,24,0
11320,59,0.6032823194505884,4,2,543,0,2,30,1
11321,29,0.3754511200572125,8,0,276,3,0,27,1
11322,54,0.35317346220970547,1,0,95,1,0,68,0
11323,26,0.8269768772209473,2,0,438,4,0,18,0
11324,40,0.009561712850478243,5,1,507,3,0,90,1
11325,25,0.7979467708924225,6,1,186,0,0,98,1
11326,49,0.5714485657480787,5,1,36,0,0,96,1
11327,65,0.9860985134801991,3,1,209,0,0,42,0
11328,31,0.589443220604249,10,2,414,0,0,44,0
11329,44,0.05537913414795792,7,0,130,1,0,61,1
11330,42,0.050645326443726324,1,0,97,2,1,34,0
11331,30,0.8831529863718319,2,0,442,4,1,7,1
11332,72,0.8412141455110531,9,0,544,2,0,72,1
11333,38,0.3458900755820232,4,0,35,2,1,59,1
11334,62,0.6180324841811372,8,2,514,2,0,79,0
11335,48,0.4895913570556003,9,2,219,1,0,81,0
11336,54,0.9671640551360522,7,0,361,4,0,70,1
11337,65,0.9499609008768916,1,0,27,3,0,40,0
11338,60,0.9838390085407746,5,1,537,3,1,57,1
11339,71,0.8664487806342642,6,0,521,4,0,34,0
11340,22,0.9095515907751013,8,2,108,4,0,84,0
11341,30,0.21727877876713642,10,1,180,0,0,58,1
11342,45,0.8310067889897745,8,2,209,2,0,36,1
11343,60,0.7088571132042747,9,1,341,0,0,83,1
11344,42,0.9627865088280702,9,1,48,1,0,91,1
11345,68,0.5712618284426194,4,0,472,1,0,51,1
11346,52,0.08516716671055635,6,2,328,4,0,85,0
11347,64,0.597398891187153,3,2,555,1,0,86,1
11348,56,0.6865809280212878,1,0,235,4,1,36,0
11349,24,0.2203210287124283,6,1,440,3,0,20,0
11350,55,0.3941133835127284,1,1,120,2,1,69,0
11351,49,0.59850341405168,9,2,247,1,0,18,0
11352,20,0.37410573731650554,6,0,518,0,0,70,1
11353,62,0.37494771723866394,1,0,19,1,0,74,0
11354,56,0.1330866391727974,3,2,502,2,2,94,0
11355,54,0.940746723077666,1,1,363,1,0,59,1
11356,72,0.7504943844950965,2,1,488,4,0,48,1
11357,67,0.001243438866102009,6,0,199,1,0,12,0
11358,39,0.7656132840221652,7,1,402,3,0,92,1
11359,25,0.7397949926578588,1,1,244,3,0,62,0
11360,34,0.009730960155522994,10,1,482,1,0,43,1
11361,69,0.36960429761376457,5,2,575,0,0,54,1
11362,44,0.6067476903255307,6,0,16,1,0,47,0
11363,50,0.45275065185803587,4,2,38,4,0,35,1
11364,63,0.7779861187205073,6,2,294,4,1,68,0
11365,34,0.425458332634434,5,1,38,4,1,89,1
11366,59,0.15386296945383704,7,0,186,0,0,24,0
11367,29,0.9764156242738286,4,1,308,3,0,6,1
11368,65,0.2420399927760466,1,0,361,4,0,47,1
11369,63,0.7176923105413323,2,1,461,4,0,44,1
11370,44,0.14315631166407194,6,0,230,1,0,62,0
11371,65,0.32901261378393265,10,0,249,3,0,88,1
11372,25,0.44202760843042377,2,1,1,4,0,90,0
11373,40,0.1922320045270639,5,1,474,4,1,17,0
11374,59,0.4499595763686095,4,2,181,1,0,88,1
11375,66,0.15716282299175,7,2,1,1,0,99,1
11376,46,0.5590065389858901,4,0,169,2,1,27,0
11377,67,0.663713252520194,7,1,269,1,0,30,0
11378,37,0.06243428402801077,8,1,306,1,0,98,0
11379,33,0.8711321210821681,7,2,48,2,0,77,1
11380,34,0.18514088504203552,2,1,421,4,1,43,0
11381,33,0.2253624253203238,1,0,284,1,0,46,1
11382,36,0.661349840083063,5,0,379,0,0,36,1
11383,73,0.46875106043441406,7,0,503,2,2,48,1
11384,73,0.4993955991710657,1,2,555,2,1,44,1
11385,25,0.12815498456313268,8,0,571,4,1,80,1
11386,55,0.8057358218764082,3,2,198,1,0,80,1
11387,55,0.61705424610421,7,2,108,0,0,95,0
11388,70,0.13538204330945602,3,0,64,4,2,50,0
11389,46,0.373999367025596,4,2,352,1,0,30,0
11390,58,0.8104099327350301,8,2,97,4,0,18,0
11391,53,0.5683550459866207,2,0,128,2,2,82,0
11392,43,0.10864877913293047,6,0,267,2,0,15,1
11393,48,0.3727770457892867,10,2,408,1,0,58,1
11394,61,0.2426943984557346,9,2,86,4,0,12,1
11395,29,0.5174655536537264,10,1,393,1,0,43,1
11396,72,0.8433611288719896,9,0,449,3,0,19,0
11397,34,0.4362671348044198,5,1,470,1,1,8,0
11398,32,0.4333420303683231,3,2,109,3,0,69,0
11399,26,0.905350902327037,6,1,293,2,0,39,1
11400,56,0.5761854125072724,9,2,214,0,1,10,1
11401,59,0.5661910873974069,6,1,311,2,2,70,1
11402,65,0.2619098918753894,4,2,203,0,0,87,0
11403,29,0.6077227478371263,5,2,427,4,0,99,1
11404,49,0.5759104674173964,7,2,535,0,2,57,1
11405,42,0.39685147034186397,10,0,92,4,0,87,1
11406,56,0.9906955658991805,3,2,27,3,0,27,0
11407,35,0.8818909649480867,9,0,317,4,0,77,1
11408,32,0.7495862900768155,1,2,398,1,0,23,1
11409,49,0.5373455884130005,8,1,265,1,0,17,1
11410,23,0.46205980189463025,5,2,284,1,0,66,0
11411,61,0.18489739522319937,10,2,62,2,0,12,0
11412,60,0.3057374740146237,9,1,598,1,0,66,1
11413,69,0.7739607998232102,2,2,518,4,0,96,1
11414,52,0.45374895393755144,1,2,19,4,0,95,1
11415,51,0.8822695165695014,10,2,347,4,1,60,1
11416,55,0.14791113634552877,7,1,49,1,0,42,1
11417,73,0.5083470960136365,10,2,188,3,1,77,1
11418,71,0.6469656840213087,9,0,66,3,0,19,0
11419,74,0.516848456307926,5,0,364,2,0,66,0
11420,22,0.8892268915849871,4,0,201,4,0,65,0
11421,35,0.9895632818291398,4,0,98,4,1,50,1
11422,33,0.11583465834136975,8,1,159,2,0,38,1
11423,25,0.129954904076921,1,2,27,4,2,29,1
11424,42,0.13032411356012108,1,0,465,0,1,5,0
11425,49,0.6811770960705276,8,2,197,2,0,79,0
11426,43,0.3726760954958379,2,2,208,4,1,19,1
11427,69,0.733314661265906,10,1,436,2,0,94,1
11428,39,0.4054714728869787,6,2,265,0,0,51,0
11429,48,0.6276067213320636,2,0,490,0,0,42,0
11430,60,0.7698580056788935,5,0,408,1,0,37,0
11431,27,0.5482159106549206,3,1,256,4,0,53,1
11432,73,0.5395035904500061,7,0,335,0,0,31,1
11433,74,0.08823432528563446,9,0,232,0,0,56,1
11434,29,0.4107817429094348,2,1,72,0,0,80,1
11435,70,0.5457771532249376,7,1,12,1,0,88,1
11436,45,0.46198082566640997,8,0,582,4,0,16,1
11437,23,0.9007820001884255,10,1,504,2,0,65,1
11438,37,0.9065306321194894,8,1,0,1,0,41,1
11439,22,0.8219173805887617,7,0,158,4,1,10,1
11440,40,0.37529807537312,4,0,508,0,2,88,1
11441,26,0.7172991516875343,4,1,482,1,2,91,1
11442,46,0.3952884610696098,10,2,215,3,0,83,0
11443,33,0.23259359897575904,9,2,194,3,0,96,1
11444,71,0.3429026435508816,10,0,311,0,0,38,0
11445,63,0.07096463328553548,9,0,402,4,1,12,0
11446,39,0.3317775090046472,5,2,3,4,0,88,1
11447,25,0.4607422172611716,7,1,541,1,0,10,1
11448,37,0.95548089478083,7,2,105,3,0,64,1
11449,68,0.3134105862196249,9,2,121,4,0,30,1
11450,31,0.9024535392055206,7,0,266,1,0,53,0
11451,56,0.22885827582349705,8,1,240,1,0,22,0
11452,54,0.1909688977592494,7,2,52,3,0,18,0
11453,67,0.5189954564321649,4,1,123,0,0,24,0
11454,51,0.672511369297406,2,0,87,1,0,46,0
11455,28,0.044332250802281425,3,2,309,0,0,69,1
11456,71,0.2210658650472167,7,0,556,3,0,91,1
11457,57,0.4556836665013164,9,2,575,1,2,66,1
11458,50,0.33100433598318146,2,1,12,2,0,62,1
11459,48,0.7126210793483219,7,0,208,3,0,20,0
11460,71,0.5111605960413168,4,1,434,3,0,49,1
11461,61,0.1603591056039002,7,2,51,2,0,43,1
11462,51,0.8944653793150905,5,0,106,3,1,23,1
11463,67,0.29290567548335955,7,1,520,2,0,12,0
11464,24,0.7311311089644235,6,1,119,2,0,28,0
11465,66,0.7799157791054099,2,2,66,3,0,20,0
11466,71,0.9631577002561021,7,0,81,2,2,17,0
11467,40,0.4985074665241014,5,1,113,2,0,34,0
11468,63,0.6158355154644322,9,0,453,3,1,17,1
11469,73,0.33487629347953374,1,0,231,2,0,89,1
11470,24,0.6781792934120665,1,0,570,0,0,87,1
11471,71,0.4633834858663197,2,0,561,3,0,31,0
11472,42,0.43765236472442226,8,2,315,3,0,42,0
11473,20,0.8554675291161055,9,1,474,0,1,42,1
11474,55,0.050168843498688664,7,0,370,4,0,55,1
11475,37,0.8819624278318685,1,1,532,1,0,27,1
11476,51,0.8520698378285569,7,1,257,2,0,20,1
11477,66,0.5063662535617891,8,1,428,2,1,50,1
11478,61,0.49020285420562826,7,2,499,1,1,92,1
11479,61,0.3618073680354902,5,0,593,2,2,48,1
11480,47,0.9941737916817344,7,0,9,2,0,84,0
11481,34,0.11116933275384122,10,1,424,0,0,53,1
11482,27,0.590215235628607,2,1,576,0,0,20,1
11483,52,0.681681590112417,9,2,511,0,0,15,1
11484,37,0.9343300082169445,2,2,316,0,0,30,0
11485,35,0.7802034968567615,2,1,133,3,1,84,1
11486,62,0.6438472028115468,5,0,17,2,2,19,1
11487,61,0.11681231681212267,8,2,346,1,0,62,1
11488,44,0.3737335168314674,6,0,367,2,1,86,1
11489,66,0.13884164254798526,9,2,167,3,0,22,1
11490,53,0.8812127324655137,6,0,16,3,0,73,1
11491,40,0.749621155563643,5,1,521,2,1,70,1
11492,49,0.7575367867972292,1,2,506,2,0,34,1
11493,27,0.6522565177735441,8,1,473,0,0,35,0
11494,28,0.5070435369367097,3,2,542,3,2,29,1
11495,55,0.1499710594634972,2,1,305,2,0,99,0
11496,23,0.32969488670505176,7,2,378,1,2,87,0
11497,58,0.13691579247689056,2,2,339,1,1,86,0
11498,64,0.7249131428523432,1,2,150,0,1,68,0
11499,51,0.16022877602200503,2,0,44,0,0,37,0
11500,53,0.7021135501716855,6,0,206,2,2,7,1
11501,54,0.6922553895959047,2,2,421,1,1,22,0
11502,34,0.4593044789912889,1,1,138,3,0,56,0
11503,57,0.1352286541180523,1,1,391,4,1,94,1
11504,57,0.3148008261340367,4,2,383,1,1,96,0
11505,71,0.32009310907555144,8,0,448,3,1,36,0
11506,29,0.7003851331432934,6,0,202,1,0,53,0
11507,38,0.11374301941372433,4,0,9,2,0,41,0
11508,57,0.8290686462160908,6,0,349,4,0,75,1
11509,36,0.761007290185914,6,1,75,4,0,32,0
11510,20,0.18630691817427392,9,2,216,2,0,36,1
11511,35,0.7191643817788894,4,2,291,2,0,45,0
11512,70,0.6685131814678218,6,2,3,0,1,40,0
11513,68,0.7481208001109263,10,1,377,3,0,90,0
11514,36,0.18892855544869447,1,0,37,3,0,13,0
11515,64,0.15759032215646862,7,0,587,0,1,21,1
11516,23,0.23648398592275421,7,1,294,3,0,14,0
11517,33,0.36587170314897566,1,1,88,4,0,95,0
11518,25,0.7936649810358012,8,2,274,1,0,21,1
11519,65,0.73792393747885,5,2,513,4,2,60,0
11520,35,0.9254515922785331,9,1,149,0,0,15,0
11521,69,0.05862955909861545,8,1,312,3,0,49,0
11522,65,0.011556281014185599,3,1,99,3,1,93,0
11523,60,0.6991388297007991,1,0,258,1,0,21,0
11524,56,0.2792874957941657,3,2,278,1,1,68,0
11525,66,0.33407889553381753,2,1,3,1,0,95,0
11526,66,0.5468020259145122,2,1,411,4,0,59,0
11527,29,0.10241312312679851,4,0,589,0,0,83,0
11528,62,0.6426944165480497,2,1,325,0,0,9,0
11529,27,0.3251474462311502,8,2,518,0,0,81,1
11530,24,0.6327151243009916,5,0,0,4,0,74,0
11531,63,0.8340069130733858,1,1,599,2,1,46,1
11532,72,0.17111133333742967,6,2,417,3,0,88,1
11533,18,0.9308730929145203,7,2,179,4,0,71,1
11534,66,0.5306881410624438,1,0,9,0,0,96,0
11535,53,0.9229277651739684,3,2,374,4,0,7,1
11536,38,0.20773008220177813,9,0,451,4,1,70,1
11537,54,0.6045626646042376,7,2,109,2,0,64,0
11538,69,0.4038871173236047,4,1,124,1,0,33,1
11539,41,0.7742221911560132,6,0,431,0,0,82,0
11540,72,0.6059089432132964,6,2,300,4,0,11,1
11541,42,0.49451545695831844,3,0,102,1,0,8,0
11542,24,0.9129854064310087,2,2,69,3,1,54,0
11543,59,0.3771170641716802,5,0,109,3,0,25,0
11544,34,0.2199802048981815,8,1,223,3,0,93,0
11545,46,0.6081011868520917,3,0,223,4,0,13,1
11546,47,0.6240284371728138,5,0,213,4,0,64,0
11547,24,0.4390946215718754,3,1,547,2,0,80,0
11548,50,0.4866100436893823,7,2,342,0,0,16,0
11549,24,0.9595534142998999,6,1,356,1,1,60,0
11550,41,0.7326856913968013,6,0,438,3,0,9,1
11551,28,0.110601751482577,1,1,255,1,0,67,0
11552,26,0.21213007087061098,2,1,481,2,1,97,0
11553,29,0.975576634435559,6,0,403,3,0,31,1
11554,52,0.7264655537935313,8,0,41,1,2,53,1
11555,21,0.9150451261446532,5,1,387,0,1,24,1
11556,53,0.30386146398872205,2,0,28,0,0,33,0
11557,45,0.7418668600865923,5,2,202,2,0,87,0
11558,74,0.7140027085235114,9,2,560,1,0,40,1
11559,30,0.2946899854393751,6,2,326,2,1,12,0
11560,40,0.5508163254507054,5,2,53,2,0,34,0
11561,36,0.6274151112702953,10,1,489,2,0,65,1
11562,59,0.48113181082746503,6,1,416,4,0,99,1
11563,54,0.8271787066580127,9,1,359,0,0,5,1
11564,56,0.8328690417979895,7,0,548,4,0,39,0
11565,41,0.8506005483015567,10,1,204,4,1,87,1
11566,33,0.8034235690981628,3,1,279,0,1,50,1
11567,50,0.4880834771971446,10,0,54,2,1,22,1
11568,29,0.3814382981490072,10,0,222,1,1,59,1
11569,51,0.8313762837143706,5,0,107,2,0,85,1
11570,24,0.49020145855626684,4,2,508,2,2,35,1
11571,28,0.24637139862798185,5,1,5,4,0,68,0
11572,48,0.5073435323222163,8,1,506,1,0,24,0
11573,46,0.14184982191924211,6,1,170,0,0,33,0
11574,30,0.6916294905987989,4,0,267,3,0,47,0
11575,48,0.33592128162390633,5,1,192,0,0,89,0
11576,19,0.2606587984474543,7,2,179,1,1,59,0
11577,56,0.956508746234745,8,1,69,0,0,77,0
11578,32,0.7768809957583076,5,1,29,4,0,34,1
11579,74,0.7870695027239316,2,0,118,1,1,37,0
11580,28,0.6237219692791834,6,2,509,3,2,22,1
11581,51,0.8391728105102971,9,1,459,3,1,53,1
11582,56,0.7591624811633813,3,0,457,1,0,57,1
11583,21,0.5987737041336165,7,2,566,0,2,55,1
11584,28,0.9611244018517173,8,2,38,3,0,14,1
11585,46,0.19159494968442303,6,0,261,1,0,69,1
11586,19,0.943379718994751,3,0,183,1,0,32,0
11587,33,0.40143816199886495,1,0,519,1,0,22,0
11588,56,0.5283989834014866,3,0,527,2,0,65,1
11589,30,0.12273931954430894,6,0,385,0,0,13,1
11590,54,0.5401074389217909,4,0,575,1,0,96,0
11591,34,0.6112067518581934,1,1,252,1,0,64,0
11592,38,0.997701541808524,6,0,10,2,0,91,1
11593,61,0.9751924110715265,1,0,599,4,0,30,1
11594,36,0.9663972918742872,8,2,210,2,0,47,1
11595,24,0.34838806010205736,3,2,515,1,0,37,1
11596,55,0.9912664987450435,3,2,359,0,0,24,0
11597,25,0.45547815159511085,1,0,67,2,0,20,0
11598,30,0.8518362587619005,3,0,426,1,0,87,0
11599,54,0.216319969018972,7,1,8,0,0,36,0
11600,19,0.5058331796566023,10,1,536,2,0,15,1
11601,58,0.9660120961276054,8,1,576,3,0,66,1
11602,28,0.9470313969234275,8,1,65,0,0,30,1
11603,41,0.6837348778214267,3,0,172,1,0,5,1
11604,23,0.7978143225530598,5,2,21,0,0,16,1
11605,43,0.1764266966024014,1,0,41,0,0,61,0
11606,24,0.7216585494841574,9,0,203,1,0,77,1
11607,74,0.6180508083353723,8,0,154,3,0,54,0
11608,56,0.09155173575124609,10,0,522,0,0,76,1
11609,36,0.11315900658967626,2,2,461,1,0,99,0
11610,23,0.10844361775126188,10,2,77,0,0,88,1
11611,60,0.7243569348298357,1,1,103,4,0,23,1
11612,46,0.14171520824757244,4,0,277,3,0,9,0
11613,60,0.46773227111447047,9,1,56,4,0,35,1
11614,56,0.35698180587775774,8,2,338,0,0,26,0
11615,19,0.5505041407702178,3,2,273,3,0,88,0
11616,36,0.7064764872194028,10,1,432,1,0,80,1
11617,21,0.684722537221332,6,2,390,4,1,87,1
11618,23,0.5155199159143766,9,2,341,3,0,70,1
11619,66,0.4643348736103855,10,0,259,3,0,8,0
11620,74,0.3978155951222587,8,0,173,0,1,34,0
11621,54,0.8619099483043794,10,2,194,4,2,27,1
11622,45,0.330851804872645,5,2,440,1,1,62,1
11623,47,0.25936582116749485,9,1,271,2,2,25,1
11624,24,0.7433154936552713,9,1,306,0,0,58,0
11625,26,0.35976346169672646,3,2,307,3,0,63,0
11626,42,0.8469985997572684,8,0,594,4,0,73,1
11627,50,0.32788871863714475,4,0,555,2,1,11,1
11628,18,0.7019448245745882,10,1,206,3,0,80,1
11629,68,0.045109006285336095,7,0,116,4,0,79,1
11630,23,0.38556288011032,10,0,4,4,0,50,0
11631,35,0.3432301749675515,8,1,498,2,1,82,0
11632,27,0.8166787392759234,7,1,300,3,1,67,0
11633,45,0.9670554032283101,5,0,424,2,0,43,1
11634,28,0.4608812766929614,1,1,89,1,0,71,0
11635,50,0.8248362771537581,8,2,27,0,0,91,1
11636,18,0.6996947009573651,5,1,543,0,0,71,1
11637,30,0.9673859876636932,3,2,216,1,0,92,0
11638,54,0.8111085143428247,2,2,70,3,1,45,0
11639,37,0.07747806596373052,3,2,29,2,1,36,0
11640,18,0.7132817223822362,9,1,255,0,0,98,1
11641,69,0.5354997154223736,2,1,395,1,0,40,0
11642,20,0.016436057932327164,10,1,520,4,0,7,0
11643,35,0.2513129587254437,1,2,322,0,0,74,0
11644,58,0.921755245026893,2,1,369,0,0,74,1
11645,31,0.9260613727867529,2,0,155,1,0,60,0
11646,48,0.7988504602006344,5,0,213,2,0,72,0
11647,44,0.9817796032779894,1,1,82,0,0,72,1
11648,34,0.8065452246242049,10,2,404,2,1,17,1
11649,72,0.010204187285245192,8,1,9,1,0,53,0
11650,63,0.2878343403015118,2,0,279,4,1,71,0
11651,46,0.030624182237762865,6,2,280,0,0,51,0
11652,53,0.09410796873755944,5,1,89,2,0,84,0
11653,54,0.21884081695077606,2,1,128,2,0,28,1
11654,43,0.5035585463255224,10,2,308,3,0,44,0
11655,70,0.8475320034620177,1,2,484,2,0,28,1
11656,34,0.861966756157108,6,0,106,2,1,61,1
11657,39,0.6162018585572965,6,1,504,1,0,28,1
11658,42,0.928175939066235,3,0,282,2,0,73,1
11659,19,0.5000623265902081,8,0,106,3,0,67,0
11660,72,0.8890360441332016,9,2,154,4,0,23,1
11661,39,0.4540652563320121,3,1,231,3,0,66,1
11662,22,0.2772250074218823,9,0,448,4,0,75,1
11663,21,0.9164129181004277,8,0,379,0,0,34,0
11664,53,0.3879350756788693,5,2,332,4,0,93,0
11665,23,0.5034041088444616,6,1,595,4,0,69,1
11666,69,0.3288606325306772,1,1,75,3,0,6,0
11667,38,0.6628376002907298,5,0,260,1,0,76,1
11668,30,0.9950312250060355,10,2,336,1,0,72,1
11669,71,0.025513548864769642,10,1,229,4,2,10,1
11670,54,0.8998480060071015,7,1,220,3,0,68,1
11671,72,0.003926056989265403,1,0,397,1,0,14,0
11672,42,0.3642278811462111,10,1,411,1,1,28,1
11673,43,0.1686068062895143,9,1,400,3,0,7,1
11674,72,0.7573417806725513,7,1,497,4,0,51,1
11675,56,0.05061084075717348,4,1,173,0,2,95,0
11676,37,0.5534849535843279,4,0,300,3,2,92,1
11677,50,0.29492613384531263,10,1,102,3,0,84,0
11678,31,0.13367024886470213,7,1,520,3,1,51,1
11679,73,0.7718182121026408,6,2,163,4,0,60,1
11680,53,0.2174168342552567,3,0,4,4,0,57,0
11681,34,0.2236752120549389,9,1,177,3,1,84,0
11682,38,0.275076785137923,6,2,26,1,0,77,0
11683,63,0.5867667638280274,2,0,160,0,0,84,0
11684,33,0.6596659316907483,10,1,114,2,1,54,1
11685,63,0.017602523701344963,2,2,377,3,0,20,1
11686,33,0.2418696361137903,1,0,96,3,0,8,0
11687,73,0.43097084250528284,5,1,135,4,1,15,1
11688,37,0.33197695216123313,10,2,387,4,1,28,0
11689,46,0.884170658510886,6,0,163,2,2,35,1
11690,45,0.7877087308864188,3,2,414,4,0,54,1
11691,25,0.6258902155388275,4,2,135,4,0,92,0
11692,41,0.33804241599703977,5,1,157,1,0,92,0
11693,20,0.7006723448461598,4,2,397,0,0,92,1
11694,42,0.8436380128457944,9,1,365,1,1,36,1
11695,36,0.5948303773589867,3,1,301,3,0,83,1
11696,50,0.7844614668933791,5,2,348,1,0,90,1
11697,19,0.7491049613997478,7,2,393,2,0,63,1
11698,32,0.5717373111603222,7,2,323,1,0,16,1
11699,39,0.31218321682151096,6,2,49,4,0,21,1
11700,27,0.7457821580012718,9,0,323,2,1,6,1
11701,35,0.20679636635760645,7,1,513,2,2,43,0
11702,39,0.7794883464715338,4,2,462,3,0,54,1
11703,63,0.804546692142533,10,0,74,3,1,74,1
11704,66,0.8221448795703731,9,2,500,4,1,55,0
11705,44,0.4729159709784576,6,0,187,0,0,35,0
11706,30,0.19248076777042167,1,1,128,2,0,29,1
11707,50,0.09972360006606873,9,2,492,4,1,61,1
11708,22,0.7433612504879242,7,0,96,3,0,32,0
11709,43,0.8862613845298132,6,0,364,3,0,49,0
11710,30,0.6508383588369067,6,1,500,0,0,30,0
11711,44,0.1441600603883696,4,2,164,2,1,72,1
11712,74,0.934896448517574,4,2,176,2,0,33,1
11713,31,0.9891020145393196,3,1,272,4,1,83,1
11714,41,0.43337860993492194,8,1,326,0,1,59,1
11715,20,0.5948252892737712,8,1,398,1,2,84,1
11716,64,0.7772285200016578,2,0,562,4,1,44,1
11717,68,0.7363897900500447,5,0,410,2,0,9,0
11718,66,0.9677871919334492,9,1,63,4,2,62,1
11719,47,0.11488309107878891,9,2,446,4,0,65,1
11720,52,0.5807248661428057,7,0,340,4,0,26,0
11721,65,0.6919314196730921,4,1,228,4,2,41,1
11722,31,0.89009842418767,4,0,504,2,0,78,0
11723,29,0.8741096277181507,10,0,249,0,1,35,1
11724,45,0.97799979356129,7,1,69,0,2,18,1
11725,61,0.512078453937679,3,2,511,3,1,38,1
11726,46,0.8307608668132266,3,2,344,3,1,57,0
11727,60,0.4272817081273277,5,0,546,1,0,87,0
11728,34,0.42231387785603225,6,2,272,0,0,25,1
11729,57,0.253348364472859,8,2,555,4,1,41,1
11730,66,0.8182372870192298,1,1,344,3,0,28,0
11731,38,0.9858151058135156,7,1,459,4,1,68,1
11732,74,0.2563417283472579,8,1,106,1,0,98,0
11733,40,0.05613158802107232,5,2,487,0,0,21,0
11734,37,0.8155424374190073,10,2,43,2,0,50,1
11735,28,0.6202300525347562,2,1,501,1,0,35,1
11736,74,0.9596988005510044,4,2,424,2,0,54,1
11737,74,0.25223921907695224,6,1,48,0,0,54,0
11738,51,0.07102765800128108,9,0,59,2,0,47,0
11739,27,0.49244226086650156,2,0,257,0,0,21,0
11740,27,0.08546602296514749,4,2,576,4,0,82,1
11741,60,0.26179000110270745,10,2,113,1,1,74,0
11742,23,0.12597786081916829,5,2,348,4,0,98,1
11743,53,0.2241321796600787,8,2,397,0,0,23,1
11744,41,0.10614465282139185,8,0,469,0,0,54,0
11745,29,0.9539059994272854,2,1,14,4,2,66,1
11746,60,0.2785627134497355,6,0,548,4,0,31,1
11747,72,0.44389758599256546,6,1,137,4,0,44,1
11748,40,0.8986118076342223,5,2,264,1,0,41,1
11749,44,0.6773215879614743,8,1,557,1,1,99,1
11750,74,0.6180374805617743,10,1,80,0,2,20,1
11751,62,0.7055631903608371,2,1,302,3,1,81,0
11752,54,0.8288222571053818,2,1,273,4,1,83,1
11753,23,0.8776692678517609,7,0,112,2,0,30,1
11754,18,0.6426396706650265,9,2,408,2,0,63,1
11755,23,0.8900072746940577,3,2,364,2,2,97,0
11756,67,0.5353975274254769,7,1,240,4,0,69,0
11757,39,0.2772908562684234,3,2,88,3,0,37,1
11758,58,0.8800767088838444,6,0,271,3,0,38,0
11759,41,0.5414728274130871,3,1,254,1,0,64,1
11760,42,0.9061375875672343,1,2,488,3,1,55,1
11761,32,0.04016781395058122,6,2,244,2,0,68,0
11762,43,0.39751575154123553,3,1,98,2,0,25,0
11763,25,0.9478050183624682,1,0,570,4,0,11,1
11764,68,0.24965009275830274,5,1,72,1,1,69,0
11765,41,0.9415362460384926,8,1,287,0,0,69,1
11766,65,0.9539024611292499,8,2,210,1,0,68,0
11767,55,0.882142314225861,8,2,533,0,0,22,1
11768,23,0.5636680450932987,3,1,82,1,0,99,0
11769,71,0.6469394490806385,8,1,241,3,0,65,1
11770,52,0.8696169984498692,4,2,11,1,0,86,1
11771,59,0.7758970823891844,8,1,516,4,2,20,1
11772,18,0.6300938494554116,3,0,115,0,1,69,0
11773,63,0.9822594078707026,3,1,346,3,0,65,1
11774,53,0.6856766363336941,1,0,19,3,1,79,1
11775,29,0.9754819924477611,8,1,135,1,1,68,0
11776,55,0.057388474607090734,8,1,445,3,1,34,1
11777,28,0.13896037074221246,9,1,437,2,0,96,1
11778,29,0.4514588460004906,6,2,569,2,0,94,1
11779,59,0.3848794608843151,2,2,172,2,0,91,0
11780,67,0.7827348413570278,1,2,516,1,2,14,0
11781,56,0.16061402646920375,8,2,158,0,0,79,1
11782,24,0.9760951791114886,10,2,404,1,1,74,1
11783,28,0.315065875260914,4,2,511,4,1,33,1
11784,53,0.4289237077401594,7,1,3,3,0,26,1
11785,69,0.2747450324400229,10,0,586,2,0,18,1
11786,48,0.5793636173265473,4,2,103,1,0,10,1
11787,50,0.058628700422583946,1,2,372,1,1,48,0
11788,30,0.1496775055704488,8,1,281,3,1,67,0
11789,35,0.7457977034187242,10,2,282,1,0,54,1
11790,58,0.1865005834048039,9,1,476,2,0,65,1
11791,73,0.23551445155666284,10,2,234,3,0,24,0
11792,41,0.7929822357248377,9,0,177,0,0,79,0
11793,26,0.0933011783572536,9,2,337,2,0,70,0
11794,48,0.4374738227708409,4,2,501,4,0,93,1
11795,72,0.023063386997226987,9,1,221,4,2,19,1
11796,58,0.34680739931790383,4,2,455,3,2,42,0
11797,27,0.6989814026107545,2,1,358,2,0,9,0
11798,19,0.09010327971722831,10,0,409,2,1,19,1
11799,55,0.8883346267787601,3,2,557,2,1,94,1
11800,32,0.909499042940716,2,1,461,4,1,15,1
11801,20,0.1049903751251351,1,0,190,3,0,55,0
11802,60,0.9907324363757767,6,0,144,4,0,37,1
11803,48,0.2975295533954889,4,1,343,1,0,40,0
11804,23,0.08410167113160605,7,1,575,0,2,45,1
11805,20,0.005067114497262271,7,2,156,4,1,79,1
11806,73,0.4085228957638626,10,0,307,3,0,39,1
11807,28,0.6298099857061177,1,0,127,4,0,61,1
11808,32,0.33217924990331327,9,1,23,1,0,68,1
11809,62,0.8367173654746227,8,0,124,1,0,77,1
11810,69,0.7166062755650501,10,1,174,1,0,79,0
11811,45,0.3501615319680327,1,2,100,1,1,37,1
11812,27,0.7343096666086046,8,1,50,0,0,37,0
11813,55,0.9404877369692498,5,2,257,2,0,95,1
11814,64,0.09309599854301709,1,1,167,1,2,22,0
11815,74,0.3061039601576169,4,2,104,0,1,15,1
11816,67,0.4633259391166933,7,0,580,4,0,66,1
11817,67,0.4979901277547686,5,1,34,1,2,51,1
11818,24,0.5421956448860736,3,1,427,4,2,98,0
11819,32,0.30062690653864854,4,1,338,4,0,65,0
11820,35,0.6672596459823491,2,2,152,3,0,84,0
11821,35,0.6450845035298297,8,1,505,0,0,60,1
11822,69,0.5778215062716139,2,1,79,0,2,28,1
11823,58,0.11376172171087662,6,0,30,1,1,69,0
11824,41,0.4769678910959445,7,1,224,1,0,79,1
11825,19,0.3562268874893756,7,1,208,1,0,10,1
11826,57,0.4910384698381226,1,1,179,0,1,80,0
11827,37,0.921866435515026,8,1,418,4,0,30,0
11828,51,0.4805313431584083,9,0,496,4,1,87,1
11829,60,0.013980791839511841,7,1,304,1,0,69,0
11830,43,0.43883673808413093,8,1,313,4,0,58,0
11831,24,0.8206481800493821,4,0,333,1,0,66,1
11832,55,0.7800609232181682,8,2,63,2,2,88,1
11833,47,0.513390073528181,3,2,307,4,2,16,0
11834,59,0.2497690128593153,1,0,39,0,2,28,0
11835,22,0.4650886629145451,8,0,242,3,2,43,0
11836,28,0.5637022194181917,6,2,360,0,0,78,1
11837,18,0.9998714382741338,9,1,244,0,1,26,1
11838,51,0.6441780901693773,3,2,144,3,0,52,0
11839,73,0.6942649300626135,8,1,567,1,1,82,1
11840,18,0.49145414356805195,9,0,29,4,0,8,0
11841,36,0.35448955078252986,9,0,427,0,0,33,0
11842,19,0.812952983647206,7,0,381,4,0,10,1
11843,38,0.4949323243392362,10,2,452,3,0,51,1
11844,37,0.9946901299645251,3,0,180,3,1,59,1
11845,40,0.4571205742680441,3,2,497,4,0,59,1
11846,38,0.06800028364757738,2,1,197,4,1,53,0
11847,41,0.6825781370900827,1,1,342,3,0,29,1
11848,21,0.04664145092581107,2,1,32,1,1,49,0
11849,29,0.2505015968847033,5,0,333,4,1,12,1
11850,39,0.35373825277990334,1,1,233,2,0,15,1
11851,37,0.7394835856213277,10,0,547,2,0,5,1
11852,35,0.4942359264076128,4,2,529,4,1,74,0
11853,18,0.02864593131025661,10,0,427,0,1,32,1
11854,47,0.6168498512759222,10,1,265,3,0,13,0
11855,50,0.41143623742666235,1,0,294,1,0,53,0
11856,41,0.9218345099671071,10,0,439,2,0,70,1
11857,31,0.4995623111402354,8,2,560,2,0,26,1
11858,53,0.708975145939339,5,0,569,0,0,43,0
11859,22,0.21886849232954686,10,1,331,4,0,27,0
11860,28,0.7609735645316532,4,0,150,0,0,65,0
11861,41,0.7209553104836723,3,0,300,1,0,71,0
11862,48,0.9040817085413082,9,1,344,4,1,47,1
11863,72,0.033821641719199214,6,0,310,2,0,49,0
11864,30,0.44750069761745115,1,2,182,2,0,84,1
11865,33,0.6791554027396302,8,1,146,3,0,45,1
11866,41,0.09516390008021502,10,1,149,1,0,98,0
11867,30,0.4106040671489124,2,0,266,2,0,23,0
11868,41,0.9421466030661954,9,2,489,0,0,48,1
11869,71,0.43593449089112823,7,2,130,2,2,30,1
11870,43,0.9854047834806314,3,1,146,0,0,20,0
11871,19,0.05683906107981962,4,1,374,0,0,26,1
11872,33,0.7178297761408913,3,0,484,4,0,10,1
11873,55,0.5810162362482695,6,1,503,4,0,41,1
11874,63,0.5005396771321254,9,2,503,2,0,73,1
11875,18,0.9708474014850094,10,0,218,2,0,82,0
11876,66,0.12965040049112864,9,0,494,0,0,28,0
11877,28,0.8959989516809134,1,2,545,4,0,82,1
11878,68,0.6912404111366103,10,2,10,2,0,77,1
11879,52,0.2589960732996327,6,1,260,4,1,44,1
11880,60,0.9016691456322934,1,2,70,1,0,79,1
11881,46,0.42929491786101326,4,0,163,0,0,14,1
11882,54,0.8142273280730709,7,0,260,4,0,35,1
11883,34,0.38883651704739997,4,2,410,2,0,55,1
11884,71,0.850930827433241,9,1,415,0,2,58,1
11885,56,0.6366291184450487,10,0,344,3,0,93,1
11886,59,0.14104663358372715,5,1,233,0,0,57,0
11887,45,0.6496631634695276,9,2,14,1,0,24,1
11888,46,0.19134476270187262,1,1,353,0,0,35,0
11889,60,0.4119226278941627,4,0,482,4,0,20,1
11890,20,0.17029558425203373,7,2,437,4,0,74,1
11891,69,0.022016115667118585,2,0,19,2,1,47,1
11892,27,0.2118865394499575,9,0,471,2,0,15,0
11893,59,0.5363720237241257,3,2,161,0,0,52,0
11894,31,0.481560967777346,4,1,33,0,1,44,1
11895,29,0.5014970955360637,4,2,114,0,0,23,0
11896,64,0.2476868784466013,8,0,429,4,2,69,1
11897,59,0.6851612006141862,2,0,20,4,0,62,1
11898,47,0.7042632868203458,5,0,166,3,0,31,0
11899,49,0.35796782555966555,2,2,295,3,0,89,1
11900,49,0.8811700884741743,6,2,171,3,0,45,1
11901,59,0.6440232166355478,9,2,163,2,0,18,0
11902,49,0.7130392752586318,9,2,216,4,0,88,1
11903,43,0.2773399179389394,1,1,198,0,0,39,0
11904,68,0.0006116351555870425,4,0,49,0,1,99,0
11905,18,0.8653756121021096,4,1,497,3,0,6,1
11906,73,0.8224243845798085,1,0,441,2,0,86,1
11907,59,0.12319188804283021,10,0,329,2,1,89,0
11908,19,0.3741051349563065,2,1,329,3,0,93,1
11909,34,0.6613393083885826,6,2,293,0,1,17,1
11910,47,0.6521108572187282,10,0,279,2,1,40,0
11911,73,0.8603503348085565,3,2,363,1,0,85,1
11912,56,0.14026816163542855,9,1,570,3,0,80,0
11913,24,0.4299397477851188,3,0,172,0,0,46,0
11914,69,0.09722441792642478,3,2,153,1,0,90,0
11915,44,0.38959524843862814,9,1,491,4,1,28,1
11916,26,0.015107445587704382,3,0,594,0,2,19,0
11917,39,0.898273065110127,6,1,266,1,1,11,0
11918,51,0.5270439968286811,6,2,417,4,0,7,1
11919,63,0.8498022608023537,1,0,271,2,2,24,1
11920,66,0.05990470100336376,7,0,442,0,1,47,1
11921,18,0.22745811047292064,9,0,512,0,0,30,0
11922,26,0.2593799952211806,9,1,411,2,0,49,1
11923,37,0.38669149463878805,9,1,14,0,0,32,1
11924,70,0.8028663723975461,2,1,79,3,0,49,0
11925,36,0.38655787373149264,1,1,543,1,0,64,1
11926,53,0.204653529646327,6,2,550,4,0,44,0
11927,57,0.06499026033876842,6,1,239,4,2,13,0
11928,62,0.07949174835268746,4,1,584,1,1,75,0
11929,21,0.7600472059609774,8,1,88,3,0,44,1
11930,26,0.444802991036633,5,2,253,0,0,18,0
11931,58,0.7261811220000153,7,2,138,2,0,86,1
11932,39,0.6822871217636975,9,0,289,2,0,14,0
11933,35,0.1353624617602578,1,1,305,0,0,52,1
11934,29,0.1428879341922672,9,0,171,4,0,19,1
11935,59,0.7553420154341339,4,0,525,1,0,49,0
11936,60,0.7212682934854172,7,2,327,1,0,72,0
11937,56,0.37803076687431036,4,2,152,4,0,62,1
11938,26,0.07742226333284008,4,0,177,1,0,23,1
11939,23,0.0120980216984522,4,0,415,4,0,52,0
11940,36,0.28815694946174486,6,1,310,3,1,32,0
11941,65,0.009222273587226937,5,2,589,0,0,48,0
11942,64,0.2300726211037034,2,2,243,4,0,91,1
11943,24,0.41950074021133854,9,0,408,3,0,26,1
11944,33,0.1214157653119542,6,2,219,4,1,90,1
11945,22,0.10427775783154625,10,0,435,3,1,44,1
11946,33,0.8964374357187366,6,0,183,3,2,79,0
11947,18,0.5854700290228892,9,2,123,3,0,48,0
11948,68,0.9344556867627815,1,1,237,0,1,35,1
11949,54,0.3458261637856792,7,2,405,4,2,95,0
11950,56,0.6771449373291631,3,0,558,4,0,9,0
11951,36,0.2046916746217904,4,0,197,4,0,33,0
11952,71,0.6183403172799412,1,1,562,3,0,73,0
11953,54,0.1295857300099844,3,0,581,1,1,86,0
11954,34,0.002080639176285759,7,1,86,1,0,97,0
11955,43,0.931531801409579,6,2,74,4,0,70,1
11956,39,0.5548943761752093,1,1,332,1,1,18,1
11957,25,0.9269406627820395,9,0,430,1,0,91,1
11958,50,0.33383152370207203,4,0,369,1,0,63,1
11959,19,0.3277860691617568,7,1,43,3,2,57,1
11960,47,0.4006550017730317,4,2,296,4,1,33,1
11961,64,0.7060409839581683,7,1,465,4,0,76,0
11962,37,0.5658086341861742,5,0,249,2,0,8,1
11963,35,0.9253549070991179,1,2,421,2,1,36,1
11964,60,0.025440901132439353,4,1,472,1,2,53,1
11965,74,0.7081959379725364,3,1,272,4,1,42,1
11966,27,0.3303276893665543,6,1,172,1,0,97,0
11967,41,0.18023365181846118,6,0,235,3,0,33,0
11968,73,0.510395622520099,1,0,45,4,0,5,0
11969,21,0.505063784179996,2,0,391,3,0,7,1
11970,54,0.1370110286884284,2,2,232,3,1,46,0
11971,21,0.20189605613288986,10,2,416,4,0,87,1
11972,30,0.4081646649015549,4,2,265,1,0,82,0
11973,42,0.40881141239231533,9,0,189,2,0,36,1
11974,30,0.3175581396196847,2,2,182,1,0,27,0
11975,35,0.14854515150998093,8,2,356,2,0,30,0
11976,41,0.004373679100979522,1,1,138,0,0,86,0
11977,19,0.9702350624280206,8,0,546,2,0,83,0
11978,65,0.943499229703927,3,1,504,4,0,93,1
11979,50,0.4836503791761352,5,0,481,2,0,42,0
11980,36,0.9950517532750057,1,0,351,0,0,26,1
11981,26,0.6736543307822432,1,2,341,2,0,86,1
11982,45,0.06885753760754154,6,1,72,1,1,16,0
11983,52,0.11771819908262737,3,1,162,2,0,67,1
11984,74,0.9161108438696377,8,2,222,4,0,95,1
11985,56,0.6300522021496284,4,1,184,4,0,88,0
11986,27,0.8431836266573511,6,1,94,3,0,20,0
11987,18,0.8982696496338443,10,0,308,1,0,62,0
11988,59,0.4479420112823861,9,1,147,1,1,19,1
11989,38,0.04852595157669304,8,1,318,2,0,78,0
11990,26,0.18828034889732204,4,0,178,2,0,9,1
11991,64,0.0665719473024351,10,2,290,4,1,85,1
11992,32,0.18873984569850732,8,0,496,3,0,55,1
11993,52,0.4105329264558768,7,2,300,0,1,45,1
11994,74,0.11819681051498543,5,2,160,2,0,98,1
11995,22,0.16673324780534327,7,0,60,1,0,8,1
11996,58,0.4458217820716792,7,0,71,2,1,51,1
11997,39,0.34017095038848955,10,2,436,3,0,26,0
11998,58,0.467658124188041,2,0,481,1,0,35,1
11999,40,0.42917202775906205,7,0,114,3,1,33,0
12000,24,0.6444780259798835,3,1,205,1,1,45,1
12001,73,0.9371895488758545,8,0,333,2,0,65,1
12002,40,0.10786433844424248,8,0,305,3,0,57,1
12003,61,0.09926014930919491,9,1,553,4,0,20,0
12004,42,0.852806111090902,4,2,531,1,0,59,1
12005,44,0.5063967046524591,10,2,579,3,1,93,1
12006,58,0.7664050235684422,3,0,134,3,0,21,1
12007,23,0.21542190360728142,9,0,577,0,1,22,0
12008,72,0.8288625731675517,9,2,150,0,1,41,1
12009,51,0.9238466241926959,2,0,547,2,0,64,1
12010,26,0.6354830155464882,6,2,139,4,0,33,0
12011,66,0.10587902147380224,3,2,406,4,0,95,0
12012,50,0.8952948141563388,5,1,489,3,0,99,1
12013,68,0.7924877273700713,2,1,204,3,0,91,0
12014,23,0.7508777765144898,4,0,294,3,0,93,0
12015,54,0.03672818890591556,3,0,581,1,0,26,0
12016,48,0.7989625252569712,2,2,183,2,1,58,1
12017,51,0.137951010468357,6,0,17,2,2,81,0
12018,58,0.22238617619688839,3,1,382,0,0,85,0
12019,46,0.5771348348692575,4,2,570,3,0,49,0
12020,31,0.26498077291688305,6,2,541,3,1,56,1
12021,53,0.6613482063119197,5,0,507,1,0,62,0
12022,53,0.6080704476990816,4,2,191,3,0,7,0
12023,70,0.10814959801326263,4,2,197,3,1,5,0
12024,32,0.6560145795915063,2,2,241,2,0,59,0
12025,25,0.92395490982493,10,1,90,3,0,49,1
12026,43,0.16110990518583312,4,2,1,1,2,61,1
12027,53,0.5970620209428874,8,1,464,1,2,21,1
12028,65,0.3418653719366941,5,2,284,4,1,33,0
12029,38,0.45961167177360396,10,0,3,4,0,22,0
12030,45,0.2870001790789699,10,0,237,0,0,13,0
12031,21,0.35413063634769526,8,2,551,1,1,94,1
12032,33,0.02891182326655728,6,0,438,1,0,92,0
12033,39,0.9815517379172206,10,1,389,2,0,80,1
12034,29,0.6247999220727483,5,2,328,4,0,19,0
12035,33,0.5007055904938853,4,1,240,0,1,82,1
12036,68,0.3837153495003267,10,2,494,2,0,13,0
12037,57,0.5393745588240276,9,1,60,2,2,35,0
12038,55,0.38010599871580397,10,0,61,4,0,6,0
12039,59,0.3599079274936733,5,1,451,2,1,58,1
12040,54,0.4639465417220131,10,1,276,4,0,52,1
12041,46,0.2759830336711908,6,0,158,1,0,5,1
12042,35,0.18004989996678544,7,0,238,1,1,67,1
12043,27,0.5566058981802935,1,2,42,4,0,38,0
12044,59,0.8427654361503011,9,2,412,3,0,91,1
12045,56,0.1528281777258923,8,1,438,3,0,69,1
12046,35,0.03273434060421865,5,2,313,0,0,15,1
12047,18,0.24681174515403614,3,1,151,3,1,13,0
12048,56,0.9797206434538108,5,2,79,0,1,11,1
12049,38,0.8287580737433393,5,0,136,4,0,50,1
12050,18,0.5958660535285966,9,0,449,4,1,41,1
12051,32,0.9292489152431359,7,0,385,4,1,92,1
12052,21,0.44527911683724464,2,0,382,0,0,53,1
12053,37,0.9832806025751739,5,1,164,2,0,12,1
12054,27,0.29630204511928404,9,0,301,0,0,65,1
12055,40,0.24030574951593908,2,0,47,2,0,40,1
12056,58,0.638048201147011,8,0,126,1,0,6,1
12057,51,0.3781539679503604,3,0,367,1,0,49,1
12058,63,0.6263655419762578,4,2,31,2,0,10,1
12059,65,0.3049955183026858,2,1,506,2,1,41,0
12060,50,0.6179182568379911,9,1,76,3,0,61,1
12061,51,0.2757462605850364,6,2,200,2,2,80,1
12062,56,0.05097206881888994,9,2,67,2,0,23,0
12063,27,0.9121359019231834,8,1,27,4,0,56,1
12064,71,0.8832052018734622,9,1,399,0,0,97,1
12065,37,0.9707981492726719,5,2,56,2,0,87,0
12066,18,0.7165271762214047,6,0,202,4,0,35,1
12067,30,0.6827211777353029,7,1,566,2,0,51,1
12068,18,0.5590030700748307,5,2,82,3,0,43,0
12069,22,0.12594241635252268,1,0,250,2,0,97,0
12070,33,0.18923531094927004,9,0,341,2,0,55,0
12071,32,0.2894696886725362,2,2,422,4,0,59,1
12072,66,0.8901563625733944,7,1,438,2,1,25,0
12073,45,0.17296952460307513,8,1,413,4,1,37,0
12074,48,0.9228731744878906,8,0,132,0,0,25,1
12075,40,0.5227857330514172,1,2,428,4,1,14,1
12076,65,0.7155696354730722,10,0,543,0,0,8,1
12077,62,0.11024448668056652,7,0,267,2,0,52,1
12078,60,0.2690335487759109,9,0,106,0,0,61,0
12079,34,0.9585186081814263,3,2,65,1,0,16,1
12080,66,0.2661499469297314,8,1,51,1,0,14,0
12081,51,0.2965217203911461,8,0,287,4,0,71,1
12082,30,0.19759738484107947,9,1,231,3,2,12,1
12083,31,0.1290736653068295,8,1,162,2,1,73,0
12084,28,0.23325764145399797,5,2,240,1,1,26,0
12085,45,0.6423268919507984,5,1,389,3,0,39,0
12086,59,0.4553677335035635,3,1,21,4,0,91,0
12087,49,0.5537558363378986,6,0,492,0,0,8,0
12088,52,0.12236482876602428,10,2,520,2,0,20,1
12089,48,0.8021164471629001,3,2,361,0,0,41,1
12090,34,0.784094700579848,2,0,58,2,0,26,1
12091,64,0.02158991114267539,7,0,484,1,0,89,1
12092,26,0.38351509451030497,10,1,100,3,0,66,1
12093,27,0.06877060197114782,3,1,339,4,0,54,0
12094,25,0.7921057794149581,4,2,485,2,0,64,1
12095,38,0.7372696831257044,10,2,15,1,0,31,1
12096,30,0.9019880942931561,8,1,497,4,0,56,1
12097,67,0.2364039589531146,1,0,120,2,2,44,0
12098,22,0.4562958831277989,9,2,213,1,0,76,1
12099,23,0.18448787716439774,6,0,329,4,0,75,0
12100,47,0.3712349344741195,2,1,83,0,1,34,0
12101,48,0.522243251566884,3,2,180,3,0,56,1
12102,34,0.053330789838588966,5,2,385,3,2,93,1
12103,28,0.7148704106773852,6,1,322,0,0,42,0
12104,37,0.5432933603710752,9,1,553,3,2,19,1
12105,65,0.8289590172106733,2,0,447,3,0,32,1
12106,26,0.27178050119119723,5,0,72,2,0,63,1
12107,19,0.9033211052692545,7,1,254,1,1,44,1
12108,54,0.9986942530304433,7,1,289,0,0,77,1
12109,18,0.9192984383776744,4,1,499,1,0,9,1
12110,21,0.7778924758331541,3,2,587,3,0,90,0
12111,53,0.8123688028737808,8,1,1,1,0,43,0
12112,71,0.5737442425445864,2,2,382,4,0,60,0
12113,42,0.1901538629126105,5,1,111,0,1,83,0
12114,20,0.6770406851477173,10,2,203,0,0,39,1
12115,26,0.7127530020599315,5,0,25,0,0,95,1
12116,39,0.9853851402679057,1,0,107,2,0,21,0
12117,40,0.5413013162563218,7,2,566,1,0,23,0
12118,29,0.2713690150250564,4,0,273,1,2,22,1
12119,27,0.6836725217395068,10,0,541,2,0,78,1
12120,51,0.9793758196664546,2,2,16,0,0,6,1
12121,60,0.177213908269094,8,1,463,2,0,70,1
12122,27,0.32599791853560267,4,1,297,2,0,53,0
12123,47,0.5418809537726811,1,2,592,3,0,95,1
12124,39,0.17021463488200483,8,0,395,0,0,84,0
12125,23,0.022220639519938357,7,1,26,4,0,36,0
12126,67,0.3369831224412506,3,1,182,3,1,42,0
12127,19,0.865370801501058,3,0,515,0,0,30,1
12128,47,0.043468399323714824,7,2,448,0,0,57,0
12129,19,0.42892905901691747,2,2,331,0,0,54,1
12130,49,0.7622007729260825,5,1,583,1,0,76,1
12131,59,0.9531825969108852,7,2,455,0,0,98,1
12132,33,0.9854753990044323,6,0,587,0,0,73,1
12133,29,0.4219693806087417,10,2,419,4,0,36,0
12134,18,0.9503842943791175,7,2,239,0,1,76,1
12135,70,0.03541897328086374,2,2,511,2,0,26,0
12136,25,0.7459169379985563,7,2,289,0,0,51,1
12137,65,0.6427460346336129,2,0,438,0,0,5,1
12138,67,0.2495218575861523,7,2,522,0,0,79,0
12139,30,0.5073185006796489,8,1,570,1,0,42,1
12140,32,0.1295537377604956,10,2,258,3,0,59,1
12141,70,0.871597150951561,8,1,267,1,0,10,1
12142,61,0.35789808554564795,5,0,112,4,1,88,1
12143,25,0.6260444704657165,7,2,584,4,0,24,1
12144,27,0.15877628628726226,8,1,404,2,2,66,1
12145,63,0.2061648446312071,4,2,401,2,0,22,0
12146,22,0.991956370803152,2,2,235,4,0,86,0
12147,67,0.7530863944413293,7,1,5,3,0,75,0
12148,36,0.9619718697740708,1,0,113,3,1,36,0
12149,64,0.29585116521204413,2,0,364,4,0,94,1
12150,55,0.1645628766198204,10,0,320,0,2,28,1
12151,28,0.5030684634788309,7,0,310,1,0,58,1
12152,70,0.4946682822273434,10,0,167,1,1,55,0
12153,60,0.17494651375798786,1,0,51,0,0,16,0
12154,37,0.7332195695814102,7,2,299,3,1,94,1
12155,37,0.36177753443873406,5,2,61,1,0,98,1
12156,38,0.18636523093051727,3,1,83,1,0,86,0
12157,35,0.3319833945432884,2,0,352,2,1,72,1
12158,74,0.5636586996350151,7,0,502,3,0,38,1
12159,67,0.7264709321804432,9,0,474,4,1,91,1
12160,27,0.48189088605748454,9,1,502,4,2,97,0
12161,51,0.5255949898283735,10,2,98,0,0,65,0
12162,43,0.1389459359427484,10,2,305,1,0,67,0
12163,47,0.9146909247082321,8,0,314,4,0,77,1
12164,26,0.9287241979920444,2,2,441,0,0,43,0
12165,63,0.6834265904180037,1,2,246,2,0,80,1
12166,68,0.017631408934024706,8,2,264,3,0,41,1
12167,48,0.537074215903326,2,0,568,1,0,16,0
12168,59,0.6292189720886135,4,2,424,1,2,20,1
12169,72,0.99465422295811,4,2,57,0,0,23,1
12170,21,0.9960669551947968,2,1,483,1,1,80,1
12171,23,0.8576112353255574,4,0,323,3,0,5,1
12172,31,0.06383099202611353,7,2,185,4,0,69,1
12173,21,0.9532763907787299,6,0,498,0,0,23,1
12174,43,0.6126612471519991,10,2,61,3,0,56,0
12175,64,0.8008867704791794,6,0,592,1,0,48,0
12176,65,0.40719284968585356,4,2,245,4,0,48,0
12177,56,0.3196694712345898,2,2,486,3,0,6,0
12178,34,0.463244145483808,5,1,372,4,0,81,1
12179,36,0.14687451296882692,3,0,514,4,0,8,0
12180,68,0.35706613875330606,3,2,50,0,0,23,0
12181,66,0.8576174997682786,4,1,98,1,0,49,1
12182,23,0.03795048626088149,5,1,322,2,0,37,0
12183,46,0.15087804682460448,2,0,591,2,0,21,0
12184,28,0.12511615964948553,6,0,440,2,0,61,1
12185,33,0.40307554270022805,6,1,403,3,1,21,1
12186,47,0.9969869008908617,8,0,416,2,1,8,1
12187,42,0.17335793021138268,2,0,154,1,0,12,0
12188,57,0.14548264959926016,8,0,541,2,1,98,0
12189,28,0.9150557297761545,8,2,145,4,0,41,1
12190,24,0.8820505169659657,4,0,234,4,0,6,0
12191,43,0.03224036999655444,7,0,473,4,1,93,1
12192,73,0.751705960179315,7,1,398,2,1,30,0
12193,39,0.6554657014764296,1,1,459,1,0,45,1
12194,42,0.767740809852709,1,1,432,1,2,17,1
12195,36,0.49450245479592214,8,0,256,2,0,87,1
12196,48,0.9913792184482956,1,0,438,1,2,28,1
12197,43,0.04384701871096319,3,1,536,2,0,77,1
12198,59,0.23437158640380573,6,1,174,1,0,66,0
12199,58,0.3965459869736151,8,2,490,0,1,69,1
12200,53,0.44977794156570317,5,2,282,0,1,35,1
12201,40,0.9213674026995187,5,2,561,1,0,22,0
12202,64,0.5600043640772588,4,0,218,4,2,19,1
12203,30,0.04511099552039388,4,0,155,0,0,28,0
12204,42,0.40786296342566186,7,1,56,3,0,69,0
12205,19,0.4164904123690699,6,2,510,2,1,19,0
12206,19,0.9654909384377848,8,0,337,3,1,91,1
12207,33,0.5991970910211082,6,2,271,1,1,55,1
12208,26,0.6356510711589388,10,2,183,1,1,24,1
12209,45,0.7132530312512708,7,0,290,4,0,98,0
12210,30,0.7700393156821232,10,2,301,0,0,56,1
12211,52,0.6350510702024892,10,1,578,0,2,81,1
12212,58,0.2371943511339355,5,1,246,3,0,9,1
12213,30,0.8740459143411642,6,0,15,0,2,58,1
12214,48,0.7321198004106302,1,2,334,1,2,41,0
12215,38,0.7418704850969559,3,1,210,4,0,66,1
12216,49,0.9965567392347492,8,2,585,2,0,15,1
12217,71,0.8025265348633159,3,1,372,3,0,46,1
12218,51,0.8291514031551532,1,1,405,3,0,10,0
12219,25,0.9514055157101584,3,2,529,2,0,93,0
12220,58,0.15113399984889386,4,0,21,1,1,49,0
12221,65,0.49772737647806786,8,0,118,3,0,61,1
12222,19,0.5805670235907876,9,0,527,0,0,43,1
12223,55,0.3292757292224576,4,2,183,0,0,97,0
12224,49,0.8394033438945055,7,2,514,0,0,41,1
12225,71,0.7624196216457234,1,2,491,4,0,44,1
12226,57,0.720883074508124,9,0,505,2,0,62,1
12227,45,0.9971494397581668,4,2,436,1,0,11,1
12228,54,0.2593813734083905,9,0,104,0,0,86,1
12229,58,0.7354572516754213,3,1,102,0,0,44,1
12230,18,0.5514044749059006,5,0,207,4,1,39,1
12231,58,0.3129891824938761,1,0,46,0,0,78,0
12232,27,0.16058687072312583,3,0,303,4,0,91,1
12233,72,0.8958838370675472,5,2,166,2,0,18,1
12234,21,0.5954554827078453,6,0,493,3,0,87,1
12235,52,0.8249338376407946,8,1,86,0,0,98,1
12236,27,0.5453449840015449,1,1,225,0,2,13,1
12237,64,0.21997708065401955,3,1,119,2,0,73,0
12238,28,0.33754881310032525,1,1,247,3,0,43,1
12239,31,0.3815388424735465,5,1,504,4,0,49,0
12240,55,0.9729348125037023,8,1,352,3,1,65,1
12241,29,0.0056332783813825005,4,0,143,0,0,54,0
12242,62,0.985666023024507,9,2,349,2,0,44,1
12243,34,0.9804616351098306,6,2,514,1,0,32,1
12244,33,0.9961507905301366,6,1,316,2,2,40,1
12245,52,0.4765881789196347,5,0,25,4,2,14,0
12246,19,0.9638089696209996,10,1,529,4,0,65,1
12247,28,0.39559918184982734,5,1,321,0,1,72,1
12248,58,0.02629444066838671,7,1,295,2,0,41,0
12249,20,0.22434718637176454,8,1,130,1,0,96,0
12250,46,0.9452962449373846,7,2,16,2,0,28,0
12251,35,0.01376469333539998,1,2,581,4,0,38,0
12252,37,0.545994135422975,1,0,184,2,0,95,0
12253,64,0.07560158889467905,10,0,48,0,2,5,1
12254,31,0.2863965784275785,6,1,75,4,0,25,0
12255,51,0.08809285071188666,3,2,527,2,0,75,1
12256,66,0.8595286211130564,9,1,5,2,1,48,0
12257,71,0.5910707096477058,7,2,33,0,0,44,1
12258,48,0.9021064657183129,2,2,58,0,0,83,1
12259,57,0.6883531995402283,3,0,66,2,0,82,0
12260,59,0.9710291312450997,8,0,254,1,0,98,1
12261,35,0.5098776547604066,1,2,402,4,0,56,0
12262,47,0.6387105817628745,5,0,156,2,0,5,1
12263,42,0.5763088198890566,10,1,31,0,0,57,1
12264,36,0.48426042944661274,1,2,9,4,2,71,0
12265,25,0.8459593654230126,9,2,374,0,0,37,0
12266,45,0.6445251356703602,7,2,348,4,0,15,1
12267,25,0.8013122648554728,5,1,588,2,0,91,1
12268,48,0.7863639366024132,6,2,531,3,1,45,1
12269,20,0.1910451606552953,3,0,155,3,1,93,0
12270,20,0.6501635325176437,3,1,26,4,0,72,0
12271,61,0.19964801918133412,7,2,152,0,0,53,0
12272,39,0.5833204782437709,7,1,284,0,0,64,1
12273,34,0.6774346844463005,7,1,249,0,0,50,1
12274,53,0.9972350715875868,2,0,428,2,2,88,1
12275,34,0.030541978149738358,2,0,556,4,0,20,0
12276,31,0.09124239411372093,5,0,285,2,0,88,1
12277,68,0.0770266963712315,4,2,505,3,0,38,0
12278,26,0.39836128626674006,7,2,293,3,0,28,0
12279,47,0.8215883614858137,3,0,443,0,1,12,1
12280,38,0.8440563327871357,5,0,287,0,0,72,1
12281,29,0.7369795957211517,2,2,305,4,0,34,0
12282,54,0.8968782418299477,1,0,70,3,0,57,1
12283,49,0.3228599441694525,9,1,162,4,0,57,1
12284,28,0.08815464425229913,4,1,480,3,0,69,0
12285,37,0.058153027989850115,8,1,587,1,2,31,0
12286,52,0.8521327196193863,7,2,342,4,1,99,1
12287,70,0.7304362943536913,1,0,516,1,2,17,1
12288,64,0.6986153060111209,10,1,106,2,0,90,0
12289,63,0.3396763385456688,7,2,497,3,1,11,1
12290,28,0.3799051886182262,2,0,0,1,0,84,0
12291,69,0.9581135288993192,3,0,597,2,0,31,1
12292,25,0.06380474409793502,1,1,475,4,0,40,1
12293,21,0.7737317369377926,7,0,452,1,1,71,1
12294,44,0.30963332370839314,3,0,64,1,0,60,0
12295,61,0.039054618412556086,6,1,484,2,0,86,1
12296,57,0.742570110742456,7,1,421,1,1,18,1
12297,55,0.3309118856783746,3,0,535,2,1,5,1
12298,64,0.7221475187427966,2,2,150,3,2,43,1
12299,47,0.7076543831181201,9,2,390,3,0,23,1
12300,61,0.5347868754331151,9,1,414,3,0,71,1
12301,65,0.7773731292105488,7,0,6,1,0,90,1
12302,65,0.5810383241712435,5,1,515,1,0,51,1
12303,44,0.2866368528482607,4,2,465,0,0,55,1
12304,38,0.734115301064419,4,2,103,0,0,69,0
12305,69,0.5891398158777236,1,0,463,2,1,11,1
12306,37,0.012727281689920544,4,1,563,1,0,97,0
12307,21,0.9016441777703094,7,1,593,2,0,51,1
12308,28,0.5456436183243134,5,2,559,4,0,11,1
12309,30,0.8686272654795317,9,1,350,1,0,77,1
12310,26,0.8827368389822446,4,1,365,4,0,62,0
12311,21,0.4449666567350885,3,1,181,1,0,60,0
12312,29,0.5076599964512309,6,0,242,3,0,84,0
12313,26,0.4157543876756019,4,2,219,2,1,73,1
12314,30,0.4494367753080455,2,1,207,0,2,38,0
12315,65,0.8951471589717278,5,0,181,3,0,52,0
12316,43,0.788144013967911,4,1,428,0,0,42,0
12317,55,0.12652567631557798,5,1,34,1,0,44,0
12318,59,0.6103077815400959,9,2,420,4,1,87,1
12319,30,0.9959066403863422,4,0,202,4,0,33,1
12320,56,0.5955507012324858,6,1,161,3,0,89,1
12321,45,0.7858716255931055,4,2,407,0,2,41,1
12322,36,0.7690614733811709,1,0,348,2,0,11,1
12323,41,0.35031752587232856,2,1,3,2,0,84,1
12324,36,0.3718493027039589,6,2,360,2,2,81,1
12325,66,0.7240764217904032,8,1,589,0,0,43,0
12326,30,0.4999835316048351,9,1,357,4,1,22,1
12327,30,0.570570709130388,4,0,35,4,1,14,0
12328,45,0.7129057903648376,6,2,334,3,2,60,1
12329,70,0.7775750270390502,3,0,290,0,1,27,1
12330,19,0.27151657773307136,9,1,284,1,1,91,1
12331,27,0.14679375943696293,8,2,35,1,0,60,1
12332,39,0.29179464672372524,1,1,323,2,0,37,0
12333,30,0.5075383250920755,2,1,462,4,0,49,0
12334,26,0.3421413172970391,10,1,394,4,0,80,1
12335,50,0.5683627588475938,9,2,566,0,0,88,1
12336,31,0.053465724125628444,10,1,48,0,1,38,0
12337,65,0.5097504116137672,3,2,462,3,0,10,0
12338,37,0.3679849069377079,3,1,312,0,0,14,0
12339,32,0.5346667548928824,10,0,354,3,0,78,0
12340,49,0.4225333548849768,9,2,342,2,0,71,0
12341,50,0.28422585063754247,3,1,54,2,0,42,1
12342,34,0.9041079054576358,10,0,311,4,0,96,0
12343,41,0.1847649884213569,5,2,259,4,0,83,1
12344,47,0.6813655755805597,6,0,87,4,1,48,0
12345,30,0.9246447125824141,3,1,319,1,0,13,1
12346,64,0.5386699596854331,10,0,389,3,0,72,0
12347,65,0.8764084885794821,8,1,269,2,2,34,0
12348,33,0.12485147843328437,2,1,459,3,1,66,0
12349,19,0.4937887702564081,6,2,360,1,0,37,0
12350,34,0.4570252804809394,2,1,125,1,0,16,1
12351,49,0.008118807036994857,9,1,184,2,1,68,0
12352,60,0.4432573413593345,6,2,364,2,0,80,1
12353,25,0.36902975638259783,9,2,541,4,0,39,1
12354,69,0.6697987277746154,4,1,7,1,0,66,0
12355,20,0.9383297785765186,3,1,413,4,0,21,1
12356,29,0.08579108826203652,2,2,131,2,2,38,0
12357,37,0.3274763867146231,8,2,355,1,0,87,1
12358,33,0.4440647373942519,4,0,322,1,0,65,1
12359,31,0.4551853780343833,2,0,101,0,1,88,0
12360,33,0.7748097208422537,9,0,465,1,2,94,1
12361,70,0.4433956658334408,8,2,428,4,0,66,1
12362,66,0.027161301453653364,5,2,74,0,0,99,1
12363,60,0.7101040945928313,8,2,99,1,1,14,1
12364,66,0.8848296951456717,5,0,235,0,0,54,0
12365,68,0.5139047125496728,7,1,268,1,1,76,0
12366,71,0.5811085216985054,5,1,566,3,0,56,0
12367,50,0.16293643896904608,5,1,253,4,0,11,1
12368,47,0.22064594467895704,4,2,328,4,0,46,1
12369,29,0.23517023912461177,5,1,298,0,0,61,0
12370,32,0.4307419748812953,7,1,369,3,1,37,0
12371,35,0.9281452208956421,3,2,258,0,0,58,1
12372,45,0.521784766714886,4,2,227,0,1,90,1
12373,40,0.19209764520135264,8,2,376,2,0,59,0
12374,31,0.2660877358689496,6,2,144,0,0,13,1
12375,47,0.38401502972718426,8,2,79,1,0,49,0
12376,50,0.6232589756927994,2,0,38,2,0,42,0
12377,62,0.44003315300400536,9,2,96,2,0,23,0
12378,32,0.39244484417692493,7,1,245,0,0,48,1
12379,24,0.5647286003989948,5,1,332,2,0,66,0
12380,32,0.24183499495446548,7,0,587,4,0,17,1
12381,69,0.07890327258458218,2,2,402,2,0,90,1
12382,59,0.024414314822222116,4,1,277,2,1,39,1
12383,63,0.25125916346712707,7,1,7,1,1,53,1
12384,55,0.0915920341444687,2,2,363,4,0,45,0
12385,63,0.3363406385207668,8,0,451,2,0,59,1
12386,73,0.7729335403597556,10,2,251,1,0,83,0
12387,74,0.7162943304868383,10,2,17,4,0,19,0
12388,71,0.6109276227880288,5,2,389,2,0,18,1
12389,61,0.8525002438794788,5,2,241,0,0,98,1
12390,28,0.2820676245442767,8,2,252,2,1,63,0
12391,46,0.8850537530299657,1,0,3,4,0,50,0
12392,48,0.39923916966917916,6,1,372,2,0,82,1
12393,42,0.40089331826662655,2,2,424,4,0,32,1
12394,69,0.4053516136255215,1,1,178,0,1,63,0
12395,71,0.09809436624098145,7,1,11,2,0,42,0
12396,41,0.9754904983310557,4,2,292,4,0,44,0
12397,74,0.1385067778251592,1,1,258,1,1,55,1
12398,36,0.3408857244691845,10,2,428,2,1,73,1
12399,19,0.31930032032675715,6,2,596,0,0,92,0
12400,39,0.07467943281670963,10,2,294,1,2,13,0
12401,37,0.15226013011187667,6,0,332,2,0,15,1
12402,50,0.044858336185385816,3,2,111,4,0,24,0
12403,25,0.29240449356051346,6,2,205,3,1,38,1
12404,42,0.8666569240289065,10,1,221,1,1,73,1
12405,63,0.3394422057373845,9,0,529,4,0,37,1
12406,26,0.12369183206737921,6,1,12,1,1,32,1
12407,51,0.645693868383918,1,1,269,2,1,57,1
12408,74,0.9966009120549105,10,2,552,0,2,40,1
12409,40,0.23232378953192756,6,0,39,0,0,45,0
12410,22,0.27957100537056945,8,0,504,1,0,34,1
12411,72,0.9718470542807885,7,2,214,3,0,31,1
12412,42,0.17877628755048713,8,0,303,2,0,54,1
12413,25,0.5112140674591639,8,2,521,4,0,15,1
12414,33,0.2396521330160949,9,0,120,2,0,21,1
12415,71,0.9323518979012438,3,0,309,3,0,54,0
12416,65,0.981521014576294,7,2,304,4,0,36,0
12417,62,0.8146978461200154,6,0,425,3,0,27,1
12418,69,0.31478381581281056,2,0,458,2,0,49,1
12419,32,0.403487475280505,5,0,595,2,0,22,0
12420,18,0.24230568366642136,3,1,201,1,0,26,0
12421,39,0.8907579670089915,5,2,561,3,0,32,1
12422,20,0.9145582776881581,9,1,411,0,0,53,1
12423,55,0.4188706622460472,8,0,219,3,0,46,1
12424,71,0.6565330699030019,9,0,154,3,1,19,1
12425,31,0.16555317977469386,9,1,323,4,0,24,1
12426,53,0.434935900363409,8,0,339,4,0,36,0
12427,35,0.6314991066734976,8,0,389,1,2,91,0
12428,64,0.38540311851801956,6,2,185,0,0,60,0
12429,58,0.3575995256864599,6,0,133,2,0,76,0
12430,35,0.0009989922669426665,6,2,146,0,1,57,0
12431,20,0.8042934637771141,10,2,112,0,1,47,1
12432,27,0.8893376120214482,6,1,528,0,0,86,1
12433,66,0.9694635295458321,9,1,432,1,1,91,1
12434,56,0.7192713850692155,10,0,386,1,0,26,0
12435,64,0.5487923123698846,1,1,365,0,2,24,1
12436,18,0.2692845198087094,10,2,33,2,0,84,0
12437,44,0.9992994759634984,6,1,61,2,0,5,1
12438,74,0.5897528545321056,8,2,443,2,0,55,1
12439,44,0.6811540723304462,1,1,195,1,0,61,1
12440,28,0.6824061619553177,6,0,86,4,2,46,0
12441,66,0.8452517957571815,9,1,253,2,0,56,1
12442,22,0.00967253884691921,6,0,126,4,1,81,0
12443,24,0.22024694043137183,2,1,161,0,0,99,1
12444,36,0.665534000170014,1,2,315,2,1,30,0
12445,74,0.8951457368245678,4,1,171,0,0,92,1
12446,73,0.6853387819213562,6,1,398,0,0,96,1
12447,46,0.41349129149368014,10,2,330,3,1,67,1
12448,32,0.3615554958702616,10,2,358,0,0,65,1
12449,52,0.7379480082833204,9,1,251,0,0,92,1
12450,64,0.7412376971371935,5,2,8,1,0,66,0
12451,54,0.6070579925056904,7,2,238,0,0,71,0
12452,72,0.29146702409733705,6,1,34,2,1,65,1
12453,29,0.9251548183905436,6,0,382,1,0,50,0
12454,47,0.5518799421186391,9,1,200,3,0,53,0
12455,37,0.7904923562483306,5,1,232,3,0,28,1
12456,54,0.21430826216183163,2,0,495,0,0,50,0
12457,20,0.34404078861472787,8,1,76,4,0,61,1
12458,26,0.8745795163873424,3,1,217,3,0,76,0
12459,58,0.050107029939968406,9,2,373,3,0,18,1
12460,56,0.5123153112566621,5,1,52,3,0,6,0
12461,43,0.481705479844009,1,0,595,2,0,10,1
12462,19,0.7512301889080821,4,0,257,4,0,80,1
12463,40,0.2818937705993324,9,2,131,0,0,65,1
12464,40,0.21906682185959947,1,1,394,0,0,40,0
12465,38,0.9261328387732337,8,1,594,1,0,94,1
12466,33,0.5717096519584648,8,1,248,2,0,97,0
12467,26,0.1046895682836545,9,1,397,4,0,72,1
12468,30,0.19303616221432107,9,0,68,1,0,34,0
12469,45,0.9988260595142483,6,0,422,4,0,52,1
12470,44,0.1956089962521924,5,2,339,3,0,20,1
12471,68,0.6104755113536787,7,1,373,4,1,68,1
12472,69,0.4201280789956181,9,0,273,1,0,12,0
12473,34,0.8855990948498353,5,1,256,2,0,39,1
12474,55,0.7551685922953277,3,0,515,2,0,28,1
12475,53,0.5969513962618158,9,0,267,3,0,35,1
12476,18,0.010738981797982494,10,2,356,0,0,38,1
12477,35,0.8797952074934596,1,1,307,1,0,9,0
12478,68,0.44466747083871627,1,2,526,0,0,18,0
12479,26,0.9315776530185765,10,2,490,3,0,41,1
12480,30,0.4955390128542012,4,2,197,4,0,85,0
12481,57,0.6942244891827255,2,2,350,4,0,24,0
12482,72,0.06929264946664215,7,2,217,3,1,69,0
12483,62,0.7451516535267858,2,2,7,2,0,20,0
12484,32,0.3379960313119229,7,2,230,1,1,91,0
12485,60,0.35135901433178085,8,1,92,3,0,15,1
12486,61,0.11865584470938995,8,2,15,3,1,72,0
12487,63,0.14685714864020227,3,1,195,1,0,48,0
12488,21,0.18575905620621014,9,1,463,2,0,91,1
12489,50,0.3282061685714224,10,0,204,2,0,99,0
12490,41,0.8919699127756054,10,2,579,1,0,65,1
12491,53,0.36826023823008047,10,1,126,0,0,35,0
12492,68,0.7243627065632184,6,0,159,4,1,73,0
12493,58,0.0827475038898714,4,0,500,1,0,95,0
12494,27,0.5910987992719926,8,2,465,2,1,97,1
12495,53,0.48189123127043954,4,2,497,0,0,81,1
12496,37,0.9779579469545046,4,2,447,3,0,65,0
12497,58,0.846207769878963,8,2,463,3,0,13,0
12498,62,0.45482977243864975,4,1,341,3,0,54,1
12499,61,0.7751427640453388,1,1,507,4,1,22,1
12500,28,0.19303874129377752,6,2,283,2,1,19,1
12501,29,0.5623363273917781,8,2,150,0,1,28,1
12502,35,0.07461905556870818,3,1,574,2,0,99,0
12503,47,0.3480890322516831,2,2,212,4,1,51,0
12504,61,0.2258621816221703,6,0,584,4,0,75,0
12505,65,0.7189098153252109,1,1,321,1,0,77,1
12506,54,0.49009069121436144,5,0,187,2,0,84,0
12507,37,0.7510704788480105,6,0,571,3,0,38,1
12508,42,0.5152954376314456,8,0,182,1,1,27,0
12509,29,0.08648444215163853,7,0,383,2,1,24,0
12510,38,0.7353676497325268,6,2,24,1,0,49,0
12511,42,0.8332292639878056,2,2,536,1,0,40,1
12512,28,0.9035312259127926,8,2,313,0,0,50,0
12513,26,0.5719919453067082,8,2,37,1,0,13,0
12514,67,0.7535853589994951,5,1,301,4,0,18,0
12515,42,0.7520443368826271,3,2,368,3,0,47,1
12516,52,0.15574975979894434,8,1,99,0,2,88,1
12517,69,0.16422068745957075,5,0,387,1,0,81,0
12518,49,0.07088550580912611,3,1,445,0,0,65,1
12519,66,0.31991363514030147,9,2,469,3,2,85,1
12520,31,0.4735085877410645,9,0,54,3,0,26,1
12521,18,0.9978978527542169,7,0,495,0,0,9,1
12522,34,0.4309933420681695,8,2,583,2,0,63,0
12523,42,0.7262425885073709,5,0,126,3,1,36,0
12524,25,0.6933970262725346,5,0,320,4,1,97,0
12525,22,0.20448195025057958,5,0,67,4,1,80,0
12526,22,0.05850715144943641,2,1,395,1,1,39,0
12527,58,0.5460067515335875,3,0,152,2,2,8,0
12528,52,0.7003055923144761,8,0,148,2,1,85,1
12529,36,0.998251790186256,6,1,402,1,1,89,1
12530,40,0.35861105228117074,9,2,225,3,0,86,0
12531,26,0.8963645620810967,7,1,309,0,0,51,0
12532,71,0.38193245586918645,6,1,418,2,2,77,0
12533,47,0.6894117084305128,4,2,514,2,1,82,1
12534,67,0.598252930517052,7,2,288,3,1,58,1
12535,33,0.052978793302596916,4,1,200,0,0,64,1
12536,50,0.0783884269702585,7,0,518,4,0,55,1
12537,19,0.020764089724460977,5,2,167,2,0,92,0
12538,31,0.3708340845939895,2,0,336,3,0,17,1
12539,63,0.7458010487660107,7,2,294,2,0,39,1
12540,18,0.1727553939907227,8,0,379,4,0,20,0
12541,43,0.6058529683838958,10,1,10,1,1,72,0
12542,42,0.2888277800310779,2,1,356,3,1,7,0
12543,33,0.7969926239790721,6,1,130,0,0,66,1
12544,32,0.7983961490029909,4,1,204,1,0,83,1
12545,43,0.7754145149664236,5,2,435,0,1,35,1
12546,64,0.5248335138013768,1,1,315,4,0,5,0
12547,61,0.2845667100798517,6,0,313,0,0,66,0
12548,33,0.8094440438786346,8,1,485,2,0,5,1
12549,31,0.18610056193924152,2,1,110,4,0,37,0
12550,46,0.289759602028656,1,1,289,1,0,94,0
12551,41,0.18394770616062162,9,1,246,2,2,46,1
12552,64,0.6742101603876477,2,2,411,2,1,69,0
12553,72,0.6862360281158181,8,2,572,4,0,20,0
12554,32,0.652509992786753,5,2,449,0,0,41,1
12555,36,0.4156014668646678,2,0,420,0,0,56,1
12556,25,0.10017100720143324,5,0,399,1,0,39,1
12557,51,0.9111695845150212,9,1,455,4,0,76,1
12558,19,0.5077309640122382,6,0,124,1,0,51,1
12559,44,0.4069721949110915,3,0,259,3,0,6,1
12560,27,0.5888248932482932,8,0,534,4,0,48,0
12561,52,0.19279043581910582,1,0,79,3,2,57,1
12562,40,0.1325487791048744,9,2,271,1,0,86,0
12563,66,0.40552522145794356,9,2,564,3,0,78,0
12564,25,0.22722069409991053,4,0,417,3,0,14,0
12565,45,0.24429029453716455,8,0,401,2,2,49,1
12566,40,0.8925114877785294,3,2,52,2,0,80,1
12567,21,0.5307591771858249,6,1,271,1,0,62,1
12568,31,0.4834690643233511,10,2,227,1,1,28,0
12569,70,0.6894795937285974,10,0,370,0,0,26,1
12570,59,0.9515481136767396,8,0,191,3,0,45,0
12571,46,0.11219856447056409,9,0,22,0,2,9,1
12572,18,0.8335345671092572,8,2,551,0,0,90,1
12573,21,0.5840191798678459,9,0,335,4,0,8,1
